"SNOHandle_","SNOHandle_Id","PRTransform_","PRTransform_Quaternion_","PRTransform_Quaternion_W","PRTransform_Quaternion_Vector3D_","PRTransform_Quaternion_Vector3D_X","PRTransform_Quaternion_Vector3D_Y","PRTransform_Quaternion_Vector3D_Z","PRTransform_Vector3D_","PRTransform_Vector3D_X","PRTransform_Vector3D_Y","PRTransform_Vector3D_Z","SceneSpecification_","SceneSpecification_CellZ","SceneSpecification_Cell_","SceneSpecification_Cell_X","SceneSpecification_Cell_Y","SceneSpecification_SNOLevelAreas_0","SceneSpecification_SNOLevelAreas_1","SceneSpecification_SNOLevelAreas_2","SceneSpecification_SNOLevelAreas_3","SceneSpecification_SNOPrevWorld","SceneSpecification_Unknown1","SceneSpecification_SNOPrevLevelArea","SceneSpecification_SNONextWorld","SceneSpecification_Unknown2","SceneSpecification_SNONextLevelArea","SceneSpecification_SNOMusic","SceneSpecification_SNOCombatMusic","SceneSpecification_SNOAmbient","SceneSpecification_SNOReverb","SceneSpecification_SNOWeather","SceneSpecification_SNOPresetWorld","SceneSpecification_Unknown3","SceneSpecification_Unknown4","SceneSpecification_Unknown5","SceneSpecification_ClusterID","SceneSpecification_SceneCachedValues_","SceneSpecification_SceneCachedValues_Unknown1","SceneSpecification_SceneCachedValues_Unknown2","SceneSpecification_SceneCachedValues_Unknown3","SceneSpecification_SceneCachedValues_AABB1_","SceneSpecification_SceneCachedValues_AABB1_Min_","SceneSpecification_SceneCachedValues_AABB1_Min_X","SceneSpecification_SceneCachedValues_AABB1_Min_Y","SceneSpecification_SceneCachedValues_AABB1_Min_Z","SceneSpecification_SceneCachedValues_AABB1_Max_","SceneSpecification_SceneCachedValues_AABB1_Max_X","SceneSpecification_SceneCachedValues_AABB1_Max_Y","SceneSpecification_SceneCachedValues_AABB1_Max_Z","SceneSpecification_SceneCachedValues_AABB2_","SceneSpecification_SceneCachedValues_AABB2_Min_","SceneSpecification_SceneCachedValues_AABB2_Min_X","SceneSpecification_SceneCachedValues_AABB2_Min_Y","SceneSpecification_SceneCachedValues_AABB2_Min_Z","SceneSpecification_SceneCachedValues_AABB2_Max_","SceneSpecification_SceneCachedValues_AABB2_Max_X","SceneSpecification_SceneCachedValues_AABB2_Max_Y","SceneSpecification_SceneCachedValues_AABB2_Max_Z","SceneSpecification_SceneCachedValues_Unknown4_0","SceneSpecification_SceneCachedValues_Unknown4_1","SceneSpecification_SceneCachedValues_Unknown4_2","SceneSpecification_SceneCachedValues_Unknown4_3","SceneSpecification_SceneCachedValues_Unknown5","Id"
"True","33065","True","True","1","True","0","0","0","True","0","-240","0","True","0","True","0","0","19787","-1","-1","-1","-1","0","-1","-1","0","-1","-1","-1","-1","-1","50542","-1","-1","-1","0","-1","True","0","0","0","True","True","0","0","0","True","0","0","0","True","True","0","0","0","True","0","0","0","0","0","0","0","0","1"
"True","33082","True","True","1","True","0","0","0","True","480","-240","0.00003051758","True","0","True","0","0","19787","-1","-1","-1","50584","171","-1","-1","0","-1","-1","-1","-1","-1","50542","-1","-1","-1","0","-1","True","0","0","0","True","True","0","0","0","True","0","0","0","True","True","0","0","0","True","0","0","0","0","0","0","0","0","2"
"True","33098","True","True","1","True","0","0","0","True","-240","0","0","True","0","True","0","0","19787","-1","-1","-1","-1","0","-1","-1","0","-1","-1","-1","-1","-1","50542","-1","-1","-1","0","-1","True","0","0","0","True","True","0","0","0","True","0","0","0","True","True","0","0","0","True","0","0","0","0","0","0","0","0","3"
"True","33061","True","True","1","True","0","0","0","True","-480","-720","0","True","0","True","0","0","-1","-1","-1","-1","-1","0","-1","-1","0","-1","-1","-1","-1","-1","-1","-1","-1","-1","0","-1","True","0","0","0","True","True","0","0","0","True","0","0","0","True","True","0","0","0","True","0","0","0","0","0","0","0","0","4"
"True","33061","True","True","1","True","0","0","0","True","-480","-240","0","True","0","True","0","0","-1","-1","-1","-1","-1","0","-1","-1","0","-1","-1","-1","-1","-1","-1","-1","-1","-1","0","-1","True","0","0","0","True","True","0","0","0","True","0","0","0","True","True","0","0","0","True","0","0","0","0","0","0","0","0","5"
"True","33062","True","True","1","True","0","0","0","True","0","-480","0.00003051758","True","0","True","0","0","-1","-1","-1","-1","-1","0","-1","-1","0","-1","-1","-1","-1","-1","-1","-1","-1","-1","0","-1","True","0","0","0","True","True","0","0","0","True","0","0","0","True","True","0","0","0","True","0","0","0","0","0","0","0","0","6"
"True","33061","True","True","1","True","0","0","0","True","-480","0","0","True","0","True","0","0","-1","-1","-1","-1","-1","0","-1","-1","0","-1","-1","-1","-1","-1","-1","-1","-1","-1","0","-1","True","0","0","0","True","True","0","0","0","True","0","0","0","True","True","0","0","0","True","0","0","0","0","0","0","0","0","7"
"True","33063","True","True","1","True","0","0","0","True","-480","-480","0","True","0","True","0","0","-1","-1","-1","-1","-1","0","-1","-1","0","-1","-1","-1","-1","-1","-1","-1","-1","-1","0","-1","True","0","0","0","True","True","0","0","0","True","0","0","0","True","True","0","0","0","True","0","0","0","0","0","0","0","0","8"
"True","33098","True","True","1","True","0","0","0","True","240","0","-0.00003051758","True","0","True","0","0","19787","-1","-1","-1","-1","0","-1","-1","0","-1","-1","-1","-1","-1","50542","-1","-1","-1","0","-1","True","0","0","0","True","True","0","0","0","True","0","0","0","True","True","0","0","0","True","0","0","0","0","0","0","0","0","9"
"True","33062","True","True","1","True","0","0","0","True","0","0","0","True","0","True","0","0","-1","-1","-1","-1","-1","0","-1","-1","0","-1","-1","-1","-1","-1","-1","-1","-1","-1","0","-1","True","0","0","0","True","True","0","0","0","True","0","0","0","True","True","0","0","0","True","0","0","0","0","0","0","0","0","10"
"True","33062","True","True","1","True","0","0","0","True","480","-480","0","True","0","True","0","0","-1","-1","-1","-1","-1","0","-1","-1","0","-1","-1","-1","-1","-1","-1","-1","-1","-1","0","-1","True","0","0","0","True","True","0","0","0","True","0","0","0","True","True","0","0","0","True","0","0","0","0","0","0","0","0","11"
"True","1889","True","True","1","True","0","0","0","True","240","-480","0","True","0","True","0","0","19787","-1","-1","-1","-1","0","-1","-1","0","-1","-1","-1","-1","-1","50542","-1","-1","-1","0","-1","True","0","0","0","True","True","0","0","0","True","0","0","0","True","True","0","0","0","True","0","0","0","0","0","0","0","0","12"
"True","33072","True","True","1","True","0","0","0","True","240","-240","0","True","0","True","0","0","19787","-1","-1","-1","-1","0","-1","-1","0","-1","-1","-1","-1","-1","50542","-1","-1","-1","0","-1","True","0","0","0","True","True","0","0","0","True","0","0","0","True","True","0","0","0","True","0","0","0","0","0","0","0","0","13"
"True","74008","True","True","1","True","0","0","0","True","-240","-240","0","True","0","True","0","0","19787","-1","-1","-1","-1","0","-1","-1","0","-1","-1","-1","-1","-1","50542","-1","-1","-1","0","-1","True","0","0","0","True","True","0","0","0","True","0","0","0","True","True","0","0","0","True","0","0","0","0","0","0","0","0","14"
"True","33198","True","True","1","True","0","0","0","True","0","0","0","True","0","True","0","0","-1","-1","-1","-1","-1","0","-1","-1","0","-1","-1","-1","-1","-1","-1","-1","-1","-1","0","-1","True","0","0","0","True","True","0","0","0","True","0","0","0","True","True","0","0","0","True","0","0","0","0","0","0","0","0","15"
"True","62985","True","True","1","True","0","0","0","True","0","240","0","True","0","True","0","0","60601","-1","-1","-1","71150","0","-1","-1","0","-1","-1","-1","-1","-1","50542","-1","-1","-1","0","-1","True","0","0","0","True","True","0","0","0","True","0","0","0","True","True","0","0","0","True","0","0","0","0","0","0","0","0","16"
"True","60885","True","True","1","True","0","0","0","True","-10","50","-0.00003051758","True","0","True","0","0","60714","-1","-1","-1","50579","0","-1","-1","0","-1","-1","-1","-1","-1","50535","-1","-1","-1","0","-1","True","0","0","0","True","True","0","0","0","True","0","0","0","True","True","0","0","0","True","0","0","0","0","0","0","0","0","17"
"True","61490","True","True","1","True","0","0","0","True","-80","0","0","True","0","True","0","0","149669","-1","-1","-1","-1","0","-1","-1","0","-1","-1","-1","-1","-1","-1","-1","-1","-1","0","-1","True","0","0","0","True","True","0","0","0","True","0","0","0","True","True","0","0","0","True","0","0","0","0","0","0","0","0","18"
"True","81866","True","True","1","True","0","0","0","True","0","360","0.00003051758","True","0","True","0","0","62968","-1","-1","-1","71150","8","19929","-1","-1","-1","178035","-1","-1","-1","-1","-1","-1","-1","0","-1","True","0","0","0","True","True","0","0","0","True","0","0","0","True","True","0","0","0","True","0","0","0","0","0","0","0","0","19"
"True","33347","True","True","1","True","0","0","0","True","3120","2160","0","True","0","True","0","0","202446","-1","19947","-1","-1","0","-1","-1","0","-1","137975","-1","160591","-1","78368","-1","-1","-1","0","-1","True","0","0","0","True","True","0","0","0","True","0","0","0","True","True","0","0","0","True","0","0","0","0","0","0","0","0","20"
"True","33348","True","True","1","True","0","0","0","True","3360","2160","0","True","0","True","0","0","19947","156038","202446","-1","-1","0","-1","-1","0","-1","-1","-1","160591","-1","78368","-1","-1","-1","0","-1","True","0","0","0","True","True","0","0","0","True","0","0","0","True","True","0","0","0","True","0","0","0","0","0","0","0","0","21"
"True","33349","True","True","1","True","0","0","0","True","3600","2160","0","True","0","True","0","0","19947","156038","-1","-1","-1","0","-1","-1","0","-1","-1","-1","160591","-1","78368","-1","-1","-1","0","-1","True","0","0","0","True","True","0","0","0","True","0","0","0","True","True","0","0","0","True","0","0","0","0","0","0","0","0","22"
"True","33355","True","True","1","True","0","0","0","True","3120","2400","0","True","0","True","0","0","19947","-1","-1","-1","-1","0","-1","-1","0","-1","-1","-1","-1","-1","78368","-1","-1","-1","0","-1","True","0","0","0","True","True","0","0","0","True","0","0","0","True","True","0","0","0","True","0","0","0","0","0","0","0","0","23"
"True","33356","True","True","1","True","0","0","0","True","3360","2400","0","True","0","True","0","0","19947","156038","-1","-1","-1","0","-1","-1","0","-1","-1","-1","-1","-1","78368","-1","-1","-1","0","-1","True","0","0","0","True","True","0","0","0","True","0","0","0","True","True","0","0","0","True","0","0","0","0","0","0","0","0","24"
"True","56593","True","True","1","True","0","0","0","True","2460","840","0","True","0","True","0","0","19952","19952","-1","-1","-1","0","-1","-1","0","-1","141670","-1","161928","-1","63337","-1","-1","-1","0","-1","True","0","0","0","True","True","0","0","0","True","0","0","0","True","True","0","0","0","True","0","0","0","0","0","0","0","0","25"
"True","51263","True","True","1","True","0","0","0","True","2220","120","0","True","0","True","0","0","19952","-1","-1","-1","-1","0","-1","-1","0","-1","141670","-1","161928","-1","50551","-1","-1","-1","0","-1","True","0","0","0","True","True","0","0","0","True","0","0","0","True","True","0","0","0","True","0","0","0","0","0","0","0","0","26"
"True","2847","True","True","1","True","0","0","0","True","2220","360","0","True","0","True","0","0","19952","-1","-1","-1","-1","0","-1","-1","0","-1","141670","-1","161928","-1","50551","-1","-1","-1","0","-1","True","0","0","0","True","True","0","0","0","True","0","0","0","True","True","0","0","0","True","0","0","0","0","0","0","0","0","27"
"True","58969","True","True","1","True","0","0","0","True","1500","-120","0","True","0","True","0","0","19953","61573","-1","-1","-1","0","-1","-1","0","-1","141670","-1","-1","-1","50551","-1","-1","-1","0","-1","True","0","0","0","True","True","0","0","0","True","0","0","0","True","True","0","0","0","True","0","0","0","0","0","0","0","0","28"
"True","58974","True","True","1","True","0","0","0","True","1500","120","0","True","0","True","0","0","19953","61573","-1","-1","-1","0","-1","-1","0","-1","141670","-1","7114","-1","50551","-1","-1","-1","0","-1","True","0","0","0","True","True","0","0","0","True","0","0","0","True","True","0","0","0","True","0","0","0","0","0","0","0","0","29"
"True","60702","True","True","1","True","0","0","0","True","1740","120","0","True","0","True","0","0","19952","61573","-1","-1","-1","0","-1","-1","0","-1","141670","-1","161928","-1","50551","-1","-1","-1","0","-1","True","0","0","0","True","True","0","0","0","True","0","0","0","True","True","0","0","0","True","0","0","0","0","0","0","0","0","30"
"True","60695","True","True","1","True","0","0","0","True","1740","-120","0","True","0","True","0","0","61573","61573","-1","-1","-1","0","-1","-1","0","-1","141670","-1","-1","-1","50551","-1","-1","-1","0","-1","True","0","0","0","True","True","0","0","0","True","0","0","0","True","True","0","0","0","True","0","0","0","0","0","0","0","0","31"
"True","1911","True","True","1","True","0","0","0","True","1980","-600","0","True","0","True","0","0","19952","-1","-1","-1","-1","0","-1","-1","0","-1","141670","-1","161928","-1","50551","-1","-1","-1","0","-1","True","0","0","0","True","True","0","0","0","True","0","0","0","True","True","0","0","0","True","0","0","0","0","0","0","0","0","32"
"True","33482","True","True","1","True","0","0","0","True","2220","-600","-0.0001220703","True","0","True","0","0","19952","-1","-1","-1","-1","0","-1","-1","0","-1","141670","-1","161928","-1","50551","-1","-1","-1","0","-1","True","0","0","0","True","True","0","0","0","True","0","0","0","True","True","0","0","0","True","0","0","0","0","0","0","0","0","33"
"True","59060","True","True","1","True","0","0","0","True","2220","-360","0","True","0","True","0","0","19952","179835","-1","-1","-1","0","-1","-1","0","-1","141670","-1","161928","-1","50551","-1","-1","-1","0","1","True","0","0","0","True","True","0","0","0","True","0","0","0","True","True","0","0","0","True","0","0","0","0","0","0","0","0","34"
"True","33481","True","True","1","True","0","0","0","True","2940","120","0","True","0","True","0","0","19952","-1","-1","-1","-1","0","-1","-1","0","-1","141670","-1","161928","-1","50551","-1","-1","-1","0","-1","True","0","0","0","True","True","0","0","0","True","0","0","0","True","True","0","0","0","True","0","0","0","0","0","0","0","0","35"
"True","33479","True","True","1","True","0","0","0","True","2460","-600","0","True","0","True","0","0","19952","-1","-1","-1","-1","0","-1","-1","0","-1","141670","-1","161928","-1","50551","-1","-1","-1","0","-1","True","0","0","0","True","True","0","0","0","True","0","0","0","True","True","0","0","0","True","0","0","0","0","0","0","0","0","36"
"True","33479","True","True","1","True","0","0","0","True","2940","-120","0","True","0","True","0","0","19952","-1","-1","-1","-1","0","-1","-1","0","-1","141670","-1","161928","-1","50551","-1","-1","-1","0","-1","True","0","0","0","True","True","0","0","0","True","0","0","0","True","True","0","0","0","True","0","0","0","0","0","0","0","0","37"
"True","33480","True","True","1","True","0","0","0","True","2700","-120","0.0001220703","True","0","True","0","0","19952","-1","-1","-1","-1","0","-1","-1","0","-1","141670","-1","161928","-1","50551","-1","-1","-1","0","-1","True","0","0","0","True","True","0","0","0","True","0","0","0","True","True","0","0","0","True","0","0","0","0","0","0","0","0","38"
"True","33478","True","True","1","True","0","0","0","True","2700","360","0","True","0","True","0","0","19952","179835","-1","-1","-1","0","-1","-1","0","-1","141670","-1","161928","-1","50551","-1","-1","-1","0","1","True","0","0","0","True","True","0","0","0","True","0","0","0","True","True","0","0","0","True","0","0","0","0","0","0","0","0","39"
"True","33477","True","True","1","True","0","0","0","True","2940","360","0","True","0","True","0","0","19952","-1","-1","-1","-1","0","-1","-1","0","-1","141670","-1","161928","-1","50551","-1","-1","-1","0","-1","True","0","0","0","True","True","0","0","0","True","0","0","0","True","True","0","0","0","True","0","0","0","0","0","0","0","0","40"
"True","59105","True","True","1","True","0","0","0","True","2700","120","0","True","0","True","0","0","19952","134002","179566","179567","-1","0","-1","-1","0","-1","141670","-1","161928","-1","50551","-1","-1","-1","0","0","True","0","0","0","True","True","0","0","0","True","0","0","0","True","True","0","0","0","True","0","0","0","0","0","0","0","0","41"
"True","59105","True","True","1","True","0","0","0","True","2220","-120","0","True","0","True","0","0","19952","134002","179566","179567","-1","0","-1","-1","0","-1","141670","-1","161928","-1","50551","-1","-1","-1","0","0","True","0","0","0","True","True","0","0","0","True","0","0","0","True","True","0","0","0","True","0","0","0","0","0","0","0","0","42"
"True","62697","True","True","1","True","0","0","0","True","2700","840","0.00006103516","True","0","True","0","0","19952","19954","-1","-1","-1","0","-1","-1","0","-1","141670","-1","161928","-1","63337","-1","-1","-1","0","-1","True","0","0","0","True","True","0","0","0","True","0","0","0","True","True","0","0","0","True","0","0","0","0","0","0","0","0","43"
"True","33250","True","True","1","True","0","0","0","True","3000","3120","0","True","0","True","0","0","19940","-1","-1","-1","-1","0","-1","-1","0","-1","144268","-1","167050","-1","50545","-1","-1","-1","0","-1","True","0","0","0","True","True","0","0","0","True","0","0","0","True","True","0","0","0","True","0","0","0","0","0","0","0","0","44"
"True","60258","True","True","1","True","0","0","0","True","1320","3360","79.99988","True","0","True","0","0","1199","-1","-1","-1","-1","0","-1","-1","0","-1","144268","-1","167050","-1","50545","-1","-1","-1","0","-1","True","0","0","0","True","True","0","0","0","True","0","0","0","True","True","0","0","0","True","0","0","0","0","0","0","0","0","45"
"True","51253","True","True","1","True","0","0","0","True","3000","3360","0.00006103516","True","0","True","0","0","19940","-1","-1","-1","-1","0","-1","-1","0","-1","144268","-1","167050","-1","50545","-1","-1","-1","0","-1","True","0","0","0","True","True","0","0","0","True","0","0","0","True","True","0","0","0","True","0","0","0","0","0","0","0","0","46"
"True","62716","True","True","1","True","0","0","0","True","2520","3600","0.00006103516","True","0","True","0","0","19940","129375","-1","80116","-1","0","-1","-1","0","-1","144268","-1","167050","-1","50545","-1","-1","-1","0","3","True","0","0","0","True","True","0","0","0","True","0","0","0","True","True","0","0","0","True","0","0","0","0","0","0","0","0","47"
"True","74866","True","True","1","True","0","0","0","True","2880","3960","0","True","0","True","0","0","19940","93632","-1","-1","-1","0","-1","-1","0","-1","144268","-1","167050","-1","50545","-1","-1","-1","0","-1","True","0","0","0","True","True","0","0","0","True","0","0","0","True","True","0","0","0","True","0","0","0","0","0","0","0","0","48"
"True","74854","True","True","1","True","0","0","0","True","3000","3960","-0.00003051758","True","0","True","0","0","19940","-1","-1","-1","-1","0","-1","-1","0","-1","144268","-1","167050","-1","50545","-1","-1","-1","0","-1","True","0","0","0","True","True","0","0","0","True","0","0","0","True","True","0","0","0","True","0","0","0","0","0","0","0","0","49"
"True","74864","True","True","1","True","0","0","0","True","2640","4080","0.00003051758","True","0","True","0","0","93632","-1","-1","-1","-1","0","-1","-1","0","-1","144268","-1","-1","-1","50545","-1","-1","-1","0","-1","True","0","0","0","True","True","0","0","0","True","0","0","0","True","True","0","0","0","True","0","0","0","0","0","0","0","0","50"
"True","74860","True","True","1","True","0","0","0","True","2760","4080","-0.00003051758","True","0","True","0","0","93632","-1","-1","-1","-1","0","-1","-1","0","-1","144268","-1","167050","-1","50545","-1","-1","-1","0","-1","True","0","0","0","True","True","0","0","0","True","0","0","0","True","True","0","0","0","True","0","0","0","0","0","0","0","0","51"
"True","74857","True","True","1","True","0","0","0","True","2880","4080","0","True","0","True","0","0","93632","-1","-1","-1","-1","0","-1","-1","0","-1","144268","-1","167050","-1","50545","-1","-1","-1","0","-1","True","0","0","0","True","True","0","0","0","True","0","0","0","True","True","0","0","0","True","0","0","0","0","0","0","0","0","52"
"True","74853","True","True","1","True","0","0","0","True","3000","4080","0","True","0","True","0","0","93632","-1","-1","-1","-1","0","-1","-1","0","-1","144268","-1","-1","-1","50545","-1","-1","-1","0","-1","True","0","0","0","True","True","0","0","0","True","0","0","0","True","True","0","0","0","True","0","0","0","0","0","0","0","0","53"
"True","74856","True","True","1","True","0","0","0","True","2880","4200","-0.00003051758","True","0","True","0","0","93632","-1","-1","-1","-1","0","-1","-1","0","-1","144268","-1","167050","-1","50545","-1","-1","-1","0","-1","True","0","0","0","True","True","0","0","0","True","0","0","0","True","True","0","0","0","True","0","0","0","0","0","0","0","0","54"
"True","74852","True","True","1","True","0","0","0","True","3000","4200","-0.00003051758","True","0","True","0","0","93632","-1","-1","-1","-1","0","-1","-1","0","-1","144268","-1","-1","-1","50545","-1","-1","-1","0","-1","True","0","0","0","True","True","0","0","0","True","0","0","0","True","True","0","0","0","True","0","0","0","0","0","0","0","0","55"
"True","74855","True","True","1","True","0","0","0","True","2880","4320","0","True","0","True","0","0","93632","-1","-1","-1","-1","0","-1","-1","0","-1","144268","-1","167050","-1","50545","-1","-1","-1","0","-1","True","0","0","0","True","True","0","0","0","True","0","0","0","True","True","0","0","0","True","0","0","0","0","0","0","0","0","56"
"True","74851","True","True","1","True","0","0","0","True","3000","4320","0","True","0","True","0","0","93632","-1","-1","-1","-1","0","-1","-1","0","-1","144268","-1","-1","-1","50545","-1","-1","-1","0","-1","True","0","0","0","True","True","0","0","0","True","0","0","0","True","True","0","0","0","True","0","0","0","0","0","0","0","0","57"
"True","74863","True","True","1","True","0","0","0","True","2640","4200","0","True","0","True","0","0","93632","-1","-1","-1","-1","0","-1","-1","0","-1","144268","-1","-1","-1","50545","-1","-1","-1","0","-1","True","0","0","0","True","True","0","0","0","True","0","0","0","True","True","0","0","0","True","0","0","0","0","0","0","0","0","58"
"True","74859","True","True","1","True","0","0","0","True","2760","4200","0.00003051758","True","0","True","0","0","93632","-1","-1","-1","-1","0","-1","-1","0","-1","144268","-1","167050","-1","50545","-1","-1","-1","0","-1","True","0","0","0","True","True","0","0","0","True","0","0","0","True","True","0","0","0","True","0","0","0","0","0","0","0","0","59"
"True","74862","True","True","1","True","0","0","0","True","2640","4320","0","True","0","True","0","0","93632","-1","-1","-1","-1","0","-1","-1","0","-1","144268","-1","167050","-1","50545","-1","-1","-1","0","-1","True","0","0","0","True","True","0","0","0","True","0","0","0","True","True","0","0","0","True","0","0","0","0","0","0","0","0","60"
"True","74858","True","True","1","True","0","0","0","True","2760","4320","-0.00003051758","True","0","True","0","0","93632","-1","-1","-1","-1","0","-1","-1","0","-1","144268","-1","167050","-1","50545","-1","-1","-1","0","-1","True","0","0","0","True","True","0","0","0","True","0","0","0","True","True","0","0","0","True","0","0","0","0","0","0","0","0","61"
"True","74227","True","True","1","True","0","0","0","True","3240","1080","0","True","0","True","0","0","19954","-1","-1","-1","-1","0","-1","-1","0","-1","141670","-1","162552","-1","63337","-1","-1","-1","0","-1","True","0","0","0","True","True","0","0","0","True","0","0","0","True","True","0","0","0","True","0","0","0","0","0","0","0","0","62"
"True","74356","True","True","1","True","0","0","0","True","2880","1560","-0.00006103516","True","0","True","0","0","19954","-1","-1","-1","-1","0","-1","-1","0","-1","141670","-1","162552","-1","63337","-1","-1","-1","0","-1","True","0","0","0","True","True","0","0","0","True","0","0","0","True","True","0","0","0","True","0","0","0","0","0","0","0","0","63"
"True","74234","True","True","1","True","0","0","0","True","3360","1440","0","True","0","True","0","0","19954","145066","145057","-1","-1","0","-1","-1","0","-1","141670","-1","162552","-1","63337","-1","-1","-1","0","7","True","0","0","0","True","True","0","0","0","True","0","0","0","True","True","0","0","0","True","0","0","0","0","0","0","0","0","64"
"True","74234","True","True","1","True","0","0","0","True","3240","1320","-0.00003051758","True","0","True","0","0","19954","145066","145057","-1","-1","0","-1","-1","0","-1","141670","-1","162552","-1","63337","-1","-1","-1","0","7","True","0","0","0","True","True","0","0","0","True","0","0","0","True","True","0","0","0","True","0","0","0","0","0","0","0","0","65"
"True","75283","True","True","1","True","0","0","0","True","3000","1560","0","True","0","True","0","0","19954","-1","-1","-1","-1","0","-1","-1","0","-1","141670","-1","162552","-1","63337","-1","-1","-1","0","-1","True","0","0","0","True","True","0","0","0","True","0","0","0","True","True","0","0","0","True","0","0","0","0","0","0","0","0","66"
"True","74234","True","True","1","True","0","0","0","True","3000","1440","-0.00003051758","True","0","True","0","0","19954","145066","145057","-1","-1","0","-1","-1","0","-1","141670","-1","162552","-1","63337","-1","-1","-1","0","7","True","0","0","0","True","True","0","0","0","True","0","0","0","True","True","0","0","0","True","0","0","0","0","0","0","0","0","67"
"True","74363","True","True","1","True","0","0","0","True","3120","1560","0.00003051758","True","0","True","0","0","19954","-1","-1","-1","-1","0","-1","-1","0","-1","141670","-1","162552","-1","63337","-1","-1","-1","0","-1","True","0","0","0","True","True","0","0","0","True","0","0","0","True","True","0","0","0","True","0","0","0","0","0","0","0","0","68"
"True","74234","True","True","1","True","0","0","0","True","3360","1320","-0.00003051758","True","0","True","0","0","19954","145066","145057","-1","-1","0","-1","-1","0","-1","141670","-1","162552","-1","63337","-1","-1","-1","0","7","True","0","0","0","True","True","0","0","0","True","0","0","0","True","True","0","0","0","True","0","0","0","0","0","0","0","0","69"
"True","74307","True","True","1","True","0","0","0","True","3480","1200","0","True","0","True","0","0","19954","-1","-1","-1","-1","0","-1","-1","0","-1","141670","-1","162552","-1","63337","-1","-1","-1","0","-1","True","0","0","0","True","True","0","0","0","True","0","0","0","True","True","0","0","0","True","0","0","0","0","0","0","0","0","70"
"True","75297","True","True","1","True","0","0","0","True","3480","1560","0","True","0","True","0","0","19954","-1","-1","-1","-1","0","-1","-1","0","-1","141670","-1","162552","-1","63337","-1","-1","-1","0","-1","True","0","0","0","True","True","0","0","0","True","0","0","0","True","True","0","0","0","True","0","0","0","0","0","0","0","0","71"
"True","74234","True","True","1","True","0","0","0","True","3360","1560","0","True","0","True","0","0","19954","145066","145057","-1","-1","0","-1","-1","0","-1","141670","-1","162552","-1","63337","-1","-1","-1","0","7","True","0","0","0","True","True","0","0","0","True","0","0","0","True","True","0","0","0","True","0","0","0","0","0","0","0","0","72"
"True","74329","True","True","1","True","0","0","0","True","3120","1200","0","True","0","True","0","0","19954","-1","-1","-1","-1","0","-1","-1","0","-1","141670","-1","162552","-1","63337","-1","-1","-1","0","-1","True","0","0","0","True","True","0","0","0","True","0","0","0","True","True","0","0","0","True","0","0","0","0","0","0","0","0","73"
"True","33342","True","True","1","True","0","0","0","True","3360","1920","0","True","0","True","0","0","19947","-1","-1","-1","-1","0","-1","-1","0","-1","-1","-1","160591","-1","78368","-1","-1","-1","0","23","True","0","0","0","True","True","0","0","0","True","0","0","0","True","True","0","0","0","True","0","0","0","0","0","0","0","0","74"
"True","1904","True","True","1","True","0","0","0","True","3120","1920","0","True","0","True","0","0","19947","-1","-1","-1","-1","0","-1","-1","0","-1","-1","-1","-1","-1","78368","-1","-1","-1","0","-1","True","0","0","0","True","True","0","0","0","True","0","0","0","True","True","0","0","0","True","0","0","0","0","0","0","0","0","75"
"True","74536","True","True","1","True","0","0","0","True","1560","2880","0","True","0","True","0","0","19943","1199","-1","-1","-1","0","-1","-1","0","-1","144269","-1","167050","-1","50545","-1","-1","-1","0","-1","True","0","0","0","True","True","0","0","0","True","0","0","0","True","True","0","0","0","True","0","0","0","0","0","0","0","0","76"
"True","74533","True","True","1","True","0","0","0","True","1320","2880","0","True","0","True","0","0","19943","1199","-1","-1","-1","0","-1","-1","0","-1","144269","-1","167050","-1","50545","-1","-1","-1","0","-1","True","0","0","0","True","True","0","0","0","True","0","0","0","True","True","0","0","0","True","0","0","0","0","0","0","0","0","77"
"True","74527","True","True","1","True","0","0","0","True","1560","2640","0","True","0","True","0","0","19943","-1","-1","-1","-1","0","-1","-1","0","-1","144269","-1","167050","-1","50545","-1","-1","-1","0","-1","True","0","0","0","True","True","0","0","0","True","0","0","0","True","True","0","0","0","True","0","0","0","0","0","0","0","0","78"
"True","74524","True","True","1","True","0","0","0","True","1320","2640","0","True","0","True","0","0","19943","-1","-1","-1","-1","0","-1","-1","0","-1","144269","-1","167050","-1","50545","-1","-1","-1","0","-1","True","0","0","0","True","True","0","0","0","True","0","0","0","True","True","0","0","0","True","0","0","0","0","0","0","0","0","79"
"True","33343","True","True","1","True","0","0","0","True","3600","1920","0","True","0","True","0","0","19947","-1","-1","-1","-1","0","-1","-1","0","-1","-1","-1","-1","-1","78368","-1","-1","-1","0","-1","True","0","0","0","True","True","0","0","0","True","0","0","0","True","True","0","0","0","True","0","0","0","0","0","0","0","0","80"
"True","74620","True","True","1","True","0","0","0","True","2520","1080","0","True","0","True","0","0","19952","72712","-1","-1","-1","0","-1","-1","0","-1","144267","-1","162553","-1","73997","-1","-1","-1","0","-1","True","0","0","0","True","True","0","0","0","True","0","0","0","True","True","0","0","0","True","0","0","0","0","0","0","0","0","81"
"True","74617","True","True","1","True","0","0","0","True","2640","1080","0","True","0","True","0","0","19952","72712","-1","-1","-1","0","-1","-1","0","-1","144267","-1","162553","-1","73997","-1","-1","-1","0","-1","True","0","0","0","True","True","0","0","0","True","0","0","0","True","True","0","0","0","True","0","0","0","0","0","0","0","0","82"
"True","74621","True","True","1","True","0","0","0","True","2760","1080","0","True","0","True","0","0","19954","72712","-1","-1","-1","0","-1","-1","0","-1","144267","-1","162553","-1","73997","-1","-1","-1","0","-1","True","0","0","0","True","True","0","0","0","True","0","0","0","True","True","0","0","0","True","0","0","0","0","0","0","0","0","83"
"True","74612","True","True","1","True","0","0","0","True","2880","1080","0","True","0","True","0","0","19954","72712","-1","-1","-1","0","-1","-1","0","-1","141670","-1","162552","-1","73997","-1","-1","-1","0","-1","True","0","0","0","True","True","0","0","0","True","0","0","0","True","True","0","0","0","True","0","0","0","0","0","0","0","0","84"
"True","74619","True","True","1","True","0","0","0","True","2520","1200","0","True","0","True","0","0","72712","19954","-1","-1","-1","0","-1","-1","0","-1","144267","-1","162553","-1","73997","-1","-1","-1","0","-1","True","0","0","0","True","True","0","0","0","True","0","0","0","True","True","0","0","0","True","0","0","0","0","0","0","0","0","85"
"True","74616","True","True","1","True","0","0","0","True","2640","1200","-0.00006103516","True","0","True","0","0","72712","-1","-1","-1","-1","0","-1","-1","0","-1","144267","-1","162553","-1","73997","-1","-1","-1","0","-1","True","0","0","0","True","True","0","0","0","True","0","0","0","True","True","0","0","0","True","0","0","0","0","0","0","0","0","86"
"True","74614","True","True","1","True","0","0","0","True","2760","1200","0","True","0","True","0","0","19954","72712","-1","-1","-1","0","-1","-1","0","-1","144267","-1","162553","-1","73997","-1","-1","-1","0","-1","True","0","0","0","True","True","0","0","0","True","0","0","0","True","True","0","0","0","True","0","0","0","0","0","0","0","0","87"
"True","74611","True","True","1","True","0","0","0","True","2880","1200","0","True","0","True","0","0","19954","72712","-1","-1","-1","0","-1","-1","0","-1","144267","-1","162553","-1","73997","-1","-1","-1","0","-1","True","0","0","0","True","True","0","0","0","True","0","0","0","True","True","0","0","0","True","0","0","0","0","0","0","0","0","88"
"True","74618","True","True","1","True","0","0","0","True","2520","1320","0","True","0","True","0","0","19954","72712","-1","-1","-1","0","-1","-1","0","-1","144267","-1","162553","-1","73997","-1","-1","-1","0","-1","True","0","0","0","True","True","0","0","0","True","0","0","0","True","True","0","0","0","True","0","0","0","0","0","0","0","0","89"
"True","74615","True","True","1","True","0","0","0","True","2640","1320","0","True","0","True","0","0","19954","72712","-1","-1","-1","0","-1","-1","0","-1","144267","-1","162553","-1","73997","-1","-1","-1","0","-1","True","0","0","0","True","True","0","0","0","True","0","0","0","True","True","0","0","0","True","0","0","0","0","0","0","0","0","90"
"True","74613","True","True","1","True","0","0","0","True","2760","1320","0","True","0","True","0","0","19954","72712","-1","-1","-1","0","-1","-1","0","-1","144267","-1","162553","-1","73997","-1","-1","-1","0","-1","True","0","0","0","True","True","0","0","0","True","0","0","0","True","True","0","0","0","True","0","0","0","0","0","0","0","0","91"
"True","74610","True","True","1","True","0","0","0","True","2880","1320","0","True","0","True","0","0","19954","72712","-1","-1","-1","0","-1","-1","0","-1","141670","-1","162552","-1","73997","-1","-1","-1","0","-1","True","0","0","0","True","True","0","0","0","True","0","0","0","True","True","0","0","0","True","0","0","0","0","0","0","0","0","92"
"True","76186","True","True","1","True","0","0","0","True","2880","3600","0","True","0","True","0","0","19940","134920","-1","-1","-1","0","-1","-1","0","-1","144268","-1","167050","-1","50545","-1","-1","-1","0","4","True","0","0","0","True","True","0","0","0","True","0","0","0","True","True","0","0","0","True","0","0","0","0","0","0","0","0","93"
"True","76186","True","True","1","True","0","0","0","True","2760","3840","0.00003051758","True","0","True","0","0","19940","134920","-1","-1","-1","0","-1","-1","0","-1","144268","-1","167050","-1","50545","-1","-1","-1","0","4","True","0","0","0","True","True","0","0","0","True","0","0","0","True","True","0","0","0","True","0","0","0","0","0","0","0","0","94"
"True","75789","True","True","1","True","0","0","0","True","3000","3840","0.00006103516","True","0","True","0","0","19940","-1","-1","-1","-1","0","-1","-1","0","-1","144268","-1","167050","-1","50545","-1","-1","-1","0","-1","True","0","0","0","True","True","0","0","0","True","0","0","0","True","True","0","0","0","True","0","0","0","0","0","0","0","0","95"
"True","33337","True","True","1","True","0","0","0","True","3360","1680","0","True","0","True","0","0","19954","-1","-1","-1","-1","0","-1","-1","0","-1","141670","-1","162552","-1","63337","-1","-1","-1","0","-1","True","0","0","0","True","True","0","0","0","True","0","0","0","True","True","0","0","0","True","0","0","0","0","0","0","0","0","96"
"True","74220","True","True","1","True","0","0","0","True","3480","1320","0","True","0","True","0","0","19954","-1","-1","-1","-1","0","-1","-1","0","-1","141670","-1","162552","-1","63337","-1","-1","-1","0","-1","True","0","0","0","True","True","0","0","0","True","0","0","0","True","True","0","0","0","True","0","0","0","0","0","0","0","0","97"
"True","77286","True","True","1","True","0","0","0","True","1800","3120","0","True","0","True","0","0","1199","-1","-1","-1","-1","0","-1","-1","0","-1","144268","-1","167050","-1","50545","-1","-1","-1","0","-1","True","0","0","0","True","True","0","0","0","True","0","0","0","True","True","0","0","0","True","0","0","0","0","0","0","0","0","98"
"True","77283","True","True","1","True","0","0","0","True","1920","3120","0","True","0","True","0","0","19941","-1","-1","-1","-1","0","-1","-1","0","-1","144268","-1","167050","-1","50545","-1","-1","-1","0","-1","True","0","0","0","True","True","0","0","0","True","0","0","0","True","True","0","0","0","True","0","0","0","0","0","0","0","0","99"
"True","77285","True","True","1","True","0","0","0","True","1800","3240","0","True","0","True","0","0","19941","1199","-1","-1","-1","0","-1","-1","0","-1","144268","-1","167050","-1","50545","-1","-1","-1","0","-1","True","0","0","0","True","True","0","0","0","True","0","0","0","True","True","0","0","0","True","0","0","0","0","0","0","0","0","100"
"True","77282","True","True","1","True","0","0","0","True","1920","3240","0","True","0","True","0","0","19941","-1","-1","-1","-1","0","-1","-1","0","-1","144268","-1","167050","-1","50545","-1","-1","-1","0","-1","True","0","0","0","True","True","0","0","0","True","0","0","0","True","True","0","0","0","True","0","0","0","0","0","0","0","0","101"
"True","77290","True","True","1","True","0","0","0","True","1800","3360","0","True","0","True","0","0","19941","1199","-1","-1","-1","0","-1","-1","0","-1","144268","-1","167050","-1","50545","-1","-1","-1","0","-1","True","0","0","0","True","True","0","0","0","True","0","0","0","True","True","0","0","0","True","0","0","0","0","0","0","0","0","102"
"True","77281","True","True","1","True","0","0","0","True","1920","3360","0","True","0","True","0","0","19941","-1","-1","-1","-1","0","-1","-1","0","-1","144268","-1","167050","-1","50545","-1","-1","-1","0","-1","True","0","0","0","True","True","0","0","0","True","0","0","0","True","True","0","0","0","True","0","0","0","0","0","0","0","0","103"
"True","76186","True","True","1","True","0","0","0","True","2760","3360","-0.00006103516","True","0","True","0","0","19940","134920","-1","-1","-1","0","-1","-1","0","-1","144268","-1","167050","-1","50545","-1","-1","-1","0","4","True","0","0","0","True","True","0","0","0","True","0","0","0","True","True","0","0","0","True","0","0","0","0","0","0","0","0","104"
"True","33336","True","True","1","True","0","0","0","True","3120","1680","0","True","0","True","0","0","19954","-1","-1","-1","-1","0","-1","-1","0","-1","141670","-1","162552","-1","63337","-1","-1","-1","0","-1","True","0","0","0","True","True","0","0","0","True","0","0","0","True","True","0","0","0","True","0","0","0","0","0","0","0","0","105"
"True","33476","True","True","1","True","0","0","0","True","1980","-360","-0.00006103516","True","0","True","0","0","19952","179212","-1","-1","-1","0","-1","-1","0","-1","141670","-1","161928","-1","50551","-1","-1","-1","0","-1","True","0","0","0","True","True","0","0","0","True","0","0","0","True","True","0","0","0","True","0","0","0","0","0","0","0","0","106"
"True","78211","True","True","1","True","0","0","0","True","1980","-120","0","True","0","True","0","0","19952","-1","-1","-1","-1","0","-1","-1","0","-1","141670","-1","161928","-1","50551","-1","-1","-1","0","-1","True","0","0","0","True","True","0","0","0","True","0","0","0","True","True","0","0","0","True","0","0","0","0","0","0","0","0","107"
"True","78212","True","True","1","True","0","0","0","True","1980","120","0","True","0","True","0","0","19952","218454","-1","-1","-1","0","-1","-1","0","-1","141670","-1","161928","-1","50551","-1","-1","-1","0","-1","True","0","0","0","True","True","0","0","0","True","0","0","0","True","True","0","0","0","True","0","0","0","0","0","0","0","0","108"
"True","79023","True","True","1","True","0","0","0","True","3000","1200","0.00006103516","True","0","True","0","0","19954","-1","-1","-1","-1","-1","-1","-1","-1","-1","141670","-1","162552","-1","63337","-1","-1","-1","0","9","True","0","0","0","True","True","0","0","0","True","0","0","0","True","True","0","0","0","True","0","0","0","0","0","0","0","0","109"
"True","79023","True","True","1","True","0","0","0","True","3000","1320","0","True","0","True","0","0","19954","-1","-1","-1","-1","-1","-1","-1","-1","-1","141670","-1","162552","-1","63337","-1","-1","-1","0","10","True","0","0","0","True","True","0","0","0","True","0","0","0","True","True","0","0","0","True","0","0","0","0","0","0","0","0","110"
"True","79023","True","True","1","True","0","0","0","True","3120","1320","0","True","0","True","0","0","19954","-1","-1","-1","-1","-1","-1","-1","-1","-1","141670","-1","162552","-1","63337","-1","-1","-1","0","9","True","0","0","0","True","True","0","0","0","True","0","0","0","True","True","0","0","0","True","0","0","0","0","0","0","0","0","111"
"True","79023","True","True","1","True","0","0","0","True","3120","1440","-0.00006103516","True","0","True","0","0","19954","-1","-1","-1","-1","-1","-1","-1","-1","-1","141670","-1","162552","-1","63337","-1","-1","-1","0","10","True","0","0","0","True","True","0","0","0","True","0","0","0","True","True","0","0","0","True","0","0","0","0","0","0","0","0","112"
"True","79023","True","True","1","True","0","0","0","True","3240","1440","0.00006103516","True","0","True","0","0","19954","-1","-1","-1","-1","-1","-1","-1","-1","-1","141670","-1","162552","-1","63337","-1","-1","-1","0","9","True","0","0","0","True","True","0","0","0","True","0","0","0","True","True","0","0","0","True","0","0","0","0","0","0","0","0","113"
"True","79023","True","True","1","True","0","0","0","True","3240","1560","0.00006103516","True","0","True","0","0","19954","-1","-1","-1","-1","-1","-1","-1","-1","-1","141670","-1","162552","-1","63337","-1","-1","-1","0","11","True","0","0","0","True","True","0","0","0","True","0","0","0","True","True","0","0","0","True","0","0","0","0","0","0","0","0","114"
"True","79217","True","True","1","True","0","0","0","True","1260","-120","0","True","0","True","0","0","19953","-1","-1","-1","-1","-1","-1","-1","-1","-1","144265","-1","7114","-1","81143","-1","-1","-1","0","-1","True","0","0","0","True","True","0","0","0","True","0","0","0","True","True","0","0","0","True","0","0","0","0","0","0","0","0","115"
"True","79216","True","True","1","True","0","0","0","True","1260","120","0","True","0","True","0","0","19953","-1","-1","-1","-1","-1","-1","-1","-1","-1","144265","-1","7114","-1","81143","-1","-1","-1","0","-1","True","0","0","0","True","True","0","0","0","True","0","0","0","True","True","0","0","0","True","0","0","0","0","0","0","0","0","116"
"True","62716","True","True","1","True","0","0","0","True","2520","3120","0","True","0","True","0","0","19940","-1","-1","-1","-1","-1","-1","-1","-1","-1","144268","-1","167050","-1","50545","-1","-1","-1","0","14","True","0","0","0","True","True","0","0","0","True","0","0","0","True","True","0","0","0","True","0","0","0","0","0","0","0","0","117"
"True","81126","True","True","1","True","0","0","0","True","540","0","20","True","0","True","0","0","19953","-1","-1","-1","-1","-1","-1","-1","-1","-1","144265","-1","7114","-1","81143","-1","-1","-1","0","-1","True","0","0","0","True","True","0","0","0","True","0","0","0","True","True","0","0","0","True","0","0","0","0","0","0","0","0","118"
"True","80957","True","True","1","True","0","0","0","True","660","-120","20","True","0","True","0","0","19953","-1","-1","-1","-1","-1","-1","-1","-1","-1","144265","-1","7114","-1","81143","-1","-1","-1","0","-1","True","0","0","0","True","True","0","0","0","True","0","0","0","True","True","0","0","0","True","0","0","0","0","0","0","0","0","119"
"True","80967","True","True","1","True","0","0","0","True","660","240","20.00006","True","0","True","0","0","19953","-1","-1","-1","-1","-1","-1","-1","-1","-1","144265","-1","7114","-1","81143","-1","-1","-1","0","-1","True","0","0","0","True","True","0","0","0","True","0","0","0","True","True","0","0","0","True","0","0","0","0","0","0","0","0","120"
"True","80949","True","True","1","True","0","0","0","True","660","360","20","True","0","True","0","0","19953","-1","-1","-1","-1","-1","-1","-1","-1","-1","144265","-1","-1","-1","81143","-1","-1","-1","0","-1","True","0","0","0","True","True","0","0","0","True","0","0","0","True","True","0","0","0","True","0","0","0","0","0","0","0","0","121"
"True","81089","True","True","1","True","0","0","0","True","780","360","20","True","0","True","0","0","19953","-1","-1","-1","-1","-1","-1","-1","-1","-1","144265","-1","7114","-1","81143","-1","-1","-1","0","-1","True","0","0","0","True","True","0","0","0","True","0","0","0","True","True","0","0","0","True","0","0","0","0","0","0","0","0","122"
"True","80935","True","True","1","True","0","0","0","True","1020","360","19.99994","True","0","True","0","0","19953","-1","-1","-1","-1","-1","-1","-1","-1","-1","144265","-1","-1","-1","81143","-1","-1","-1","0","-1","True","0","0","0","True","True","0","0","0","True","0","0","0","True","True","0","0","0","True","0","0","0","0","0","0","0","0","123"
"True","80942","True","True","1","True","0","0","0","True","660","480","20","True","0","True","0","0","19953","-1","-1","-1","-1","-1","-1","-1","-1","-1","144265","-1","-1","-1","81143","-1","-1","-1","0","-1","True","0","0","0","True","True","0","0","0","True","0","0","0","True","True","0","0","0","True","0","0","0","0","0","0","0","0","124"
"True","80942","True","True","1","True","0","0","0","True","540","240","20","True","0","True","0","0","19953","-1","-1","-1","-1","-1","-1","-1","-1","-1","144265","-1","-1","-1","81143","-1","-1","-1","0","-1","True","0","0","0","True","True","0","0","0","True","0","0","0","True","True","0","0","0","True","0","0","0","0","0","0","0","0","125"
"True","80942","True","True","1","True","0","0","0","True","540","360","20","True","0","True","0","0","19953","-1","-1","-1","-1","-1","-1","-1","-1","-1","144265","-1","-1","-1","81143","-1","-1","-1","0","-1","True","0","0","0","True","True","0","0","0","True","0","0","0","True","True","0","0","0","True","0","0","0","0","0","0","0","0","126"
"True","80942","True","True","1","True","0","0","0","True","540","-120","20.00006","True","0","True","0","0","19953","-1","-1","-1","-1","-1","-1","-1","-1","-1","144265","-1","-1","-1","81143","-1","-1","-1","0","-1","True","0","0","0","True","True","0","0","0","True","0","0","0","True","True","0","0","0","True","0","0","0","0","0","0","0","0","127"
"True","80976","True","True","1","True","0","0","0","True","1140","360","20","True","0","True","0","0","19953","-1","-1","-1","-1","-1","-1","-1","-1","-1","144265","-1","-1","-1","81143","-1","-1","-1","0","-1","True","0","0","0","True","True","0","0","0","True","0","0","0","True","True","0","0","0","True","0","0","0","0","0","0","0","0","128"
"True","80998","True","True","1","True","0","0","0","True","1140","240","20","True","0","True","0","0","19953","-1","-1","-1","-1","-1","-1","-1","-1","-1","144265","-1","7114","-1","81143","-1","-1","-1","0","-1","True","0","0","0","True","True","0","0","0","True","0","0","0","True","True","0","0","0","True","0","0","0","0","0","0","0","0","129"
"True","81043","True","True","1","True","0","0","0","True","1140","0","20","True","0","True","0","0","19953","-1","-1","-1","-1","-1","-1","-1","-1","-1","144265","-1","7114","-1","81143","-1","-1","-1","0","-1","True","0","0","0","True","True","0","0","0","True","0","0","0","True","True","0","0","0","True","0","0","0","0","0","0","0","0","130"
"True","81026","True","True","1","True","0","0","0","True","1140","-120","20.00006","True","0","True","0","0","19953","-1","-1","-1","-1","-1","-1","-1","-1","-1","144265","-1","7114","-1","81143","-1","-1","-1","0","-1","True","0","0","0","True","True","0","0","0","True","0","0","0","True","True","0","0","0","True","0","0","0","0","0","0","0","0","131"
"True","81139","True","True","1","True","0","0","0","True","900","-240","20","True","0","True","0","0","19953","-1","-1","-1","-1","-1","-1","-1","-1","-1","144265","-1","7114","-1","81143","-1","-1","-1","0","-1","True","0","0","0","True","True","0","0","0","True","0","0","0","True","True","0","0","0","True","0","0","0","0","0","0","0","0","132"
"True","81057","True","True","1","True","0","0","0","True","780","-120","20","True","0","True","0","0","19953","-1","-1","-1","-1","-1","-1","-1","-1","-1","144265","-1","7114","-1","81143","-1","-1","-1","0","-1","True","0","0","0","True","True","0","0","0","True","0","0","0","True","True","0","0","0","True","0","0","0","0","0","0","0","0","133"
"True","80942","True","True","1","True","0","0","0","True","1140","-240","20","True","0","True","0","0","19953","-1","-1","-1","-1","-1","-1","-1","-1","-1","144265","-1","-1","-1","81143","-1","-1","-1","0","-1","True","0","0","0","True","True","0","0","0","True","0","0","0","True","True","0","0","0","True","0","0","0","0","0","0","0","0","134"
"True","80942","True","True","1","True","0","0","0","True","780","-240","19.99997","True","0","True","0","0","19953","-1","-1","-1","-1","-1","-1","-1","-1","-1","144265","-1","-1","-1","81143","-1","-1","-1","0","-1","True","0","0","0","True","True","0","0","0","True","0","0","0","True","True","0","0","0","True","0","0","0","0","0","0","0","0","135"
"True","80942","True","True","1","True","0","0","0","True","660","-240","20","True","0","True","0","0","19953","-1","-1","-1","-1","-1","-1","-1","-1","-1","144265","-1","-1","-1","81143","-1","-1","-1","0","-1","True","0","0","0","True","True","0","0","0","True","0","0","0","True","True","0","0","0","True","0","0","0","0","0","0","0","0","136"
"True","81114","True","True","1","True","0","0","0","True","1020","120","20.00003","True","0","True","0","0","19953","-1","-1","-1","-1","-1","-1","-1","-1","-1","144265","-1","7114","-1","81143","-1","-1","-1","0","-1","True","0","0","0","True","True","0","0","0","True","0","0","0","True","True","0","0","0","True","0","0","0","0","0","0","0","0","137"
"True","81078","True","True","1","True","0","0","0","True","780","0","20","True","0","True","0","0","19953","-1","-1","-1","-1","-1","-1","-1","-1","-1","144265","-1","7114","-1","81143","-1","-1","-1","0","2","True","0","0","0","True","True","0","0","0","True","0","0","0","True","True","0","0","0","True","0","0","0","0","0","0","0","0","138"
"True","81078","True","True","1","True","0","0","0","True","900","0","20","True","0","True","0","0","19953","-1","-1","-1","-1","-1","-1","-1","-1","-1","144265","-1","7114","-1","81143","-1","-1","-1","0","2","True","0","0","0","True","True","0","0","0","True","0","0","0","True","True","0","0","0","True","0","0","0","0","0","0","0","0","139"
"True","81078","True","True","1","True","0","0","0","True","1020","0","20","True","0","True","0","0","19953","-1","-1","-1","-1","-1","-1","-1","-1","-1","144265","-1","7114","-1","81143","-1","-1","-1","0","2","True","0","0","0","True","True","0","0","0","True","0","0","0","True","True","0","0","0","True","0","0","0","0","0","0","0","0","140"
"True","81078","True","True","1","True","0","0","0","True","1020","240","20","True","0","True","0","0","19953","-1","-1","-1","-1","-1","-1","-1","-1","-1","144265","-1","7114","-1","81143","-1","-1","-1","0","28","True","0","0","0","True","True","0","0","0","True","0","0","0","True","True","0","0","0","True","0","0","0","0","0","0","0","0","141"
"True","81078","True","True","1","True","0","0","0","True","900","240","20","True","0","True","0","0","19953","-1","-1","-1","-1","-1","-1","-1","-1","-1","144265","-1","7114","-1","81143","-1","-1","-1","0","28","True","0","0","0","True","True","0","0","0","True","0","0","0","True","True","0","0","0","True","0","0","0","0","0","0","0","0","142"
"True","81078","True","True","1","True","0","0","0","True","780","240","20","True","0","True","0","0","19953","-1","-1","-1","-1","-1","-1","-1","-1","-1","144265","-1","7114","-1","81143","-1","-1","-1","0","28","True","0","0","0","True","True","0","0","0","True","0","0","0","True","True","0","0","0","True","0","0","0","0","0","0","0","0","143"
"True","81078","True","True","1","True","0","0","0","True","780","120","20","True","0","True","0","0","19953","-1","-1","-1","-1","-1","-1","-1","-1","-1","144265","-1","7114","-1","81143","-1","-1","-1","0","29","True","0","0","0","True","True","0","0","0","True","0","0","0","True","True","0","0","0","True","0","0","0","0","0","0","0","0","144"
"True","81078","True","True","1","True","0","0","0","True","900","120","20","True","0","True","0","0","19953","-1","-1","-1","-1","-1","-1","-1","-1","-1","144265","-1","7114","-1","81143","-1","-1","-1","0","29","True","0","0","0","True","True","0","0","0","True","0","0","0","True","True","0","0","0","True","0","0","0","0","0","0","0","0","145"
"True","81078","True","True","1","True","0","0","0","True","1140","120","20","True","0","True","0","0","19953","-1","-1","-1","-1","-1","-1","-1","-1","-1","144265","-1","7114","-1","81143","-1","-1","-1","0","29","True","0","0","0","True","True","0","0","0","True","0","0","0","True","True","0","0","0","True","0","0","0","0","0","0","0","0","146"
"True","79023","True","True","1","True","0","0","0","True","2880","3840","0","True","0","True","0","0","19940","-1","-1","-1","-1","-1","-1","-1","-1","-1","144268","-1","167050","-1","50545","-1","-1","-1","0","16","True","0","0","0","True","True","0","0","0","True","0","0","0","True","True","0","0","0","True","0","0","0","0","0","0","0","0","147"
"True","79023","True","True","1","True","0","0","0","True","2880","3720","0","True","0","True","0","0","19940","-1","-1","-1","-1","-1","-1","-1","-1","-1","144268","-1","167050","-1","50545","-1","-1","-1","0","17","True","0","0","0","True","True","0","0","0","True","0","0","0","True","True","0","0","0","True","0","0","0","0","0","0","0","0","148"
"True","79023","True","True","1","True","0","0","0","True","2640","3480","-0.00003051758","True","0","True","0","0","19940","-1","-1","-1","-1","-1","-1","-1","-1","-1","144268","-1","167050","-1","50545","-1","-1","-1","0","18","True","0","0","0","True","True","0","0","0","True","0","0","0","True","True","0","0","0","True","0","0","0","0","0","0","0","0","149"
"True","79023","True","True","1","True","0","0","0","True","1680","3240","80","True","0","True","0","0","1199","-1","-1","-1","-1","-1","-1","-1","-1","-1","144268","-1","167050","-1","50545","-1","-1","-1","0","18","True","0","0","0","True","True","0","0","0","True","0","0","0","True","True","0","0","0","True","0","0","0","0","0","0","0","0","150"
"True","79023","True","True","1","True","0","0","0","True","1560","3240","80","True","0","True","0","0","1199","-1","-1","-1","-1","-1","-1","-1","-1","-1","144268","-1","167050","-1","50545","-1","-1","-1","0","21","True","0","0","0","True","True","0","0","0","True","0","0","0","True","True","0","0","0","True","0","0","0","0","0","0","0","0","151"
"True","79023","True","True","1","True","0","0","0","True","1560","3120","80","True","0","True","0","0","1199","-1","-1","-1","-1","-1","-1","-1","-1","-1","144268","-1","167050","-1","50545","-1","-1","-1","0","16","True","0","0","0","True","True","0","0","0","True","0","0","0","True","True","0","0","0","True","0","0","0","0","0","0","0","0","152"
"True","74463","True","True","1","True","0","0","0","True","3480","1080","0","True","0","True","0","0","-1","-1","-1","-1","-1","-1","-1","-1","-1","-1","-1","-1","-1","-1","63337","-1","-1","-1","0","-1","True","0","0","0","True","True","0","0","0","True","0","0","0","True","True","0","0","0","True","0","0","0","0","0","0","0","0","153"
"True","74463","True","True","1","True","0","0","0","True","3600","1200","-0.00003051758","True","0","True","0","0","-1","-1","-1","-1","-1","-1","-1","-1","-1","-1","-1","-1","-1","-1","63337","-1","-1","-1","0","-1","True","0","0","0","True","True","0","0","0","True","0","0","0","True","True","0","0","0","True","0","0","0","0","0","0","0","0","154"
"True","74463","True","True","1","True","0","0","0","True","3600","1560","0","True","0","True","0","0","-1","-1","-1","-1","-1","-1","-1","-1","-1","-1","-1","-1","-1","-1","63337","-1","-1","-1","0","-1","True","0","0","0","True","True","0","0","0","True","0","0","0","True","True","0","0","0","True","0","0","0","0","0","0","0","0","155"
"True","78561","True","True","1","True","0","0","0","True","3000","2880","0","True","0","True","0","0","-1","-1","-1","-1","-1","-1","-1","-1","-1","-1","144268","-1","-1","-1","50545","-1","-1","-1","0","-1","True","0","0","0","True","True","0","0","0","True","0","0","0","True","True","0","0","0","True","0","0","0","0","0","0","0","0","156"
"True","33338","True","True","1","True","0","0","0","True","3600","1680","0.00003051758","True","0","True","0","0","-1","-1","-1","-1","-1","-1","-1","-1","-1","-1","-1","-1","-1","-1","-1","-1","-1","-1","0","-1","True","0","0","0","True","True","0","0","0","True","0","0","0","True","True","0","0","0","True","0","0","0","0","0","0","0","0","157"
"True","90279","True","True","1","True","0","0","0","True","2880","2160","27","True","0","True","0","0","91324","-1","-1","-1","-1","-1","-1","80730","-1","-1","137975","-1","160591","-1","50549","-1","-1","-1","0","-1","True","0","0","0","True","True","0","0","0","True","0","0","0","True","True","0","0","0","True","0","0","0","0","0","0","0","0","158"
"True","90281","True","True","1","True","0","0","0","True","2880","1920","27","True","0","True","0","0","91324","-1","-1","-1","-1","-1","-1","-1","-1","-1","137975","-1","160591","-1","50549","-1","-1","-1","0","-1","True","0","0","0","True","True","0","0","0","True","0","0","0","True","True","0","0","0","True","0","0","0","0","0","0","0","0","159"
"True","90283","True","True","1","True","0","0","0","True","2880","1680","27","True","0","True","0","0","91324","-1","-1","-1","-1","-1","-1","-1","-1","-1","137975","-1","160591","-1","50549","-1","-1","-1","0","24","True","0","0","0","True","True","0","0","0","True","0","0","0","True","True","0","0","0","True","0","0","0","0","0","0","0","0","160"
"True","90277","True","True","1","True","0","0","0","True","2880","2400","27","True","0","True","0","0","91324","-1","-1","-1","-1","-1","-1","-1","-1","-1","-1","-1","-1","-1","50549","-1","-1","-1","0","-1","True","0","0","0","True","True","0","0","0","True","0","0","0","True","True","0","0","0","True","0","0","0","0","0","0","0","0","161"
"True","90299","True","True","1","True","0","0","0","True","2640","1680","27","True","0","True","0","0","91324","-1","-1","-1","-1","-1","-1","-1","-1","-1","137975","-1","160591","-1","50549","-1","-1","-1","0","24","True","0","0","0","True","True","0","0","0","True","0","0","0","True","True","0","0","0","True","0","0","0","0","0","0","0","0","162"
"True","90200","True","True","1","True","0","0","0","True","2640","1920","27","True","0","True","0","0","91324","91133","-1","-1","-1","-1","-1","-1","-1","-1","137975","-1","160276","-1","50549","-1","-1","-1","0","24","True","0","0","0","True","True","0","0","0","True","0","0","0","True","True","0","0","0","True","0","0","0","0","0","0","0","0","163"
"True","90202","True","True","1","True","0","0","0","True","2640","2160","27","True","0","True","0","0","91324","91133","-1","-1","-1","-1","-1","-1","-1","-1","137975","-1","160276","-1","50549","-1","-1","-1","0","-1","True","0","0","0","True","True","0","0","0","True","0","0","0","True","True","0","0","0","True","0","0","0","0","0","0","0","0","164"
"True","90285","True","True","1","True","0","0","0","True","2640","2400","27","True","0","True","0","0","91324","-1","-1","-1","-1","-1","-1","-1","-1","-1","-1","-1","-1","-1","50549","-1","-1","-1","0","-1","True","0","0","0","True","True","0","0","0","True","0","0","0","True","True","0","0","0","True","0","0","0","0","0","0","0","0","165"
"True","90289","True","True","1","True","0","0","0","True","2400","1680","27","True","0","True","0","0","91324","-1","-1","-1","-1","-1","-1","106746","2","-1","137975","-1","160591","-1","50549","-1","-1","-1","0","-1","True","0","0","0","True","True","0","0","0","True","0","0","0","True","True","0","0","0","True","0","0","0","0","0","0","0","0","166"
"True","90198","True","True","1","True","0","0","0","True","2400","1920","27","True","0","True","0","0","101351","91133","-1","-1","-1","-1","-1","107050","-1","-1","137975","-1","160276","-1","50549","-1","-1","-1","0","-1","True","0","0","0","True","True","0","0","0","True","0","0","0","True","True","0","0","0","True","0","0","0","0","0","0","0","0","167"
"True","90196","True","True","1","True","0","0","0","True","2400","2160","27","True","0","True","0","0","101351","91133","-1","-1","-1","-1","-1","-1","-1","-1","137975","-1","160276","-1","50549","-1","-1","-1","0","-1","True","0","0","0","True","True","0","0","0","True","0","0","0","True","True","0","0","0","True","0","0","0","0","0","0","0","0","168"
"True","90287","True","True","1","True","0","0","0","True","2400","2400","27","True","0","True","0","0","91324","-1","-1","-1","-1","-1","-1","-1","-1","-1","137975","-1","-1","-1","50549","-1","-1","-1","0","-1","True","0","0","0","True","True","0","0","0","True","0","0","0","True","True","0","0","0","True","0","0","0","0","0","0","0","0","169"
"True","90297","True","True","1","True","0","0","0","True","2160","1680","27","True","0","True","0","0","91324","-1","-1","-1","-1","-1","-1","-1","-1","-1","137975","-1","-1","-1","50549","-1","-1","-1","0","-1","True","0","0","0","True","True","0","0","0","True","0","0","0","True","True","0","0","0","True","0","0","0","0","0","0","0","0","170"
"True","90295","True","True","1","True","0","0","0","True","2160","1920","27","True","0","True","0","0","101351","-1","-1","-1","-1","-1","-1","-1","-1","-1","137975","-1","160591","-1","50549","-1","-1","-1","0","-1","True","0","0","0","True","True","0","0","0","True","0","0","0","True","True","0","0","0","True","0","0","0","0","0","0","0","0","171"
"True","90293","True","True","1","True","0","0","0","True","2160","2160","27","True","0","True","0","0","101351","19929","-1","-1","-1","-1","-1","-1","-1","-1","137975","-1","160591","-1","50549","-1","-1","-1","0","-1","True","0","0","0","True","True","0","0","0","True","0","0","0","True","True","0","0","0","True","0","0","0","0","0","0","0","0","172"
"True","90291","True","True","1","True","0","0","0","True","2160","2400","27","True","0","True","0","0","91324","-1","-1","-1","-1","-1","-1","-1","-1","-1","137975","-1","-1","-1","50549","-1","-1","-1","0","-1","True","0","0","0","True","True","0","0","0","True","0","0","0","True","True","0","0","0","True","0","0","0","0","0","0","0","0","173"
"True","93996","True","True","1","True","0","0","0","True","1920","1680","27","True","0","True","0","0","91324","-1","-1","-1","-1","-1","-1","-1","-1","-1","137975","-1","-1","-1","50549","-1","-1","-1","0","-1","True","0","0","0","True","True","0","0","0","True","0","0","0","True","True","0","0","0","True","0","0","0","0","0","0","0","0","174"
"True","93994","True","True","1","True","0","0","0","True","1920","1920","27","True","0","True","0","0","19933","-1","-1","-1","-1","-1","-1","-1","-1","-1","137975","-1","160934","-1","50549","-1","-1","-1","0","-1","True","0","0","0","True","True","0","0","0","True","0","0","0","True","True","0","0","0","True","0","0","0","0","0","0","0","0","175"
"True","93992","True","True","1","True","0","0","0","True","1920","2160","27","True","0","True","0","0","19938","19933","-1","-1","-1","-1","-1","-1","-1","-1","137975","-1","160934","-1","-1","-1","-1","-1","0","-1","True","0","0","0","True","True","0","0","0","True","0","0","0","True","True","0","0","0","True","0","0","0","0","0","0","0","0","176"
"True","93990","True","True","1","True","0","0","0","True","1920","2400","27","True","0","True","0","0","-1","-1","-1","-1","-1","-1","-1","-1","-1","-1","-1","-1","-1","-1","50549","-1","-1","-1","0","-1","True","0","0","0","True","True","0","0","0","True","0","0","0","True","True","0","0","0","True","0","0","0","0","0","0","0","0","177"
"True","94002","True","True","1","True","0","0","0","True","1680","1680","27","True","0","True","0","0","91324","-1","-1","-1","-1","-1","-1","-1","-1","-1","137975","-1","-1","-1","50549","-1","-1","-1","0","-1","True","0","0","0","True","True","0","0","0","True","0","0","0","True","True","0","0","0","True","0","0","0","0","0","0","0","0","178"
"True","94000","True","True","1","True","0","0","0","True","1680","1920","27","True","0","True","0","0","91324","-1","-1","-1","-1","-1","-1","-1","-1","-1","137975","-1","-1","-1","50549","-1","-1","-1","0","-1","True","0","0","0","True","True","0","0","0","True","0","0","0","True","True","0","0","0","True","0","0","0","0","0","0","0","0","179"
"True","33357","True","True","1","True","0","0","0","True","3600","2400","0.00006103516","True","0","True","0","0","-1","-1","-1","-1","-1","-1","-1","-1","-1","-1","-1","-1","-1","-1","-1","-1","-1","-1","0","-1","True","0","0","0","True","True","0","0","0","True","0","0","0","True","True","0","0","0","True","0","0","0","0","0","0","0","0","180"
"True","93998","True","True","1","True","0","0","0","True","1680","2160","27","True","0","True","0","0","19938","19933","-1","-1","-1","-1","-1","-1","-1","-1","137975","-1","160934","-1","50549","-1","-1","-1","0","-1","True","0","0","0","True","True","0","0","0","True","0","0","0","True","True","0","0","0","True","0","0","0","0","0","0","0","0","181"
"True","59093","True","True","1","True","0","0","0","True","2460","120","0.0001220703","True","0","True","0","0","19952","179835","-1","-1","-1","-1","-1","-1","-1","-1","141670","-1","161928","-1","50551","-1","-1","-1","0","1","True","0","0","0","True","True","0","0","0","True","0","0","0","True","True","0","0","0","True","0","0","0","0","0","0","0","0","182"
"True","59102","True","True","1","True","0","0","0","True","2460","-120","0","True","0","True","0","0","19952","179835","-1","-1","-1","-1","-1","-1","-1","-1","141670","-1","161928","-1","50551","-1","-1","-1","0","1","True","0","0","0","True","True","0","0","0","True","0","0","0","True","True","0","0","0","True","0","0","0","0","0","0","0","0","183"
"True","33480","True","True","1","True","0","0","0","True","2460","-360","0","True","0","True","0","0","19952","-1","-1","-1","-1","-1","-1","-1","-1","-1","141670","-1","161928","-1","50551","-1","-1","-1","0","-1","True","0","0","0","True","True","0","0","0","True","0","0","0","True","True","0","0","0","True","0","0","0","0","0","0","0","0","184"
"True","33479","True","True","1","True","0","0","0","True","2700","-360","-0.00006103516","True","0","True","0","0","19952","-1","-1","-1","-1","-1","-1","-1","-1","-1","141670","-1","161928","-1","50551","-1","-1","-1","0","-1","True","0","0","0","True","True","0","0","0","True","0","0","0","True","True","0","0","0","True","0","0","0","0","0","0","0","0","185"
"True","33481","True","True","1","True","0","0","0","True","2700","600","0","True","0","True","0","0","19952","-1","-1","-1","-1","-1","-1","-1","-1","-1","141670","-1","161928","-1","50551","-1","-1","-1","0","-1","True","0","0","0","True","True","0","0","0","True","0","0","0","True","True","0","0","0","True","0","0","0","0","0","0","0","0","186"
"True","51262","True","True","1","True","0","0","0","True","2460","600","0","True","0","True","0","0","19952","-1","-1","-1","-1","-1","-1","-1","-1","-1","141670","-1","161928","-1","50551","-1","-1","-1","0","-1","True","0","0","0","True","True","0","0","0","True","0","0","0","True","True","0","0","0","True","0","0","0","0","0","0","0","0","187"
"True","74463","True","True","1","True","0","0","0","True","2520","1440","0","True","0","True","0","0","-1","-1","-1","-1","-1","-1","-1","-1","-1","-1","-1","-1","-1","-1","-1","-1","-1","-1","0","-1","True","0","0","0","True","True","0","0","0","True","0","0","0","True","True","0","0","0","True","0","0","0","0","0","0","0","0","188"
"True","74463","True","True","1","True","0","0","0","True","2400","1440","0","True","0","True","0","0","-1","-1","-1","-1","-1","-1","-1","-1","-1","-1","-1","-1","-1","-1","-1","-1","-1","-1","0","-1","True","0","0","0","True","True","0","0","0","True","0","0","0","True","True","0","0","0","True","0","0","0","0","0","0","0","0","189"
"True","74463","True","True","1","True","0","0","0","True","2400","1320","0","True","0","True","0","0","-1","-1","-1","-1","-1","-1","-1","-1","-1","-1","-1","-1","-1","-1","-1","-1","-1","-1","0","-1","True","0","0","0","True","True","0","0","0","True","0","0","0","True","True","0","0","0","True","0","0","0","0","0","0","0","0","190"
"True","74463","True","True","1","True","0","0","0","True","2400","1200","0","True","0","True","0","0","-1","-1","-1","-1","-1","-1","-1","-1","-1","-1","-1","-1","-1","-1","-1","-1","-1","-1","0","-1","True","0","0","0","True","True","0","0","0","True","0","0","0","True","True","0","0","0","True","0","0","0","0","0","0","0","0","191"
"True","74463","True","True","1","True","0","0","0","True","2400","1080","0","True","0","True","0","0","-1","-1","-1","-1","-1","-1","-1","-1","-1","-1","-1","-1","-1","-1","-1","-1","-1","-1","0","-1","True","0","0","0","True","True","0","0","0","True","0","0","0","True","True","0","0","0","True","0","0","0","0","0","0","0","0","192"
"True","74463","True","True","1","True","0","0","0","True","2340","960","0","True","0","True","0","0","-1","-1","-1","-1","-1","-1","-1","-1","-1","-1","-1","-1","-1","-1","-1","-1","-1","-1","0","-1","True","0","0","0","True","True","0","0","0","True","0","0","0","True","True","0","0","0","True","0","0","0","0","0","0","0","0","193"
"True","123079","True","True","1","True","0","0","0","True","2940","840","0.00003051758","True","0","True","0","0","19954","-1","-1","-1","-1","-1","-1","-1","-1","-1","141670","-1","161928","-1","63337","-1","-1","-1","0","-1","True","0","0","0","True","True","0","0","0","True","0","0","0","True","True","0","0","0","True","0","0","0","0","0","0","0","0","194"
"True","75283","True","True","1","True","0","0","0","True","2760","1440","0","True","0","True","0","0","19954","-1","-1","-1","-1","-1","-1","-1","-1","-1","141670","-1","162552","-1","63337","-1","-1","-1","0","-1","True","0","0","0","True","True","0","0","0","True","0","0","0","True","True","0","0","0","True","0","0","0","0","0","0","0","0","195"
"True","74356","True","True","1","True","0","0","0","True","2640","1440","0","True","0","True","0","0","19954","-1","-1","-1","-1","-1","-1","-1","-1","-1","141670","-1","162552","-1","63337","-1","-1","-1","0","-1","True","0","0","0","True","True","0","0","0","True","0","0","0","True","True","0","0","0","True","0","0","0","0","0","0","0","0","196"
"True","80942","True","True","1","True","0","0","0","True","540","-240","20","True","0","True","0","0","-1","-1","-1","-1","-1","-1","-1","-1","-1","-1","-1","-1","-1","-1","-1","-1","-1","-1","0","-1","True","0","0","0","True","True","0","0","0","True","0","0","0","True","True","0","0","0","True","0","0","0","0","0","0","0","0","197"
"True","79023","True","True","1","True","0","0","0","True","2520","3480","0","True","0","True","0","0","19940","-1","-1","-1","-1","-1","-1","-1","-1","-1","144268","-1","167050","-1","50545","-1","-1","-1","0","18","True","0","0","0","True","True","0","0","0","True","0","0","0","True","True","0","0","0","True","0","0","0","0","0","0","0","0","198"
"True","79023","True","True","1","True","0","0","0","True","2760","3600","0","True","0","True","0","0","19940","-1","-1","-1","-1","-1","-1","-1","-1","-1","144268","-1","167050","-1","50545","-1","-1","-1","0","16","True","0","0","0","True","True","0","0","0","True","0","0","0","True","True","0","0","0","True","0","0","0","0","0","0","0","0","199"
"True","76186","True","True","1","True","0","0","0","True","2520","3360","0","True","0","True","0","0","19940","134920","-1","-1","-1","-1","-1","-1","-1","-1","144268","-1","167050","-1","50545","-1","-1","-1","0","4","True","0","0","0","True","True","0","0","0","True","0","0","0","True","True","0","0","0","True","0","0","0","0","0","0","0","0","200"
"True","79023","True","True","1","True","0","0","0","True","2760","3480","0","True","0","True","0","0","19940","-1","-1","-1","-1","-1","-1","-1","-1","-1","144268","-1","167050","-1","50545","-1","-1","-1","0","17","True","0","0","0","True","True","0","0","0","True","0","0","0","True","True","0","0","0","True","0","0","0","0","0","0","0","0","201"
"True","79023","True","True","1","True","0","0","0","True","2760","3720","0","True","0","True","0","0","19940","-1","-1","-1","-1","-1","-1","-1","-1","-1","144268","-1","167050","-1","50545","-1","-1","-1","0","21","True","0","0","0","True","True","0","0","0","True","0","0","0","True","True","0","0","0","True","0","0","0","0","0","0","0","0","202"
"True","76186","True","True","1","True","0","0","0","True","2160","3240","40.00006","True","0","True","0","0","19941","134920","-1","-1","-1","-1","-1","-1","-1","-1","144268","-1","167050","-1","50545","-1","-1","-1","0","5","True","0","0","0","True","True","0","0","0","True","0","0","0","True","True","0","0","0","True","0","0","0","0","0","0","0","0","203"
"True","76186","True","True","1","True","0","0","0","True","1680","3120","80","True","0","True","0","0","1199","134920","-1","-1","-1","-1","-1","-1","-1","-1","144268","-1","167050","-1","50545","-1","-1","-1","0","27","True","0","0","0","True","True","0","0","0","True","0","0","0","True","True","0","0","0","True","0","0","0","0","0","0","0","0","204"
"True","74861","True","True","1","True","0","0","0","True","2760","3960","0","True","0","True","0","0","19940","-1","-1","-1","-1","-1","-1","-1","-1","-1","144268","-1","167050","-1","50545","-1","-1","-1","0","-1","True","0","0","0","True","True","0","0","0","True","0","0","0","True","True","0","0","0","True","0","0","0","0","0","0","0","0","205"
"True","62716","True","True","1","True","0","0","0","True","2760","3120","0","True","0","True","0","0","19940","-1","-1","-1","-1","-1","-1","-1","-1","-1","144268","-1","167050","-1","50545","-1","-1","-1","0","14","True","0","0","0","True","True","0","0","0","True","0","0","0","True","True","0","0","0","True","0","0","0","0","0","0","0","0","206"
"True","76186","True","True","1","True","0","0","0","True","2880","3360","0","True","0","True","0","0","19940","134920","-1","-1","-1","-1","-1","-1","-1","-1","144268","-1","167050","-1","50545","-1","-1","-1","0","4","True","0","0","0","True","True","0","0","0","True","0","0","0","True","True","0","0","0","True","0","0","0","0","0","0","0","0","207"
"True","76186","True","True","1","True","0","0","0","True","2880","3480","0","True","0","True","0","0","19940","134920","-1","-1","-1","-1","-1","-1","-1","-1","144268","-1","167050","-1","50545","-1","-1","-1","0","4","True","0","0","0","True","True","0","0","0","True","0","0","0","True","True","0","0","0","True","0","0","0","0","0","0","0","0","208"
"True","60236","True","True","1","True","0","0","0","True","2040","3480","40","True","0","True","0","0","19941","134920","-1","-1","-1","-1","-1","-1","-1","-1","144268","-1","167050","-1","50545","-1","-1","-1","0","5","True","0","0","0","True","True","0","0","0","True","0","0","0","True","True","0","0","0","True","0","0","0","0","0","0","0","0","209"
"True","76186","True","True","1","True","0","0","0","True","2040","3240","40","True","0","True","0","0","19941","134920","-1","-1","-1","-1","-1","-1","-1","-1","144268","-1","167050","-1","50545","-1","-1","-1","0","5","True","0","0","0","True","True","0","0","0","True","0","0","0","True","True","0","0","0","True","0","0","0","0","0","0","0","0","210"
"True","62716","True","True","1","True","0","0","0","True","2040","3000","40","True","0","True","0","0","19941","-1","-1","-1","-1","-1","-1","-1","-1","-1","144268","-1","167050","-1","50545","-1","-1","-1","0","14","True","0","0","0","True","True","0","0","0","True","0","0","0","True","True","0","0","0","True","0","0","0","0","0","0","0","0","211"
"True","78667","True","True","1","True","0","0","0","True","1320","3120","80","True","0","True","0","0","1199","134920","-1","-1","-1","-1","-1","-1","-1","-1","144268","-1","167050","-1","50545","-1","-1","-1","0","27","True","0","0","0","True","True","0","0","0","True","0","0","0","True","True","0","0","0","True","0","0","0","0","0","0","0","0","212"
"True","78631","True","True","1","True","0","0","0","True","1560","3360","80","True","0","True","0","0","1199","134920","-1","-1","-1","-1","-1","-1","-1","-1","144268","-1","167050","-1","50545","-1","-1","-1","0","27","True","0","0","0","True","True","0","0","0","True","0","0","0","True","True","0","0","0","True","0","0","0","0","0","0","0","0","213"
"True","76186","True","True","1","True","0","0","0","True","2640","3360","0","True","0","True","0","0","19940","134920","-1","-1","-1","-1","-1","-1","-1","-1","144268","-1","167050","-1","50545","-1","-1","-1","0","4","True","0","0","0","True","True","0","0","0","True","0","0","0","True","True","0","0","0","True","0","0","0","0","0","0","0","0","214"
"True","79023","True","True","1","True","0","0","0","True","2040","3360","40","True","0","True","0","0","19941","-1","-1","-1","-1","-1","-1","-1","-1","-1","144268","-1","167050","-1","50545","-1","-1","-1","0","18","True","0","0","0","True","True","0","0","0","True","0","0","0","True","True","0","0","0","True","0","0","0","0","0","0","0","0","215"
"True","74865","True","True","1","True","0","0","0","True","2640","3960","0","True","0","True","0","0","19940","-1","-1","-1","-1","-1","-1","-1","-1","-1","144268","-1","167050","-1","50545","-1","-1","-1","0","-1","True","0","0","0","True","True","0","0","0","True","0","0","0","True","True","0","0","0","True","0","0","0","0","0","0","0","0","216"
"True","75346","True","True","1","True","0","0","0","True","2520","3960","0.00003051758","True","0","True","0","0","19940","-1","-1","-1","-1","-1","-1","-1","-1","-1","144268","-1","167050","-1","50545","-1","-1","-1","0","-1","True","0","0","0","True","True","0","0","0","True","0","0","0","True","True","0","0","0","True","0","0","0","0","0","0","0","0","217"
"True","78561","True","True","1","True","0","0","0","True","2760","2880","0","True","0","True","0","0","-1","-1","-1","-1","-1","-1","-1","-1","-1","-1","144268","-1","-1","-1","50545","-1","-1","-1","0","-1","True","0","0","0","True","True","0","0","0","True","0","0","0","True","True","0","0","0","True","0","0","0","0","0","0","0","0","218"
"True","78561","True","True","1","True","0","0","0","True","2520","2880","0","True","0","True","0","0","-1","-1","-1","-1","-1","-1","-1","-1","-1","-1","144268","-1","-1","-1","50545","-1","-1","-1","0","-1","True","0","0","0","True","True","0","0","0","True","0","0","0","True","True","0","0","0","True","0","0","0","0","0","0","0","0","219"
"True","130516","True","True","1","True","0","0","0","True","2280","3120","0","True","0","True","0","0","19941","-1","-1","-1","-1","-1","-1","-1","-1","-1","144268","-1","167050","-1","50545","-1","-1","-1","0","-1","True","0","0","0","True","True","0","0","0","True","0","0","0","True","True","0","0","0","True","0","0","0","0","0","0","0","0","220"
"True","130537","True","True","1","True","0","0","0","True","2400","3120","0","True","0","True","0","0","19940","-1","-1","-1","-1","-1","-1","-1","-1","-1","144268","-1","-1","-1","50545","-1","-1","-1","0","-1","True","0","0","0","True","True","0","0","0","True","0","0","0","True","True","0","0","0","True","0","0","0","0","0","0","0","0","221"
"True","130513","True","True","1","True","0","0","0","True","2280","3000","0","True","0","True","0","0","19940","-1","-1","-1","-1","-1","-1","-1","-1","-1","144268","-1","-1","-1","50545","-1","-1","-1","0","-1","True","0","0","0","True","True","0","0","0","True","0","0","0","True","True","0","0","0","True","0","0","0","0","0","0","0","0","222"
"True","130534","True","True","1","True","0","0","0","True","2400","3000","0","True","0","True","0","0","19940","-1","-1","-1","-1","-1","-1","-1","-1","-1","144268","-1","-1","-1","50545","-1","-1","-1","0","-1","True","0","0","0","True","True","0","0","0","True","0","0","0","True","True","0","0","0","True","0","0","0","0","0","0","0","0","223"
"True","130519","True","True","1","True","0","0","0","True","2280","3240","0","True","0","True","0","0","19941","19940","-1","-1","-1","-1","-1","-1","-1","-1","144268","-1","167050","-1","50545","-1","-1","-1","0","-1","True","0","0","0","True","True","0","0","0","True","0","0","0","True","True","0","0","0","True","0","0","0","0","0","0","0","0","224"
"True","130540","True","True","1","True","0","0","0","True","2400","3240","0","True","0","True","0","0","19940","19940","-1","-1","-1","-1","-1","-1","-1","-1","144268","-1","167050","-1","50545","-1","-1","-1","0","-1","True","0","0","0","True","True","0","0","0","True","0","0","0","True","True","0","0","0","True","0","0","0","0","0","0","0","0","225"
"True","130522","True","True","1","True","0","0","0","True","2280","3360","0","True","0","True","0","0","19941","19940","-1","-1","-1","-1","-1","-1","-1","-1","144268","-1","167050","-1","50545","-1","-1","-1","0","-1","True","0","0","0","True","True","0","0","0","True","0","0","0","True","True","0","0","0","True","0","0","0","0","0","0","0","0","226"
"True","130543","True","True","1","True","0","0","0","True","2400","3360","0","True","0","True","0","0","19940","19940","-1","-1","-1","-1","-1","-1","-1","-1","144268","-1","167050","-1","50545","-1","-1","-1","0","-1","True","0","0","0","True","True","0","0","0","True","0","0","0","True","True","0","0","0","True","0","0","0","0","0","0","0","0","227"
"True","130525","True","True","1","True","0","0","0","True","2280","3480","0","True","0","True","0","0","19941","19940","-1","-1","-1","-1","-1","-1","-1","-1","144268","-1","167050","-1","50545","-1","-1","-1","0","-1","True","0","0","0","True","True","0","0","0","True","0","0","0","True","True","0","0","0","True","0","0","0","0","0","0","0","0","228"
"True","130546","True","True","1","True","0","0","0","True","2400","3480","0","True","0","True","0","0","19940","19940","-1","-1","-1","-1","-1","-1","-1","-1","144268","-1","167050","-1","50545","-1","-1","-1","0","-1","True","0","0","0","True","True","0","0","0","True","0","0","0","True","True","0","0","0","True","0","0","0","0","0","0","0","0","229"
"True","130528","True","True","1","True","0","0","0","True","2280","3600","0","True","0","True","0","0","19941","-1","-1","-1","-1","-1","-1","-1","-1","-1","144268","-1","167050","-1","50545","-1","-1","-1","0","-1","True","0","0","0","True","True","0","0","0","True","0","0","0","True","True","0","0","0","True","0","0","0","0","0","0","0","0","230"
"True","130549","True","True","1","True","0","0","0","True","2400","3600","0","True","0","True","0","0","19940","-1","-1","-1","-1","-1","-1","-1","-1","-1","144268","-1","167050","-1","50545","-1","-1","-1","0","-1","True","0","0","0","True","True","0","0","0","True","0","0","0","True","True","0","0","0","True","0","0","0","0","0","0","0","0","231"
"True","130531","True","True","1","True","0","0","0","True","2280","3720","0","True","0","True","0","0","19940","-1","-1","-1","-1","-1","-1","-1","-1","-1","144268","-1","167050","-1","50545","-1","-1","-1","0","-1","True","0","0","0","True","True","0","0","0","True","0","0","0","True","True","0","0","0","True","0","0","0","0","0","0","0","0","232"
"True","130552","True","True","1","True","0","0","0","True","2400","3720","0","True","0","True","0","0","19940","-1","-1","-1","-1","-1","-1","-1","-1","-1","144268","-1","167050","-1","50545","-1","-1","-1","0","-1","True","0","0","0","True","True","0","0","0","True","0","0","0","True","True","0","0","0","True","0","0","0","0","0","0","0","0","233"
"True","78561","True","True","1","True","0","0","0","True","2280","2760","40","True","0","True","0","0","-1","-1","-1","-1","-1","-1","-1","-1","-1","-1","144268","-1","-1","-1","50545","-1","-1","-1","0","-1","True","0","0","0","True","True","0","0","0","True","0","0","0","True","True","0","0","0","True","0","0","0","0","0","0","0","0","234"
"True","78561","True","True","1","True","0","0","0","True","2040","2760","40","True","0","True","0","0","-1","-1","-1","-1","-1","-1","-1","-1","-1","-1","144268","-1","-1","-1","50545","-1","-1","-1","0","-1","True","0","0","0","True","True","0","0","0","True","0","0","0","True","True","0","0","0","True","0","0","0","0","0","0","0","0","235"
"True","74512","True","True","1","True","0","0","0","True","1800","2880","0","True","0","True","0","0","-1","1199","-1","-1","-1","-1","-1","-1","-1","-1","144269","-1","-1","-1","50545","-1","-1","-1","0","-1","True","0","0","0","True","True","0","0","0","True","0","0","0","True","True","0","0","0","True","0","0","0","0","0","0","0","0","236"
"True","74530","True","True","1","True","0","0","0","True","1800","2640","-0.00006103516","True","0","True","0","0","-1","-1","-1","-1","-1","-1","-1","-1","-1","-1","144269","-1","-1","-1","-1","-1","-1","-1","0","-1","True","0","0","0","True","True","0","0","0","True","0","0","0","True","True","0","0","0","True","0","0","0","0","0","0","0","0","237"
"True","75790","True","True","1","True","0","0","0","True","3120","3840","0","True","0","True","0","0","-1","-1","-1","-1","-1","-1","-1","-1","-1","-1","144268","-1","-1","-1","-1","-1","-1","-1","0","-1","True","0","0","0","True","True","0","0","0","True","0","0","0","True","True","0","0","0","True","0","0","0","0","0","0","0","0","238"
"True","74463","True","True","1","True","0","0","0","True","2760","1560","0","True","0","True","0","0","-1","-1","-1","-1","-1","-1","-1","-1","-1","-1","-1","-1","-1","-1","-1","-1","-1","-1","0","-1","True","0","0","0","True","True","0","0","0","True","0","0","0","True","True","0","0","0","True","0","0","0","0","0","0","0","0","239"
"True","75348","True","True","1","True","0","0","0","True","2640","3840","0","True","0","True","0","0","19940","134920","-1","-1","-1","-1","-1","-1","-1","-1","144268","-1","167050","-1","50545","-1","-1","-1","0","4","True","0","0","0","True","True","0","0","0","True","0","0","0","True","True","0","0","0","True","0","0","0","0","0","0","0","0","240"
"True","75347","True","True","1","True","0","0","0","True","2520","3840","0","True","0","True","0","0","19940","134920","-1","-1","-1","-1","-1","-1","-1","-1","144268","-1","167050","-1","50545","-1","-1","-1","0","4","True","0","0","0","True","True","0","0","0","True","0","0","0","True","True","0","0","0","True","0","0","0","0","0","0","0","0","241"
"True","177236","True","True","1","True","0","0","0","True","3000","3600","0","True","0","True","0","0","19940","-1","-1","-1","-1","0","-1","-1","0","-1","144268","-1","167050","-1","50545","-1","-1","-1","0","-1","True","0","0","0","True","True","0","0","0","True","0","0","0","True","True","0","0","0","True","0","0","0","0","0","0","0","0","242"
"True","199322","True","True","1","True","0","0","0","True","3120","1080","0","True","0","True","0","0","19954","-1","-1","-1","-1","-1","-1","-1","-1","-1","141670","-1","162552","-1","63337","-1","-1","-1","0","-1","True","0","0","0","True","True","0","0","0","True","0","0","0","True","True","0","0","0","True","0","0","0","0","0","0","0","0","243"
"True","199325","True","True","1","True","0","0","0","True","3000","1080","0","True","0","True","0","0","19954","-1","-1","-1","-1","-1","-1","-1","-1","-1","141670","-1","162552","-1","63337","-1","-1","-1","0","-1","True","0","0","0","True","True","0","0","0","True","0","0","0","True","True","0","0","0","True","0","0","0","0","0","0","0","0","244"
"True","199329","True","True","1","True","0","0","0","True","2460","360","0","True","0","True","0","0","19952","-1","-1","-1","-1","-1","-1","-1","-1","-1","141670","-1","161928","-1","50551","-1","-1","-1","0","-1","True","0","0","0","True","True","0","0","0","True","0","0","0","True","True","0","0","0","True","0","0","0","0","0","0","0","0","245"
"True","199377","True","True","1","True","0","0","0","True","2280","3840","0","True","0","True","0","0","19940","-1","-1","-1","-1","-1","-1","-1","-1","-1","144268","-1","167050","-1","50545","-1","-1","-1","0","-1","True","0","0","0","True","True","0","0","0","True","0","0","0","True","True","0","0","0","True","0","0","0","0","0","0","0","0","246"
"True","199380","True","True","1","True","0","0","0","True","1800","3480","40","True","0","True","0","0","19941","-1","-1","-1","-1","-1","-1","-1","-1","-1","144268","-1","167050","-1","50545","-1","-1","-1","0","-1","True","0","0","0","True","True","0","0","0","True","0","0","0","True","True","0","0","0","True","0","0","0","0","0","0","0","0","247"
"True","199507","True","True","1","True","0","0","0","True","2160","3360","40","True","0","True","0","0","19941","-1","-1","-1","-1","-1","-1","-1","-1","-1","144268","-1","167050","-1","50545","-1","-1","-1","0","-1","True","0","0","0","True","True","0","0","0","True","0","0","0","True","True","0","0","0","True","0","0","0","0","0","0","0","0","248"
"True","204126","True","True","1","True","0","0","0","True","2880","1440","0","True","0","True","0","0","19954","-1","-1","-1","-1","-1","-1","-1","-1","-1","141670","-1","162552","-1","63337","-1","-1","-1","0","-1","True","0","0","0","True","True","0","0","0","True","0","0","0","True","True","0","0","0","True","0","0","0","0","0","0","0","0","249"
"True","33089","True","True","1","True","0","0","0","True","-240","-480","0","True","0","True","0","0","19789","-1","-1","-1","-1","0","-1","117405","172","-1","143298","-1","164122","-1","84883","-1","-1","-1","0","-1","True","0","0","0","True","True","0","0","0","True","0","0","0","True","True","0","0","0","True","0","0","0","0","0","0","0","0","250"
"True","33061","True","True","1","True","0","0","0","True","0","-720","0","True","0","True","0","0","-1","-1","-1","-1","-1","0","-1","-1","0","-1","-1","-1","-1","-1","-1","-1","-1","-1","0","-1","True","0","0","0","True","True","0","0","0","True","0","0","0","True","True","0","0","0","True","0","0","0","0","0","0","0","0","251"
"True","33061","True","True","1","True","0","0","0","True","-480","-240","0","True","0","True","0","0","-1","-1","-1","-1","-1","0","-1","-1","0","-1","-1","-1","-1","-1","-1","-1","-1","-1","0","-1","True","0","0","0","True","True","0","0","0","True","0","0","0","True","True","0","0","0","True","0","0","0","0","0","0","0","0","252"
"True","33061","True","True","1","True","0","0","0","True","-480","-720","0","True","0","True","0","0","-1","-1","-1","-1","-1","0","-1","-1","0","-1","-1","-1","-1","-1","-1","-1","-1","-1","0","-1","True","0","0","0","True","True","0","0","0","True","0","0","0","True","True","0","0","0","True","0","0","0","0","0","0","0","0","253"
"True","33063","True","True","1","True","0","0","0","True","-480","-480","0","True","0","True","0","0","-1","-1","-1","-1","-1","0","-1","-1","0","-1","-1","-1","-1","-1","-1","-1","-1","-1","0","-1","True","0","0","0","True","True","0","0","0","True","0","0","0","True","True","0","0","0","True","0","0","0","0","0","0","0","0","254"
"True","33062","True","True","1","True","0","0","0","True","0","-240","0","True","0","True","0","0","-1","-1","-1","-1","-1","0","-1","-1","0","-1","-1","-1","-1","-1","-1","-1","-1","-1","0","-1","True","0","0","0","True","True","0","0","0","True","0","0","0","True","True","0","0","0","True","0","0","0","0","0","0","0","0","255"
"True","33062","True","True","1","True","0","0","0","True","0","-480","0","True","0","True","0","0","-1","-1","-1","-1","-1","0","-1","-1","0","-1","-1","-1","-1","-1","-1","-1","-1","-1","0","-1","True","0","0","0","True","True","0","0","0","True","0","0","0","True","True","0","0","0","True","0","0","0","0","0","0","0","0","256"
"True","33090","True","True","1","True","0","0","0","True","-240","-720","0","True","0","True","0","0","19789","-1","-1","-1","-1","-1","-1","-1","-1","-1","-1","-1","-1","-1","-1","-1","-1","-1","0","-1","True","0","0","0","True","True","0","0","0","True","0","0","0","True","True","0","0","0","True","0","0","0","0","0","0","0","0","257"
"True","118245","True","True","1","True","0","0","0","True","240","-120","0","True","0","True","0","0","107051","-1","-1","-1","71150","5","-1","-1","-1","-1","151898","-1","-1","-1","-1","-1","-1","-1","0","-1","True","0","0","0","True","True","0","0","0","True","0","0","0","True","True","0","0","0","True","0","0","0","0","0","0","0","0","258"
"True","83416","True","True","1","True","0","0","0","True","-120","-120","0.00003051758","True","0","True","0","0","105607","-1","-1","-1","71150","215","-1","-1","-1","-1","-1","-1","-1","-1","-1","-1","-1","-1","0","-1","True","0","0","0","True","True","0","0","0","True","0","0","0","True","True","0","0","0","True","0","0","0","0","0","0","0","0","259"
"True","96335","True","True","1","True","0","0","0","True","240","480","-0.00006103516","True","0","True","0","0","86857","-1","-1","-1","109362","195","-1","-1","-1","-1","217336","-1","-1","-1","-1","-1","-1","-1","0","-1","True","0","0","0","True","True","0","0","0","True","0","0","0","True","True","0","0","0","True","0","0","0","0","0","0","0","0","260"
"True","61126","True","True","1","True","0","0","0","True","-480","0","-0.00003051758","True","0","True","0","0","102362","-1","-1","-1","-1","-1","-1","-1","-1","-1","-1","-1","-1","-1","84883","-1","-1","-1","0","-1","True","0","0","0","True","True","0","0","0","True","0","0","0","True","True","0","0","0","True","0","0","0","0","0","0","0","0","261"
"True","61403","True","True","1","True","0","0","0","True","-480","-240","0","True","0","True","0","0","102362","-1","-1","-1","-1","-1","-1","-1","-1","-1","-1","-1","-1","-1","84883","-1","-1","-1","0","-1","True","0","0","0","True","True","0","0","0","True","0","0","0","True","True","0","0","0","True","0","0","0","0","0","0","0","0","262"
"True","33060","True","True","1","True","0","0","0","True","-240","-240","0","True","0","True","0","0","102362","-1","-1","-1","-1","-1","-1","-1","-1","-1","-1","-1","-1","-1","-1","-1","-1","-1","0","-1","True","0","0","0","True","True","0","0","0","True","0","0","0","True","True","0","0","0","True","0","0","0","0","0","0","0","0","263"
"True","33060","True","True","1","True","0","0","0","True","-720","-240","-0.00003051758","True","0","True","0","0","102362","-1","-1","-1","-1","-1","-1","-1","-1","-1","-1","-1","-1","-1","-1","-1","-1","-1","0","-1","True","0","0","0","True","True","0","0","0","True","0","0","0","True","True","0","0","0","True","0","0","0","0","0","0","0","0","264"
"True","33060","True","True","1","True","0","0","0","True","-240","-480","0","True","0","True","0","0","102362","-1","-1","-1","-1","-1","-1","-1","-1","-1","-1","-1","-1","-1","-1","-1","-1","-1","0","-1","True","0","0","0","True","True","0","0","0","True","0","0","0","True","True","0","0","0","True","0","0","0","0","0","0","0","0","265"
"True","33060","True","True","1","True","0","0","0","True","-480","-480","0","True","0","True","0","0","102362","-1","-1","-1","-1","-1","-1","-1","-1","-1","-1","-1","-1","-1","-1","-1","-1","-1","0","-1","True","0","0","0","True","True","0","0","0","True","0","0","0","True","True","0","0","0","True","0","0","0","0","0","0","0","0","266"
"True","33060","True","True","1","True","0","0","0","True","-720","-480","0","True","0","True","0","0","102362","-1","-1","-1","-1","-1","-1","-1","-1","-1","-1","-1","-1","-1","-1","-1","-1","-1","0","-1","True","0","0","0","True","True","0","0","0","True","0","0","0","True","True","0","0","0","True","0","0","0","0","0","0","0","0","267"
"True","33060","True","True","1","True","0","0","0","True","-240","240","0","True","0","True","0","0","102362","-1","-1","-1","-1","-1","-1","-1","-1","-1","-1","-1","-1","-1","-1","-1","-1","-1","0","-1","True","0","0","0","True","True","0","0","0","True","0","0","0","True","True","0","0","0","True","0","0","0","0","0","0","0","0","268"
"True","33060","True","True","1","True","0","0","0","True","-240","480","-0.00003051758","True","0","True","0","0","102362","-1","-1","-1","-1","-1","-1","-1","-1","-1","-1","-1","-1","-1","-1","-1","-1","-1","0","-1","True","0","0","0","True","True","0","0","0","True","0","0","0","True","True","0","0","0","True","0","0","0","0","0","0","0","0","269"
"True","33060","True","True","1","True","0","0","0","True","-480","480","0","True","0","True","0","0","102362","-1","-1","-1","-1","-1","-1","-1","-1","-1","-1","-1","-1","-1","-1","-1","-1","-1","0","-1","True","0","0","0","True","True","0","0","0","True","0","0","0","True","True","0","0","0","True","0","0","0","0","0","0","0","0","270"
"True","33060","True","True","1","True","0","0","0","True","-720","480","-0.00003051758","True","0","True","0","0","102362","-1","-1","-1","-1","-1","-1","-1","-1","-1","-1","-1","-1","-1","-1","-1","-1","-1","0","-1","True","0","0","0","True","True","0","0","0","True","0","0","0","True","True","0","0","0","True","0","0","0","0","0","0","0","0","271"
"True","33060","True","True","1","True","0","0","0","True","-720","240","0","True","0","True","0","0","102362","-1","-1","-1","-1","-1","-1","-1","-1","-1","-1","-1","-1","-1","-1","-1","-1","-1","0","-1","True","0","0","0","True","True","0","0","0","True","0","0","0","True","True","0","0","0","True","0","0","0","0","0","0","0","0","272"
"True","33060","True","True","1","True","0","0","0","True","-720","0","0","True","0","True","0","0","102362","-1","-1","-1","-1","-1","-1","-1","-1","-1","-1","-1","-1","-1","-1","-1","-1","-1","0","-1","True","0","0","0","True","True","0","0","0","True","0","0","0","True","True","0","0","0","True","0","0","0","0","0","0","0","0","273"
"True","61567","True","True","1","True","0","0","0","True","-240","0","0","True","0","True","0","0","102362","-1","-1","-1","60600","171","60601","-1","-1","-1","-1","-1","-1","-1","84883","-1","-1","-1","0","-1","True","0","0","0","True","True","0","0","0","True","0","0","0","True","True","0","0","0","True","0","0","0","0","0","0","0","0","274"
"True","175021","True","True","1","True","0","0","0","True","-480","240","0","True","0","True","0","0","102362","-1","-1","-1","-1","-1","-1","71150","14","72712","-1","-1","-1","-1","84883","-1","-1","-1","0","-1","True","0","0","0","True","True","0","0","0","True","0","0","0","True","True","0","0","0","True","0","0","0","0","0","0","0","0","275"
"True","104423","True","True","1","True","0","0","0","True","360","600","0","True","0","True","0","0","104481","-1","-1","-1","-1","-1","-1","-1","-1","-1","-1","-1","-1","-1","-1","-1","-1","-1","0","-1","True","0","0","0","True","True","0","0","0","True","0","0","0","True","True","0","0","0","True","0","0","0","0","0","0","0","0","276"
"True","118685","True","True","1","True","0","0","0","True","120","120","0","True","0","True","0","0","106756","-1","-1","-1","-1","-1","-1","-1","-1","-1","151898","-1","-1","-1","-1","-1","-1","-1","0","-1","True","0","0","0","True","True","0","0","0","True","0","0","0","True","True","0","0","0","True","0","0","0","0","0","0","0","0","277"
"True","119163","True","True","1","True","0","0","0","True","240","-120","0","True","0","True","0","0","106757","-1","-1","-1","71150","-1","-1","-1","-1","-1","151898","-1","-1","-1","-1","-1","-1","-1","0","-1","True","0","0","0","True","True","0","0","0","True","0","0","0","True","True","0","0","0","True","0","0","0","0","0","0","0","0","278"
"True","80673","True","True","1","True","0","0","0","True","0","-120","0","True","0","True","0","0","103202","-1","-1","-1","71150","220","91133","-1","-1","-1","151898","-1","-1","-1","-1","-1","-1","-1","0","-1","True","0","0","0","True","True","0","0","0","True","0","0","0","True","True","0","0","0","True","0","0","0","0","0","0","0","0","279"
"True","122605","True","True","1","True","0","0","0","True","0","720","0","True","0","True","0","0","107447","-1","-1","-1","71150","221","-1","-1","-1","-1","-1","-1","-1","-1","-1","-1","-1","-1","0","-1","True","0","0","0","True","True","0","0","0","True","0","0","0","True","True","0","0","0","True","0","0","0","0","0","0","0","0","280"
"True","109359","True","True","1","True","0","0","0","True","240","480","-0.00003051758","True","0","True","0","0","109457","-1","-1","-1","71150","223","-1","86856","172","-1","132856","-1","-1","-1","-1","-1","-1","-1","0","-1","True","0","0","0","True","True","0","0","0","True","0","0","0","True","True","0","0","0","True","0","0","0","0","0","0","0","0","281"
"True","130085","True","True","1","True","0","0","0","True","0","0","0","True","0","True","0","0","130163","-1","-1","-1","-1","172","-1","-1","171","-1","-1","-1","-1","-1","-1","-1","-1","-1","0","-1","True","0","0","0","True","True","0","0","0","True","0","0","0","True","True","0","0","0","True","0","0","0","0","0","0","0","0","282"
"True","136312","True","True","1","True","0","0","0","True","-60","-100","0","True","0","True","0","0","83110","-1","-1","-1","-1","-1","-1","-1","-1","-1","151898","-1","-1","-1","-1","-1","-1","-1","0","-1","True","0","0","0","True","True","0","0","0","True","0","0","0","True","True","0","0","0","True","0","0","0","0","0","0","0","0","283"
"True","148533","True","True","1","True","0","0","0","True","0","0","0","True","0","True","0","0","-1","-1","-1","-1","-1","-1","-1","-1","-1","-1","-1","-1","-1","-1","-1","-1","-1","-1","0","-1","True","0","0","0","True","True","0","0","0","True","0","0","0","True","True","0","0","0","True","0","0","0","0","0","0","0","0","284"
"True","32331","True","True","1","True","0","0","0","True","0","-10","0","True","0","True","0","0","-1","-1","-1","-1","-1","-1","-1","-1","-1","-1","-1","-1","-1","-1","-1","-1","-1","-1","0","-1","True","0","0","0","True","True","0","0","0","True","0","0","0","True","True","0","0","0","True","0","0","0","0","0","0","0","0","285"
"True","173439","True","True","1","True","0","0","0","True","0","240","0","True","0","True","0","0","171217","-1","-1","-1","71150","275","-1","-1","-1","-1","151898","-1","-1","-1","-1","-1","-1","-1","0","-1","True","0","0","0","True","True","0","0","0","True","0","0","0","True","True","0","0","0","True","0","0","0","0","0","0","0","0","286"
"True","104423","True","True","1","True","0","0","0","True","360","600","0","True","0","True","0","0","199391","-1","-1","-1","-1","-1","-1","-1","-1","-1","-1","-1","-1","-1","-1","-1","-1","-1","0","-1","True","0","0","0","True","True","0","0","0","True","0","0","0","True","True","0","0","0","True","0","0","0","0","0","0","0","0","287"
"True","117035","True","True","1","True","0","0","0","True","0","0","0","True","0","True","0","0","117411","-1","-1","-1","73261","-1","-1","-1","-1","-1","-1","-1","-1","-1","50542","-1","-1","-1","0","-1","True","0","0","0","True","True","0","0","0","True","0","0","0","True","True","0","0","0","True","0","0","0","0","0","0","0","0","288"
"True","180638","True","True","1","True","0","0","0","True","0","0","0","True","0","True","0","0","185228","-1","-1","-1","-1","-1","-1","-1","-1","-1","-1","-1","-1","-1","-1","-1","-1","-1","0","-1","True","0","0","0","True","True","0","0","0","True","0","0","0","True","True","0","0","0","True","0","0","0","0","0","0","0","0","289"
"True","172876","True","True","1","True","0","0","0","True","0","0","0","True","0","True","0","0","92945","-1","-1","-1","-1","-1","-1","-1","-1","-1","-1","-1","-1","-1","200280","-1","-1","-1","0","-1","True","0","0","0","True","True","0","0","0","True","0","0","0","True","True","0","0","0","True","0","0","0","0","0","0","0","0","290"
"True","204708","True","True","1","True","0","0","0","True","0","0","0","True","0","True","0","0","206142","-1","-1","-1","-1","-1","-1","-1","-1","-1","-1","-1","-1","-1","-1","-1","-1","-1","0","-1","True","0","0","0","True","True","0","0","0","True","0","0","0","True","True","0","0","0","True","0","0","0","0","0","0","0","0","291"
"True","174529","True","True","1","True","0","0","0","True","0","0","0","True","0","True","0","0","174592","-1","-1","-1","-1","-1","-1","-1","-1","-1","-1","-1","-1","-1","-1","-1","-1","-1","0","-1","True","0","0","0","True","True","0","0","0","True","0","0","0","True","True","0","0","0","True","0","0","0","0","0","0","0","0","292"
"True","172888","True","True","1","True","0","0","0","True","-240","0","0","True","0","True","0","0","92945","-1","-1","-1","-1","-1","-1","-1","-1","-1","-1","-1","-1","-1","200280","-1","-1","-1","0","-1","True","0","0","0","True","True","0","0","0","True","0","0","0","True","True","0","0","0","True","0","0","0","0","0","0","0","0","293"
"True","172863","True","True","1","True","0","0","0","True","240","0","0","True","0","True","0","0","92945","-1","-1","-1","-1","-1","-1","-1","-1","-1","-1","-1","-1","-1","200280","-1","-1","-1","0","-1","True","0","0","0","True","True","0","0","0","True","0","0","0","True","True","0","0","0","True","0","0","0","0","0","0","0","0","294"
"True","172884","True","True","1","True","0","0","0","True","-240","240","0","True","0","True","0","0","92945","-1","-1","-1","-1","-1","-1","-1","-1","-1","-1","-1","-1","-1","200280","-1","-1","-1","0","-1","True","0","0","0","True","True","0","0","0","True","0","0","0","True","True","0","0","0","True","0","0","0","0","0","0","0","0","295"
"True","172872","True","True","1","True","0","0","0","True","0","240","0","True","0","True","0","0","92945","-1","-1","-1","-1","-1","-1","-1","-1","-1","-1","-1","-1","-1","200280","-1","-1","-1","0","-1","True","0","0","0","True","True","0","0","0","True","0","0","0","True","True","0","0","0","True","0","0","0","0","0","0","0","0","296"
"True","172908","True","True","1","True","0","0","0","True","240","240","0","True","0","True","0","0","92945","-1","-1","-1","-1","-1","-1","-1","-1","-1","-1","-1","-1","-1","200280","-1","-1","-1","0","-1","True","0","0","0","True","True","0","0","0","True","0","0","0","True","True","0","0","0","True","0","0","0","0","0","0","0","0","297"
"True","161516","True","True","1","True","0","0","0","True","-240","0","0","True","0","True","0","0","168314","-1","-1","-1","-1","-1","-1","-1","-1","-1","-1","-1","-1","-1","-1","-1","-1","-1","0","-1","True","0","0","0","True","True","0","0","0","True","0","0","0","True","True","0","0","0","True","0","0","0","0","0","0","0","0","298"
"True","161510","True","True","1","True","0","0","0","True","0","0","0","True","0","True","0","0","168314","-1","-1","-1","-1","-1","-1","-1","-1","-1","-1","-1","-1","-1","87426","-1","-1","-1","0","-1","True","0","0","0","True","True","0","0","0","True","0","0","0","True","True","0","0","0","True","0","0","0","0","0","0","0","0","299"
"True","185542","True","True","1","True","0","0","0","True","240","0","0","True","0","True","0","0","168314","-1","-1","-1","-1","-1","-1","-1","-1","-1","-1","-1","-1","-1","87426","-1","-1","-1","0","-1","True","0","0","0","True","True","0","0","0","True","0","0","0","True","True","0","0","0","True","0","0","0","0","0","0","0","0","300"
"True","161507","True","True","1","True","0","0","0","True","-240","240","0","True","0","True","0","0","168314","-1","-1","-1","-1","-1","-1","-1","-1","-1","-1","-1","-1","-1","87426","-1","-1","-1","0","-1","True","0","0","0","True","True","0","0","0","True","0","0","0","True","True","0","0","0","True","0","0","0","0","0","0","0","0","301"
"True","161513","True","True","1","True","0","0","0","True","0","240","0","True","0","True","0","0","168314","-1","-1","-1","-1","-1","-1","-1","-1","-1","-1","-1","-1","-1","87426","-1","-1","-1","0","-1","True","0","0","0","True","True","0","0","0","True","0","0","0","True","True","0","0","0","True","0","0","0","0","0","0","0","0","302"
"True","185545","True","True","1","True","0","0","0","True","240","240","0","True","0","True","0","0","168314","-1","-1","-1","-1","-1","-1","-1","-1","-1","-1","-1","-1","-1","87426","-1","-1","-1","0","-1","True","0","0","0","True","True","0","0","0","True","0","0","0","True","True","0","0","0","True","0","0","0","0","0","0","0","0","303"
"True","161518","True","True","1","True","0","0","0","True","0","0","0.00003051758","True","0","True","0","0","168314","-1","-1","-1","-1","-1","-1","-1","-1","-1","-1","-1","-1","-1","87426","-1","-1","-1","0","-1","True","0","0","0","True","True","0","0","0","True","0","0","0","True","True","0","0","0","True","0","0","0","0","0","0","0","0","304"
"True","86590","True","True","1","True","0","0","0","True","-240","0","0","True","0","True","0","0","210451","-1","-1","-1","-1","-1","-1","-1","-1","-1","-1","-1","-1","-1","87426","-1","-1","-1","0","-1","True","0","0","0","True","True","0","0","0","True","0","0","0","True","True","0","0","0","True","0","0","0","0","0","0","0","0","305"
"True","86586","True","True","1","True","0","0","0","True","0","0","0","True","0","True","0","0","210451","-1","-1","-1","-1","-1","-1","-1","-1","-1","-1","-1","-1","-1","87426","-1","-1","-1","0","-1","True","0","0","0","True","True","0","0","0","True","0","0","0","True","True","0","0","0","True","0","0","0","0","0","0","0","0","306"
"True","86583","True","True","1","True","0","0","0","True","240","0","0","True","0","True","0","0","210451","-1","-1","-1","-1","-1","-1","-1","-1","-1","-1","-1","-1","-1","87426","-1","-1","-1","0","-1","True","0","0","0","True","True","0","0","0","True","0","0","0","True","True","0","0","0","True","0","0","0","0","0","0","0","0","307"
"True","86579","True","True","1","True","0","0","0","True","480","0","0","True","0","True","0","0","210451","-1","-1","-1","-1","-1","-1","-1","-1","-1","-1","-1","-1","-1","87426","-1","-1","-1","0","-1","True","0","0","0","True","True","0","0","0","True","0","0","0","True","True","0","0","0","True","0","0","0","0","0","0","0","0","308"
"True","86589","True","True","1","True","0","0","0","True","-240","240","0","True","0","True","0","0","210451","-1","-1","-1","-1","-1","-1","-1","-1","-1","-1","-1","-1","-1","87426","-1","-1","-1","0","-1","True","0","0","0","True","True","0","0","0","True","0","0","0","True","True","0","0","0","True","0","0","0","0","0","0","0","0","309"
"True","86585","True","True","1","True","0","0","0","True","0","240","0","True","0","True","0","0","210451","-1","-1","-1","-1","-1","-1","-1","-1","-1","-1","-1","-1","-1","87426","-1","-1","-1","0","-1","True","0","0","0","True","True","0","0","0","True","0","0","0","True","True","0","0","0","True","0","0","0","0","0","0","0","0","310"
"True","86582","True","True","1","True","0","0","0","True","240","240","0","True","0","True","0","0","210451","-1","-1","-1","-1","-1","-1","-1","-1","-1","-1","-1","-1","-1","87426","-1","-1","-1","0","-1","True","0","0","0","True","True","0","0","0","True","0","0","0","True","True","0","0","0","True","0","0","0","0","0","0","0","0","311"
"True","86578","True","True","1","True","0","0","0","True","480","240","0","True","0","True","0","0","210451","-1","-1","-1","-1","-1","-1","-1","-1","-1","-1","-1","-1","-1","87426","-1","-1","-1","0","-1","True","0","0","0","True","True","0","0","0","True","0","0","0","True","True","0","0","0","True","0","0","0","0","0","0","0","0","312"
"True","183502","True","True","1","True","0","0","0","True","-240","0","0","True","0","True","0","0","197101","-1","-1","-1","-1","-1","-1","-1","-1","-1","-1","-1","-1","-1","200280","-1","-1","-1","0","-1","True","0","0","0","True","True","0","0","0","True","0","0","0","True","True","0","0","0","True","0","0","0","0","0","0","0","0","313"
"True","183505","True","True","1","True","0","0","0","True","0","0","0","True","0","True","0","0","197101","-1","-1","-1","-1","-1","-1","-1","-1","-1","-1","-1","-1","-1","200280","-1","-1","-1","0","-1","True","0","0","0","True","True","0","0","0","True","0","0","0","True","True","0","0","0","True","0","0","0","0","0","0","0","0","314"
"True","183507","True","True","1","True","0","0","0","True","240","0","0","True","0","True","0","0","197101","-1","-1","-1","-1","-1","-1","-1","-1","-1","-1","-1","-1","-1","200280","-1","-1","-1","0","-1","True","0","0","0","True","True","0","0","0","True","0","0","0","True","True","0","0","0","True","0","0","0","0","0","0","0","0","315"
"True","183519","True","True","1","True","0","0","0","True","-240","240","0","True","0","True","0","0","197101","-1","-1","-1","-1","-1","-1","-1","-1","-1","-1","-1","-1","-1","200280","-1","-1","-1","0","-1","True","0","0","0","True","True","0","0","0","True","0","0","0","True","True","0","0","0","True","0","0","0","0","0","0","0","0","316"
"True","183545","True","True","1","True","0","0","0","True","0","240","0","True","0","True","0","0","197101","-1","-1","-1","-1","-1","-1","-1","-1","-1","-1","-1","-1","-1","200280","-1","-1","-1","0","-1","True","0","0","0","True","True","0","0","0","True","0","0","0","True","True","0","0","0","True","0","0","0","0","0","0","0","0","317"
"True","183553","True","True","1","True","0","0","0","True","240","240","0","True","0","True","0","0","197101","-1","-1","-1","-1","-1","-1","-1","-1","-1","-1","-1","-1","-1","200280","-1","-1","-1","0","-1","True","0","0","0","True","True","0","0","0","True","0","0","0","True","True","0","0","0","True","0","0","0","0","0","0","0","0","318"
"True","183801","True","True","1","True","0","0","0","True","0","0","0","True","0","True","0","0","185228","-1","-1","-1","-1","-1","-1","-1","-1","-1","-1","-1","-1","-1","-1","-1","-1","-1","0","-1","True","0","0","0","True","True","0","0","0","True","0","0","0","True","True","0","0","0","True","0","0","0","0","0","0","0","0","319"
"True","186550","True","True","1","True","0","0","0","True","0","0","0","True","0","True","0","0","201250","-1","-1","-1","-1","-1","-1","-1","-1","-1","-1","-1","-1","-1","-1","-1","-1","-1","0","-1","True","0","0","0","True","True","0","0","0","True","0","0","0","True","True","0","0","0","True","0","0","0","0","0","0","0","0","320"
"True","72743","True","True","1","True","0","0","0","True","0","0","0","True","0","True","0","0","62726","-1","-1","-1","-1","-1","-1","-1","-1","-1","-1","-1","-1","-1","-1","-1","-1","-1","0","-1","True","0","0","0","True","True","0","0","0","True","0","0","0","True","True","0","0","0","True","0","0","0","0","0","0","0","0","321"
"True","87882","True","True","1","True","0","0","0","True","-240","-240","0","True","0","True","0","0","129795","-1","-1","-1","-1","-1","-1","-1","-1","-1","-1","-1","-1","-1","-1","-1","-1","-1","0","-1","True","0","0","0","True","True","0","0","0","True","0","0","0","True","True","0","0","0","True","0","0","0","0","0","0","0","0","322"
"True","75965","True","True","1","True","0","0","0","True","0","-240","0","True","0","True","0","0","129795","-1","-1","-1","-1","-1","-1","-1","-1","-1","-1","-1","-1","-1","-1","-1","-1","-1","0","-1","True","0","0","0","True","True","0","0","0","True","0","0","0","True","True","0","0","0","True","0","0","0","0","0","0","0","0","323"
"True","75970","True","True","1","True","0","0","0","True","240","-240","0","True","0","True","0","0","129795","-1","-1","-1","-1","-1","-1","-1","-1","-1","-1","-1","-1","-1","-1","-1","-1","-1","0","-1","True","0","0","0","True","True","0","0","0","True","0","0","0","True","True","0","0","0","True","0","0","0","0","0","0","0","0","324"
"True","75975","True","True","1","True","0","0","0","True","480","-240","0","True","0","True","0","0","129795","-1","-1","-1","-1","-1","-1","-1","-1","-1","-1","-1","-1","-1","-1","-1","-1","-1","0","-1","True","0","0","0","True","True","0","0","0","True","0","0","0","True","True","0","0","0","True","0","0","0","0","0","0","0","0","325"
"True","84737","True","True","1","True","0","0","0","True","-240","0","0","True","0","True","0","0","129795","-1","-1","-1","-1","-1","-1","-1","-1","-1","-1","-1","-1","-1","-1","-1","-1","-1","0","-1","True","0","0","0","True","True","0","0","0","True","0","0","0","True","True","0","0","0","True","0","0","0","0","0","0","0","0","326"
"True","75980","True","True","1","True","0","0","0","True","0","0","0","True","0","True","0","0","129795","-1","-1","-1","-1","-1","-1","-1","-1","-1","-1","-1","-1","-1","-1","-1","-1","-1","0","-1","True","0","0","0","True","True","0","0","0","True","0","0","0","True","True","0","0","0","True","0","0","0","0","0","0","0","0","327"
"True","75985","True","True","1","True","0","0","0","True","240","0","0","True","0","True","0","0","129795","-1","-1","-1","-1","-1","-1","-1","-1","-1","-1","-1","-1","-1","-1","-1","-1","-1","0","-1","True","0","0","0","True","True","0","0","0","True","0","0","0","True","True","0","0","0","True","0","0","0","0","0","0","0","0","328"
"True","75990","True","True","1","True","0","0","0","True","480","0","0","True","0","True","0","0","129795","-1","-1","-1","-1","-1","-1","-1","-1","-1","-1","-1","-1","-1","-1","-1","-1","-1","0","-1","True","0","0","0","True","True","0","0","0","True","0","0","0","True","True","0","0","0","True","0","0","0","0","0","0","0","0","329"
"True","84738","True","True","1","True","0","0","0","True","-240","240","0","True","0","True","0","0","129795","-1","-1","-1","-1","-1","-1","-1","-1","-1","-1","-1","-1","-1","-1","-1","-1","-1","0","-1","True","0","0","0","True","True","0","0","0","True","0","0","0","True","True","0","0","0","True","0","0","0","0","0","0","0","0","330"
"True","75995","True","True","1","True","0","0","0","True","0","240","0","True","0","True","0","0","129795","-1","-1","-1","-1","-1","-1","-1","-1","-1","-1","-1","-1","-1","-1","-1","-1","-1","0","-1","True","0","0","0","True","True","0","0","0","True","0","0","0","True","True","0","0","0","True","0","0","0","0","0","0","0","0","331"
"True","76000","True","True","1","True","0","0","0","True","240","240","0","True","0","True","0","0","19935","-1","-1","-1","-1","-1","-1","-1","-1","-1","-1","-1","-1","-1","-1","-1","-1","-1","0","-1","True","0","0","0","True","True","0","0","0","True","0","0","0","True","True","0","0","0","True","0","0","0","0","0","0","0","0","332"
"True","76005","True","True","1","True","0","0","0","True","480","240","0","True","0","True","0","0","19935","-1","-1","-1","-1","-1","-1","-1","-1","-1","-1","-1","-1","-1","-1","-1","-1","-1","0","-1","True","0","0","0","True","True","0","0","0","True","0","0","0","True","True","0","0","0","True","0","0","0","0","0","0","0","0","333"
"True","84739","True","True","1","True","0","0","0","True","-240","480","0","True","0","True","0","0","19935","-1","-1","-1","-1","-1","-1","-1","-1","-1","-1","-1","-1","-1","-1","-1","-1","-1","0","-1","True","0","0","0","True","True","0","0","0","True","0","0","0","True","True","0","0","0","True","0","0","0","0","0","0","0","0","334"
"True","76010","True","True","1","True","0","0","0","True","0","480","0","True","0","True","0","0","19935","-1","-1","-1","-1","-1","-1","-1","-1","-1","-1","-1","-1","-1","-1","-1","-1","-1","0","-1","True","0","0","0","True","True","0","0","0","True","0","0","0","True","True","0","0","0","True","0","0","0","0","0","0","0","0","335"
"True","76015","True","True","1","True","0","0","0","True","240","480","0","True","0","True","0","0","19935","-1","-1","-1","-1","-1","-1","-1","-1","-1","-1","-1","-1","-1","-1","-1","-1","-1","0","-1","True","0","0","0","True","True","0","0","0","True","0","0","0","True","True","0","0","0","True","0","0","0","0","0","0","0","0","336"
"True","75960","True","True","1","True","0","0","0","True","480","480","0","True","0","True","0","0","19935","-1","-1","-1","-1","-1","-1","-1","-1","-1","-1","-1","-1","-1","-1","-1","-1","-1","0","-1","True","0","0","0","True","True","0","0","0","True","0","0","0","True","True","0","0","0","True","0","0","0","0","0","0","0","0","337"
"True","84717","True","True","1","True","0","0","0","True","0","720","0","True","0","True","0","0","19935","-1","-1","-1","-1","-1","-1","-1","-1","-1","-1","-1","-1","-1","-1","-1","-1","-1","0","-1","True","0","0","0","True","True","0","0","0","True","0","0","0","True","True","0","0","0","True","0","0","0","0","0","0","0","0","338"
"True","84718","True","True","1","True","0","0","0","True","240","720","0","True","0","True","0","0","19935","-1","-1","-1","-1","-1","-1","-1","-1","-1","-1","-1","-1","-1","-1","-1","-1","-1","0","-1","True","0","0","0","True","True","0","0","0","True","0","0","0","True","True","0","0","0","True","0","0","0","0","0","0","0","0","339"
"True","31268","True","True","1","True","0","0","0","True","1440","0","0","True","0","True","0","0","19839","-1","-1","-1","-1","-1","-1","-1","-1","-1","-1","-1","-1","-1","87426","-1","-1","-1","0","-1","True","0","0","0","True","True","0","0","0","True","0","0","0","True","True","0","0","0","True","0","0","0","0","0","0","0","0","340"
"True","31269","True","True","1","True","0","0","0","True","1680","0","0","True","0","True","0","0","19839","-1","-1","-1","-1","-1","-1","-1","-1","-1","-1","-1","-1","-1","87426","-1","-1","-1","0","-1","True","0","0","0","True","True","0","0","0","True","0","0","0","True","True","0","0","0","True","0","0","0","0","0","0","0","0","341"
"True","1795","True","True","1","True","0","0","0","True","1920","0","0","True","0","True","0","0","19839","-1","-1","-1","-1","-1","-1","-1","-1","-1","-1","-1","-1","-1","87426","-1","-1","-1","0","-1","True","0","0","0","True","True","0","0","0","True","0","0","0","True","True","0","0","0","True","0","0","0","0","0","0","0","0","342"
"True","31270","True","True","1","True","0","0","0","True","2160","0","0","True","0","True","0","0","19839","-1","-1","-1","-1","-1","-1","-1","-1","-1","-1","-1","-1","-1","87426","-1","-1","-1","0","-1","True","0","0","0","True","True","0","0","0","True","0","0","0","True","True","0","0","0","True","0","0","0","0","0","0","0","0","343"
"True","31282","True","True","1","True","0","0","0","True","1200","240","0","True","0","True","0","0","19839","-1","-1","-1","-1","-1","-1","-1","-1","-1","-1","-1","-1","-1","87426","-1","-1","-1","0","-1","True","0","0","0","True","True","0","0","0","True","0","0","0","True","True","0","0","0","True","0","0","0","0","0","0","0","0","344"
"True","31283","True","True","1","True","0","0","0","True","1440","240","0","True","0","True","0","0","63666","-1","-1","-1","-1","-1","-1","-1","-1","-1","-1","-1","-1","-1","87426","-1","-1","-1","0","-1","True","0","0","0","True","True","0","0","0","True","0","0","0","True","True","0","0","0","True","0","0","0","0","0","0","0","0","345"
"True","31284","True","True","1","True","0","0","0","True","1680","240","0","True","0","True","0","0","63666","-1","-1","-1","-1","-1","-1","-1","-1","-1","-1","-1","-1","-1","87426","-1","-1","-1","0","-1","True","0","0","0","True","True","0","0","0","True","0","0","0","True","True","0","0","0","True","0","0","0","0","0","0","0","0","346"
"True","31285","True","True","1","True","0","0","0","True","1920","240","0","True","0","True","0","0","19839","-1","-1","-1","-1","-1","-1","-1","-1","-1","-1","-1","-1","-1","87426","-1","-1","-1","0","-1","True","0","0","0","True","True","0","0","0","True","0","0","0","True","True","0","0","0","True","0","0","0","0","0","0","0","0","347"
"True","31286","True","True","1","True","0","0","0","True","2160","240","0","True","0","True","0","0","19839","-1","-1","-1","-1","-1","-1","-1","-1","-1","-1","-1","-1","-1","87426","-1","-1","-1","0","30","True","0","0","0","True","True","0","0","0","True","0","0","0","True","True","0","0","0","True","0","0","0","0","0","0","0","0","348"
"True","31301","True","True","1","True","0","0","0","True","1200","480","0","True","0","True","0","0","19839","-1","-1","-1","-1","-1","-1","-1","-1","-1","-1","-1","-1","-1","87426","-1","-1","-1","0","-1","True","0","0","0","True","True","0","0","0","True","0","0","0","True","True","0","0","0","True","0","0","0","0","0","0","0","0","349"
"True","31302","True","True","1","True","0","0","0","True","1440","480","0","True","0","True","0","0","19839","-1","-1","-1","-1","-1","-1","-1","-1","-1","-1","-1","-1","-1","87426","-1","-1","-1","0","30","True","0","0","0","True","True","0","0","0","True","0","0","0","True","True","0","0","0","True","0","0","0","0","0","0","0","0","350"
"True","31303","True","True","1","True","0","0","0","True","1680","480","0","True","0","True","0","0","19839","-1","-1","-1","-1","-1","-1","-1","-1","-1","-1","-1","-1","-1","87426","-1","-1","-1","0","30","True","0","0","0","True","True","0","0","0","True","0","0","0","True","True","0","0","0","True","0","0","0","0","0","0","0","0","351"
"True","31304","True","True","1","True","0","0","0","True","1920","480","0","True","0","True","0","0","19839","-1","-1","-1","-1","-1","-1","-1","-1","-1","-1","-1","-1","-1","87426","-1","-1","-1","0","31","True","0","0","0","True","True","0","0","0","True","0","0","0","True","True","0","0","0","True","0","0","0","0","0","0","0","0","352"
"True","31305","True","True","1","True","0","0","0","True","2160","480","0","True","0","True","0","0","19839","-1","-1","-1","-1","-1","-1","-1","-1","-1","-1","-1","-1","-1","87426","-1","-1","-1","0","-1","True","0","0","0","True","True","0","0","0","True","0","0","0","True","True","0","0","0","True","0","0","0","0","0","0","0","0","353"
"True","31319","True","True","1","True","0","0","0","True","960","720","0","True","0","True","0","0","19839","-1","-1","-1","-1","-1","-1","-1","-1","-1","-1","-1","-1","-1","87426","-1","-1","-1","0","-1","True","0","0","0","True","True","0","0","0","True","0","0","0","True","True","0","0","0","True","0","0","0","0","0","0","0","0","354"
"True","31320","True","True","1","True","0","0","0","True","1200","720","0","True","0","True","0","0","19839","-1","-1","-1","-1","-1","-1","-1","-1","-1","-1","-1","-1","-1","87426","-1","-1","-1","0","-1","True","0","0","0","True","True","0","0","0","True","0","0","0","True","True","0","0","0","True","0","0","0","0","0","0","0","0","355"
"True","31321","True","True","1","True","0","0","0","True","1440","720","0","True","0","True","0","0","19839","-1","-1","-1","-1","-1","-1","-1","-1","-1","-1","-1","-1","-1","87426","-1","-1","-1","0","31","True","0","0","0","True","True","0","0","0","True","0","0","0","True","True","0","0","0","True","0","0","0","0","0","0","0","0","356"
"True","31322","True","True","1","True","0","0","0","True","1680","720","0","True","0","True","0","0","19839","-1","-1","-1","-1","-1","-1","-1","-1","-1","-1","-1","-1","-1","87426","-1","-1","-1","0","30","True","0","0","0","True","True","0","0","0","True","0","0","0","True","True","0","0","0","True","0","0","0","0","0","0","0","0","357"
"True","31323","True","True","1","True","0","0","0","True","1920","720","0","True","0","True","0","0","19839","-1","-1","-1","-1","-1","-1","-1","-1","-1","-1","-1","-1","-1","87426","-1","-1","-1","0","-1","True","0","0","0","True","True","0","0","0","True","0","0","0","True","True","0","0","0","True","0","0","0","0","0","0","0","0","358"
"True","31324","True","True","1","True","0","0","0","True","2160","720","0","True","0","True","0","0","19839","-1","-1","-1","-1","-1","-1","-1","-1","-1","-1","-1","-1","-1","87426","-1","-1","-1","0","30","True","0","0","0","True","True","0","0","0","True","0","0","0","True","True","0","0","0","True","0","0","0","0","0","0","0","0","359"
"True","31325","True","True","1","True","0","0","0","True","2400","720","0","True","0","True","0","0","19839","-1","-1","-1","-1","-1","-1","-1","-1","-1","-1","-1","-1","-1","87426","-1","-1","-1","0","-1","True","0","0","0","True","True","0","0","0","True","0","0","0","True","True","0","0","0","True","0","0","0","0","0","0","0","0","360"
"True","31326","True","True","1","True","0","0","0","True","2640","720","0","True","0","True","0","0","19839","-1","-1","-1","-1","-1","-1","-1","-1","-1","-1","-1","-1","-1","87426","-1","-1","-1","0","-1","True","0","0","0","True","True","0","0","0","True","0","0","0","True","True","0","0","0","True","0","0","0","0","0","0","0","0","361"
"True","31340","True","True","1","True","0","0","0","True","960","960","0","True","0","True","0","0","-1","-1","-1","-1","-1","-1","-1","-1","-1","-1","-1","-1","-1","-1","87426","-1","-1","-1","0","-1","True","0","0","0","True","True","0","0","0","True","0","0","0","True","True","0","0","0","True","0","0","0","0","0","0","0","0","362"
"True","31341","True","True","1","True","0","0","0","True","1200","960","0","True","0","True","0","0","-1","-1","-1","-1","-1","-1","-1","-1","-1","-1","-1","-1","-1","-1","87426","-1","-1","-1","0","-1","True","0","0","0","True","True","0","0","0","True","0","0","0","True","True","0","0","0","True","0","0","0","0","0","0","0","0","363"
"True","31342","True","True","1","True","0","0","0","True","1440","960","0","True","0","True","0","0","19835","-1","-1","-1","-1","-1","-1","-1","-1","-1","-1","-1","-1","-1","87426","-1","-1","-1","0","-1","True","0","0","0","True","True","0","0","0","True","0","0","0","True","True","0","0","0","True","0","0","0","0","0","0","0","0","364"
"True","31343","True","True","1","True","0","0","0","True","1680","960","0","True","0","True","0","0","19835","-1","-1","-1","-1","-1","-1","-1","-1","-1","-1","-1","-1","-1","87426","-1","-1","-1","0","-1","True","0","0","0","True","True","0","0","0","True","0","0","0","True","True","0","0","0","True","0","0","0","0","0","0","0","0","365"
"True","31344","True","True","1","True","0","0","0","True","1920","960","0","True","0","True","0","0","19839","-1","-1","-1","-1","-1","-1","-1","-1","-1","-1","-1","-1","-1","87426","-1","-1","-1","0","30","True","0","0","0","True","True","0","0","0","True","0","0","0","True","True","0","0","0","True","0","0","0","0","0","0","0","0","366"
"True","31345","True","True","1","True","0","0","0","True","2160","960","0","True","0","True","0","0","19838","-1","-1","-1","-1","-1","-1","-1","-1","-1","-1","-1","-1","-1","87426","-1","-1","-1","0","-1","True","0","0","0","True","True","0","0","0","True","0","0","0","True","True","0","0","0","True","0","0","0","0","0","0","0","0","367"
"True","1799","True","True","1","True","0","0","0","True","2400","960","0","True","0","True","0","0","19839","-1","-1","-1","-1","-1","-1","-1","-1","-1","-1","-1","-1","-1","87426","-1","-1","-1","0","30","True","0","0","0","True","True","0","0","0","True","0","0","0","True","True","0","0","0","True","0","0","0","0","0","0","0","0","368"
"True","31346","True","True","1","True","0","0","0","True","2640","960","0","True","0","True","0","0","19839","-1","-1","-1","-1","-1","-1","-1","-1","-1","-1","-1","-1","-1","87426","-1","-1","-1","0","-1","True","0","0","0","True","True","0","0","0","True","0","0","0","True","True","0","0","0","True","0","0","0","0","0","0","0","0","369"
"True","31361","True","True","1","True","0","0","0","True","960","1200","0","True","0","True","0","0","19825","-1","-1","-1","-1","-1","-1","-1","-1","-1","-1","-1","-1","-1","87426","-1","-1","-1","0","-1","True","0","0","0","True","True","0","0","0","True","0","0","0","True","True","0","0","0","True","0","0","0","0","0","0","0","0","370"
"True","31362","True","True","1","True","0","0","0","True","1200","1200","0","True","0","True","0","0","19825","-1","-1","-1","-1","-1","-1","-1","-1","-1","-1","-1","-1","-1","87426","-1","-1","-1","0","-1","True","0","0","0","True","True","0","0","0","True","0","0","0","True","True","0","0","0","True","0","0","0","0","0","0","0","0","371"
"True","31363","True","True","1","True","0","0","0","True","1440","1200","0","True","0","True","0","0","19835","-1","-1","-1","-1","-1","-1","-1","-1","-1","-1","-1","-1","-1","87426","-1","-1","-1","0","-1","True","0","0","0","True","True","0","0","0","True","0","0","0","True","True","0","0","0","True","0","0","0","0","0","0","0","0","372"
"True","31364","True","True","1","True","0","0","0","True","1680","1200","0","True","0","True","0","0","19835","-1","-1","-1","-1","-1","-1","-1","-1","-1","-1","-1","-1","-1","87426","-1","-1","-1","0","-1","True","0","0","0","True","True","0","0","0","True","0","0","0","True","True","0","0","0","True","0","0","0","0","0","0","0","0","373"
"True","1800","True","True","1","True","0","0","0","True","1920","1200","0","True","0","True","0","0","19839","-1","-1","-1","-1","-1","-1","-1","-1","-1","-1","-1","-1","-1","87426","-1","-1","-1","0","-1","True","0","0","0","True","True","0","0","0","True","0","0","0","True","True","0","0","0","True","0","0","0","0","0","0","0","0","374"
"True","31365","True","True","1","True","0","0","0","True","2160","1200","0","True","0","True","0","0","19839","-1","-1","-1","-1","-1","-1","-1","-1","-1","-1","-1","-1","-1","87426","-1","-1","-1","0","-1","True","0","0","0","True","True","0","0","0","True","0","0","0","True","True","0","0","0","True","0","0","0","0","0","0","0","0","375"
"True","31366","True","True","1","True","0","0","0","True","2400","1200","0","True","0","True","0","0","19839","-1","-1","-1","-1","-1","-1","-1","-1","-1","-1","-1","-1","-1","87426","-1","-1","-1","0","31","True","0","0","0","True","True","0","0","0","True","0","0","0","True","True","0","0","0","True","0","0","0","0","0","0","0","0","376"
"True","31367","True","True","1","True","0","0","0","True","2640","1200","0","True","0","True","0","0","19839","-1","-1","-1","-1","-1","-1","-1","-1","-1","-1","-1","-1","-1","87426","-1","-1","-1","0","30","True","0","0","0","True","True","0","0","0","True","0","0","0","True","True","0","0","0","True","0","0","0","0","0","0","0","0","377"
"True","31368","True","True","1","True","0","0","0","True","2880","1200","0","True","0","True","0","0","19839","-1","-1","-1","-1","-1","-1","-1","-1","-1","-1","-1","-1","-1","87426","-1","-1","-1","0","-1","True","0","0","0","True","True","0","0","0","True","0","0","0","True","True","0","0","0","True","0","0","0","0","0","0","0","0","378"
"True","31369","True","True","1","True","0","0","0","True","3120","1200","0","True","0","True","0","0","19839","-1","-1","-1","-1","-1","-1","-1","-1","-1","-1","-1","-1","-1","87426","-1","-1","-1","0","-1","True","0","0","0","True","True","0","0","0","True","0","0","0","True","True","0","0","0","True","0","0","0","0","0","0","0","0","379"
"True","110462","True","True","1","True","0","0","0","True","3360","1200","0","True","0","True","0","0","-1","-1","-1","-1","-1","-1","-1","-1","-1","-1","-1","-1","-1","-1","87426","-1","-1","-1","0","-1","True","0","0","0","True","True","0","0","0","True","0","0","0","True","True","0","0","0","True","0","0","0","0","0","0","0","0","380"
"True","110459","True","True","1","True","0","0","0","True","3600","1200","0","True","0","True","0","0","102964","-1","-1","-1","-1","-1","-1","-1","-1","-1","-1","-1","-1","-1","87426","-1","-1","-1","0","-1","True","0","0","0","True","True","0","0","0","True","0","0","0","True","True","0","0","0","True","0","0","0","0","0","0","0","0","381"
"True","110456","True","True","1","True","0","0","0","True","3840","1200","0","True","0","True","0","0","102964","-1","-1","-1","-1","-1","-1","-1","-1","-1","-1","-1","-1","-1","87426","-1","-1","-1","0","-1","True","0","0","0","True","True","0","0","0","True","0","0","0","True","True","0","0","0","True","0","0","0","0","0","0","0","0","382"
"True","31381","True","True","1","True","0","0","0","True","720","1440","0","True","0","True","0","0","19839","-1","-1","-1","-1","-1","-1","-1","-1","-1","-1","-1","-1","-1","87426","-1","-1","-1","0","-1","True","0","0","0","True","True","0","0","0","True","0","0","0","True","True","0","0","0","True","0","0","0","0","0","0","0","0","383"
"True","31382","True","True","1","True","0","0","0","True","960","1440","0","True","0","True","0","0","19825","-1","-1","-1","-1","-1","-1","-1","-1","-1","-1","-1","-1","-1","87426","-1","-1","-1","0","-1","True","0","0","0","True","True","0","0","0","True","0","0","0","True","True","0","0","0","True","0","0","0","0","0","0","0","0","384"
"True","31383","True","True","1","True","0","0","0","True","1200","1440","0","True","0","True","0","0","19825","-1","-1","-1","-1","-1","-1","-1","-1","-1","-1","-1","-1","-1","87426","-1","-1","-1","0","-1","True","0","0","0","True","True","0","0","0","True","0","0","0","True","True","0","0","0","True","0","0","0","0","0","0","0","0","385"
"True","1801","True","True","1","True","0","0","0","True","1440","1440","0","True","0","True","0","0","19839","-1","-1","-1","-1","-1","-1","-1","-1","-1","-1","-1","-1","-1","87426","-1","-1","-1","0","-1","True","0","0","0","True","True","0","0","0","True","0","0","0","True","True","0","0","0","True","0","0","0","0","0","0","0","0","386"
"True","31385","True","True","1","True","0","0","0","True","1920","1440","0","True","0","True","0","0","19839","-1","-1","-1","-1","-1","-1","-1","-1","-1","-1","-1","-1","-1","87426","-1","-1","-1","0","-1","True","0","0","0","True","True","0","0","0","True","0","0","0","True","True","0","0","0","True","0","0","0","0","0","0","0","0","387"
"True","31386","True","True","1","True","0","0","0","True","2160","1440","0","True","0","True","0","0","19839","-1","-1","-1","-1","-1","-1","-1","-1","-1","-1","-1","-1","-1","87426","-1","-1","-1","0","30","True","0","0","0","True","True","0","0","0","True","0","0","0","True","True","0","0","0","True","0","0","0","0","0","0","0","0","388"
"True","31387","True","True","1","True","0","0","0","True","2400","1440","0","True","0","True","0","0","19839","-1","-1","-1","-1","-1","-1","-1","-1","-1","-1","-1","-1","-1","87426","-1","-1","-1","0","30","True","0","0","0","True","True","0","0","0","True","0","0","0","True","True","0","0","0","True","0","0","0","0","0","0","0","0","389"
"True","31388","True","True","1","True","0","0","0","True","2640","1440","0","True","0","True","0","0","19839","-1","-1","-1","-1","-1","-1","-1","-1","-1","-1","-1","-1","-1","87426","-1","-1","-1","0","-1","True","0","0","0","True","True","0","0","0","True","0","0","0","True","True","0","0","0","True","0","0","0","0","0","0","0","0","390"
"True","31389","True","True","1","True","0","0","0","True","2880","1440","0","True","0","True","0","0","19839","-1","-1","-1","-1","-1","-1","-1","-1","-1","-1","-1","-1","-1","87426","-1","-1","-1","0","30","True","0","0","0","True","True","0","0","0","True","0","0","0","True","True","0","0","0","True","0","0","0","0","0","0","0","0","391"
"True","31390","True","True","1","True","0","0","0","True","3120","1440","0","True","0","True","0","0","19839","-1","-1","-1","-1","-1","-1","-1","-1","-1","-1","-1","-1","-1","87426","-1","-1","-1","0","-1","True","0","0","0","True","True","0","0","0","True","0","0","0","True","True","0","0","0","True","0","0","0","0","0","0","0","0","392"
"True","31391","True","True","1","True","0","0","0","True","3360","1440","0","True","0","True","0","0","19839","-1","-1","-1","-1","-1","-1","-1","-1","-1","-1","-1","-1","-1","87426","-1","-1","-1","0","-1","True","0","0","0","True","True","0","0","0","True","0","0","0","True","True","0","0","0","True","0","0","0","0","0","0","0","0","393"
"True","110465","True","True","1","True","0","0","0","True","3600","1440","0","True","0","True","0","0","102964","-1","-1","-1","-1","-1","-1","-1","-1","-1","-1","-1","-1","-1","87426","-1","-1","-1","0","-1","True","0","0","0","True","True","0","0","0","True","0","0","0","True","True","0","0","0","True","0","0","0","0","0","0","0","0","394"
"True","110453","True","True","1","True","0","0","0","True","3840","1440","0","True","0","True","0","0","102964","-1","-1","-1","-1","-1","-1","-1","-1","-1","-1","-1","-1","-1","87426","-1","-1","-1","0","-1","True","0","0","0","True","True","0","0","0","True","0","0","0","True","True","0","0","0","True","0","0","0","0","0","0","0","0","395"
"True","31405","True","True","1","True","0","0","0","True","1680","1680","0","True","0","True","0","0","19839","-1","-1","-1","-1","-1","-1","-1","-1","-1","-1","-1","-1","-1","87426","-1","-1","-1","0","-1","True","0","0","0","True","True","0","0","0","True","0","0","0","True","True","0","0","0","True","0","0","0","0","0","0","0","0","396"
"True","31406","True","True","1","True","0","0","0","True","1920","1680","0","True","0","True","0","0","19839","-1","-1","-1","-1","-1","-1","-1","-1","-1","-1","-1","-1","-1","87426","-1","-1","-1","0","-1","True","0","0","0","True","True","0","0","0","True","0","0","0","True","True","0","0","0","True","0","0","0","0","0","0","0","0","397"
"True","31407","True","True","1","True","0","0","0","True","2160","1680","0","True","0","True","0","0","19839","-1","-1","-1","-1","-1","-1","-1","-1","-1","-1","-1","-1","-1","87426","-1","-1","-1","0","-1","True","0","0","0","True","True","0","0","0","True","0","0","0","True","True","0","0","0","True","0","0","0","0","0","0","0","0","398"
"True","31408","True","True","1","True","0","0","0","True","2400","1680","0","True","0","True","0","0","19839","-1","-1","-1","-1","-1","-1","-1","-1","-1","-1","-1","-1","-1","87426","-1","-1","-1","0","-1","True","0","0","0","True","True","0","0","0","True","0","0","0","True","True","0","0","0","True","0","0","0","0","0","0","0","0","399"
"True","31409","True","True","1","True","0","0","0","True","2640","1680","0","True","0","True","0","0","19839","-1","-1","-1","-1","-1","-1","-1","-1","-1","-1","-1","-1","-1","87426","-1","-1","-1","0","-1","True","0","0","0","True","True","0","0","0","True","0","0","0","True","True","0","0","0","True","0","0","0","0","0","0","0","0","400"
"True","31410","True","True","1","True","0","0","0","True","2880","1680","0","True","0","True","0","0","19839","-1","-1","-1","-1","-1","-1","-1","-1","-1","-1","-1","-1","-1","87426","-1","-1","-1","0","-1","True","0","0","0","True","True","0","0","0","True","0","0","0","True","True","0","0","0","True","0","0","0","0","0","0","0","0","401"
"True","31411","True","True","1","True","0","0","0","True","3120","1680","0","True","0","True","0","0","19839","-1","-1","-1","-1","-1","-1","-1","-1","-1","-1","-1","-1","-1","87426","-1","-1","-1","0","-1","True","0","0","0","True","True","0","0","0","True","0","0","0","True","True","0","0","0","True","0","0","0","0","0","0","0","0","402"
"True","31412","True","True","1","True","0","0","0","True","3360","1680","0","True","0","True","0","0","19839","-1","-1","-1","-1","-1","-1","-1","-1","-1","-1","-1","-1","-1","87426","-1","-1","-1","0","-1","True","0","0","0","True","True","0","0","0","True","0","0","0","True","True","0","0","0","True","0","0","0","0","0","0","0","0","403"
"True","31413","True","True","1","True","0","0","0","True","3600","1680","0","True","0","True","0","0","102964","-1","-1","-1","-1","-1","-1","-1","-1","-1","-1","-1","-1","-1","87426","-1","-1","-1","0","-1","True","0","0","0","True","True","0","0","0","True","0","0","0","True","True","0","0","0","True","0","0","0","0","0","0","0","0","404"
"True","110450","True","True","1","True","0","0","0","True","3840","1680","0","True","0","True","0","0","102964","-1","-1","-1","-1","-1","-1","-1","-1","-1","-1","-1","-1","-1","87426","-1","-1","-1","0","-1","True","0","0","0","True","True","0","0","0","True","0","0","0","True","True","0","0","0","True","0","0","0","0","0","0","0","0","405"
"True","31432","True","True","1","True","0","0","0","True","3120","1920","0","True","0","True","0","0","19839","-1","-1","-1","-1","-1","-1","-1","-1","-1","-1","-1","-1","-1","87426","-1","-1","-1","0","-1","True","0","0","0","True","True","0","0","0","True","0","0","0","True","True","0","0","0","True","0","0","0","0","0","0","0","0","406"
"True","31433","True","True","1","True","0","0","0","True","3360","1920","0","True","0","True","0","0","19839","-1","-1","-1","-1","-1","-1","-1","-1","-1","-1","-1","-1","-1","87426","-1","-1","-1","0","-1","True","0","0","0","True","True","0","0","0","True","0","0","0","True","True","0","0","0","True","0","0","0","0","0","0","0","0","407"
"True","161832","True","True","1","True","0","0","0","True","480","-240","0","True","0","True","0","0","109514","-1","-1","-1","-1","-1","-1","-1","-1","-1","-1","-1","-1","-1","103137","-1","-1","-1","0","-1","True","0","0","0","True","True","0","0","0","True","0","0","0","True","True","0","0","0","True","0","0","0","0","0","0","0","0","408"
"True","160440","True","True","1","True","0","0","0","True","720","-240","0","True","0","True","0","0","109514","-1","-1","-1","-1","-1","-1","-1","-1","-1","-1","-1","-1","-1","103137","-1","-1","-1","0","-1","True","0","0","0","True","True","0","0","0","True","0","0","0","True","True","0","0","0","True","0","0","0","0","0","0","0","0","409"
"True","160434","True","True","1","True","0","0","0","True","960","-240","0","True","0","True","0","0","109514","-1","-1","-1","-1","-1","-1","-1","-1","-1","-1","-1","-1","-1","103137","-1","-1","-1","0","-1","True","0","0","0","True","True","0","0","0","True","0","0","0","True","True","0","0","0","True","0","0","0","0","0","0","0","0","410"
"True","160437","True","True","1","True","0","0","0","True","1200","-240","0","True","0","True","0","0","109514","-1","-1","-1","-1","-1","-1","-1","-1","-1","-1","-1","-1","-1","103137","-1","-1","-1","0","-1","True","0","0","0","True","True","0","0","0","True","0","0","0","True","True","0","0","0","True","0","0","0","0","0","0","0","0","411"
"True","117202","True","True","1","True","0","0","0","True","480","0","0","True","0","True","0","0","109514","-1","-1","-1","-1","-1","-1","-1","-1","-1","-1","-1","-1","-1","103137","-1","-1","-1","0","-1","True","0","0","0","True","True","0","0","0","True","0","0","0","True","True","0","0","0","True","0","0","0","0","0","0","0","0","412"
"True","117190","True","True","1","True","0","0","0","True","720","0","0","True","0","True","0","0","109514","-1","-1","-1","-1","-1","-1","-1","-1","-1","-1","-1","-1","-1","103137","-1","-1","-1","0","-1","True","0","0","0","True","True","0","0","0","True","0","0","0","True","True","0","0","0","True","0","0","0","0","0","0","0","0","413"
"True","157408","True","True","1","True","0","0","0","True","960","0","0","True","0","True","0","0","109514","-1","-1","-1","-1","-1","-1","-1","-1","-1","-1","-1","-1","-1","103137","-1","-1","-1","0","-1","True","0","0","0","True","True","0","0","0","True","0","0","0","True","True","0","0","0","True","0","0","0","0","0","0","0","0","414"
"True","117199","True","True","1","True","0","0","0","True","480","240","0","True","0","True","0","0","109514","-1","-1","-1","-1","-1","-1","-1","-1","-1","-1","-1","-1","-1","103137","-1","-1","-1","0","-1","True","0","0","0","True","True","0","0","0","True","0","0","0","True","True","0","0","0","True","0","0","0","0","0","0","0","0","415"
"True","117187","True","True","1","True","0","0","0","True","720","240","0","True","0","True","0","0","109514","-1","-1","-1","-1","-1","-1","-1","-1","-1","-1","-1","-1","-1","103137","-1","-1","-1","0","-1","True","0","0","0","True","True","0","0","0","True","0","0","0","True","True","0","0","0","True","0","0","0","0","0","0","0","0","416"
"True","117178","True","True","1","True","0","0","0","True","960","240","0","True","0","True","0","0","109514","-1","-1","-1","-1","-1","-1","-1","-1","-1","-1","-1","-1","-1","103137","-1","-1","-1","0","-1","True","0","0","0","True","True","0","0","0","True","0","0","0","True","True","0","0","0","True","0","0","0","0","0","0","0","0","417"
"True","117208","True","True","1","True","0","0","0","True","240","480","0","True","0","True","0","0","109514","-1","-1","-1","-1","-1","-1","-1","-1","-1","-1","-1","-1","-1","103137","-1","-1","-1","0","-1","True","0","0","0","True","True","0","0","0","True","0","0","0","True","True","0","0","0","True","0","0","0","0","0","0","0","0","418"
"True","117223","True","True","1","True","0","0","0","True","480","480","0","True","0","True","0","0","109514","-1","-1","-1","-1","-1","-1","-1","-1","-1","-1","-1","-1","-1","103137","-1","-1","-1","0","-1","True","0","0","0","True","True","0","0","0","True","0","0","0","True","True","0","0","0","True","0","0","0","0","0","0","0","0","419"
"True","117184","True","True","1","True","0","0","0","True","720","480","0","True","0","True","0","0","109514","-1","-1","-1","-1","-1","-1","-1","-1","-1","-1","-1","-1","-1","103137","-1","-1","-1","0","-1","True","0","0","0","True","True","0","0","0","True","0","0","0","True","True","0","0","0","True","0","0","0","0","0","0","0","0","420"
"True","117175","True","True","1","True","0","0","0","True","960","480","0","True","0","True","0","0","109514","-1","-1","-1","-1","-1","-1","-1","-1","-1","-1","-1","-1","-1","103137","-1","-1","-1","0","-1","True","0","0","0","True","True","0","0","0","True","0","0","0","True","True","0","0","0","True","0","0","0","0","0","0","0","0","421"
"True","117214","True","True","1","True","0","0","0","True","0","720","0","True","0","True","0","0","109514","-1","-1","-1","-1","-1","-1","-1","-1","-1","-1","-1","-1","-1","103137","-1","-1","-1","0","-1","True","0","0","0","True","True","0","0","0","True","0","0","0","True","True","0","0","0","True","0","0","0","0","0","0","0","0","422"
"True","117205","True","True","1","True","0","0","0","True","240","720","0","True","0","True","0","0","109514","-1","-1","-1","-1","-1","-1","-1","-1","-1","-1","-1","-1","-1","103137","-1","-1","-1","0","-1","True","0","0","0","True","True","0","0","0","True","0","0","0","True","True","0","0","0","True","0","0","0","0","0","0","0","0","423"
"True","117196","True","True","1","True","0","0","0","True","480","720","0","True","0","True","0","0","109514","-1","-1","-1","-1","-1","-1","-1","-1","-1","-1","-1","-1","-1","103137","-1","-1","-1","0","-1","True","0","0","0","True","True","0","0","0","True","0","0","0","True","True","0","0","0","True","0","0","0","0","0","0","0","0","424"
"True","117181","True","True","1","True","0","0","0","True","720","720","0","True","0","True","0","0","109514","-1","-1","-1","-1","-1","-1","-1","-1","-1","-1","-1","-1","-1","103137","-1","-1","-1","0","-1","True","0","0","0","True","True","0","0","0","True","0","0","0","True","True","0","0","0","True","0","0","0","0","0","0","0","0","425"
"True","148782","True","True","1","True","0","0","0","True","960","720","0","True","0","True","0","0","109514","-1","-1","-1","-1","-1","-1","-1","-1","-1","-1","-1","-1","-1","103137","-1","-1","-1","0","-1","True","0","0","0","True","True","0","0","0","True","0","0","0","True","True","0","0","0","True","0","0","0","0","0","0","0","0","426"
"True","148779","True","True","1","True","0","0","0","True","0","960","0","True","0","True","0","0","109514","-1","-1","-1","-1","-1","-1","-1","-1","-1","-1","-1","-1","-1","103137","-1","-1","-1","0","-1","True","0","0","0","True","True","0","0","0","True","0","0","0","True","True","0","0","0","True","0","0","0","0","0","0","0","0","427"
"True","118782","True","True","1","True","0","0","0","True","240","960","0","True","0","True","0","0","109514","-1","-1","-1","-1","-1","-1","-1","-1","-1","-1","-1","-1","-1","103137","-1","-1","-1","0","-1","True","0","0","0","True","True","0","0","0","True","0","0","0","True","True","0","0","0","True","0","0","0","0","0","0","0","0","428"
"True","148785","True","True","1","True","0","0","0","True","720","960","0","True","0","True","0","0","109514","-1","-1","-1","-1","-1","-1","-1","-1","-1","-1","-1","-1","-1","103137","-1","-1","-1","0","-1","True","0","0","0","True","True","0","0","0","True","0","0","0","True","True","0","0","0","True","0","0","0","0","0","0","0","0","429"
"True","183968","True","True","1","True","0","0","0","True","960","960","0","True","0","True","0","0","109514","-1","-1","-1","-1","-1","-1","109143","171","109149","-1","-1","-1","-1","103137","-1","-1","-1","0","-1","True","0","0","0","True","True","0","0","0","True","0","0","0","True","True","0","0","0","True","0","0","0","0","0","0","0","0","430"
"True","178462","True","True","1","True","0","0","0","True","0","0","0","True","0","True","0","0","111109","-1","-1","-1","-1","-1","-1","-1","-1","-1","-1","-1","-1","-1","-1","-1","-1","-1","0","-1","True","0","0","0","True","True","0","0","0","True","0","0","0","True","True","0","0","0","True","0","0","0","0","0","0","0","0","431"
"True","78827","True","True","1","True","0","0","0","True","0","0","0","True","0","True","0","0","90881","-1","-1","-1","-1","-1","-1","-1","-1","-1","-1","-1","-1","-1","174100","-1","-1","-1","0","-1","True","0","0","0","True","True","0","0","0","True","0","0","0","True","True","0","0","0","True","0","0","0","0","0","0","0","0","432"
"True","76489","True","True","1","True","0","0","0","True","0","0","0","True","0","True","0","0","100854","-1","-1","-1","-1","-1","-1","-1","-1","-1","-1","-1","-1","-1","89974","-1","-1","-1","0","-1","True","0","0","0","True","True","0","0","0","True","0","0","0","True","True","0","0","0","True","0","0","0","0","0","0","0","0","433"
"True","76485","True","True","1","True","0","0","0","True","240","0","0","True","0","True","0","0","100854","-1","-1","-1","-1","-1","-1","-1","-1","-1","-1","-1","-1","-1","89974","-1","-1","-1","0","-1","True","0","0","0","True","True","0","0","0","True","0","0","0","True","True","0","0","0","True","0","0","0","0","0","0","0","0","434"
"True","76482","True","True","1","True","0","0","0","True","480","0","0","True","0","True","0","0","100854","-1","-1","-1","-1","-1","-1","-1","-1","-1","-1","-1","-1","-1","89974","-1","-1","-1","0","-1","True","0","0","0","True","True","0","0","0","True","0","0","0","True","True","0","0","0","True","0","0","0","0","0","0","0","0","435"
"True","76488","True","True","1","True","0","0","0","True","0","240","0","True","0","True","0","0","100854","-1","-1","-1","-1","-1","-1","-1","-1","-1","-1","-1","-1","-1","76511","-1","-1","-1","0","-1","True","0","0","0","True","True","0","0","0","True","0","0","0","True","True","0","0","0","True","0","0","0","0","0","0","0","0","436"
"True","76484","True","True","1","True","0","0","0","True","240","240","0","True","0","True","0","0","100854","-1","-1","-1","-1","-1","-1","-1","-1","-1","-1","-1","-1","-1","76511","-1","-1","-1","0","-1","True","0","0","0","True","True","0","0","0","True","0","0","0","True","True","0","0","0","True","0","0","0","0","0","0","0","0","437"
"True","76481","True","True","1","True","0","0","0","True","480","240","0","True","0","True","0","0","100854","-1","-1","-1","-1","-1","-1","-1","-1","-1","-1","-1","-1","-1","76511","-1","-1","-1","0","-1","True","0","0","0","True","True","0","0","0","True","0","0","0","True","True","0","0","0","True","0","0","0","0","0","0","0","0","438"
"True","76487","True","True","1","True","0","0","0","True","0","480","0","True","0","True","0","0","100854","-1","-1","-1","-1","-1","-1","-1","-1","-1","-1","-1","-1","-1","76511","-1","-1","-1","0","-1","True","0","0","0","True","True","0","0","0","True","0","0","0","True","True","0","0","0","True","0","0","0","0","0","0","0","0","439"
"True","76490","True","True","1","True","0","0","0","True","240","480","0","True","0","True","0","0","100854","-1","-1","-1","-1","-1","-1","-1","-1","-1","-1","-1","-1","-1","76511","-1","-1","-1","0","-1","True","0","0","0","True","True","0","0","0","True","0","0","0","True","True","0","0","0","True","0","0","0","0","0","0","0","0","440"
"True","76480","True","True","1","True","0","0","0","True","480","480","0","True","0","True","0","0","100854","-1","-1","-1","-1","-1","-1","-1","-1","-1","-1","-1","-1","-1","76511","-1","-1","-1","0","-1","True","0","0","0","True","True","0","0","0","True","0","0","0","True","True","0","0","0","True","0","0","0","0","0","0","0","0","441"
"True","76483","True","True","1","True","0","0","0","True","240","720","0","True","0","True","0","0","100854","-1","-1","-1","-1","-1","-1","-1","-1","-1","-1","-1","-1","-1","76511","-1","-1","-1","0","-1","True","0","0","0","True","True","0","0","0","True","0","0","0","True","True","0","0","0","True","0","0","0","0","0","0","0","0","442"
"True","135396","True","True","1","True","0","0","0","True","0","0","0","True","0","True","0","0","148551","-1","-1","-1","-1","-1","-1","-1","-1","-1","-1","-1","-1","-1","135738","-1","-1","-1","0","-1","True","0","0","0","True","True","0","0","0","True","0","0","0","True","True","0","0","0","True","0","0","0","0","0","0","0","0","443"
"True","135521","True","True","1","True","0","0","0","True","0","240","0","True","0","True","0","0","148551","-1","-1","-1","-1","-1","-1","-1","-1","-1","-1","-1","-1","-1","135738","-1","-1","-1","0","-1","True","0","0","0","True","True","0","0","0","True","0","0","0","True","True","0","0","0","True","0","0","0","0","0","0","0","0","444"
"True","115897","True","True","1","True","0","0","0","True","480","0","0","True","0","True","0","0","119882","-1","-1","-1","-1","-1","-1","-1","-1","-1","-1","-1","-1","-1","198873","-1","-1","-1","0","-1","True","0","0","0","True","True","0","0","0","True","0","0","0","True","True","0","0","0","True","0","0","0","0","0","0","0","0","445"
"True","103905","True","True","1","True","0","0","0","True","240","240","0","True","0","True","0","0","119882","-1","-1","-1","-1","-1","-1","-1","-1","-1","-1","-1","-1","-1","198873","-1","-1","-1","0","-1","True","0","0","0","True","True","0","0","0","True","0","0","0","True","True","0","0","0","True","0","0","0","0","0","0","0","0","446"
"True","103907","True","True","1","True","0","0","0","True","480","240","0","True","0","True","0","0","119882","-1","-1","-1","-1","-1","-1","-1","-1","-1","-1","-1","-1","-1","198873","-1","-1","-1","0","-1","True","0","0","0","True","True","0","0","0","True","0","0","0","True","True","0","0","0","True","0","0","0","0","0","0","0","0","447"
"True","115900","True","True","1","True","0","0","0","True","0","480","0","True","0","True","0","0","119882","-1","-1","-1","-1","-1","-1","-1","-1","-1","-1","-1","-1","-1","198873","-1","-1","-1","0","-1","True","0","0","0","True","True","0","0","0","True","0","0","0","True","True","0","0","0","True","0","0","0","0","0","0","0","0","448"
"True","103903","True","True","1","True","0","0","0","True","240","480","0","True","0","True","0","0","119882","-1","-1","-1","-1","-1","-1","-1","-1","-1","-1","-1","-1","-1","198873","-1","-1","-1","0","-1","True","0","0","0","True","True","0","0","0","True","0","0","0","True","True","0","0","0","True","0","0","0","0","0","0","0","0","449"
"True","103909","True","True","1","True","0","0","0","True","480","480","0","True","0","True","0","0","119882","-1","-1","-1","-1","-1","-1","-1","-1","-1","-1","-1","-1","-1","198873","-1","-1","-1","0","-1","True","0","0","0","True","True","0","0","0","True","0","0","0","True","True","0","0","0","True","0","0","0","0","0","0","0","0","450"
"True","162976","True","True","1","True","0","0","0","True","0","0","0","True","0","True","0","0","109563","-1","-1","-1","-1","-1","-1","-1","-1","-1","-1","-1","-1","-1","138787","-1","-1","-1","0","-1","True","0","0","0","True","True","0","0","0","True","0","0","0","True","True","0","0","0","True","0","0","0","0","0","0","0","0","451"
"True","163134","True","True","1","True","0","0","0","True","240","0","0","True","0","True","0","0","109563","-1","-1","-1","-1","-1","-1","-1","-1","-1","-1","-1","-1","-1","138787","-1","-1","-1","0","-1","True","0","0","0","True","True","0","0","0","True","0","0","0","True","True","0","0","0","True","0","0","0","0","0","0","0","0","452"
"True","163146","True","True","1","True","0","0","0","True","480","0","0","True","0","True","0","0","109563","-1","-1","-1","-1","-1","-1","-1","-1","-1","-1","-1","-1","-1","138787","-1","-1","-1","0","-1","True","0","0","0","True","True","0","0","0","True","0","0","0","True","True","0","0","0","True","0","0","0","0","0","0","0","0","453"
"True","163056","True","True","1","True","0","0","0","True","0","240","0","True","0","True","0","0","109563","-1","-1","-1","-1","-1","-1","-1","-1","-1","-1","-1","-1","-1","138787","-1","-1","-1","0","-1","True","0","0","0","True","True","0","0","0","True","0","0","0","True","True","0","0","0","True","0","0","0","0","0","0","0","0","454"
"True","163137","True","True","1","True","0","0","0","True","240","240","0","True","0","True","0","0","109563","-1","-1","-1","-1","-1","-1","-1","-1","-1","-1","-1","-1","-1","138787","-1","-1","-1","0","-1","True","0","0","0","True","True","0","0","0","True","0","0","0","True","True","0","0","0","True","0","0","0","0","0","0","0","0","455"
"True","163149","True","True","1","True","0","0","0","True","480","240","0","True","0","True","0","0","109563","-1","-1","-1","-1","-1","-1","-1","-1","-1","-1","-1","-1","-1","138787","-1","-1","-1","0","-1","True","0","0","0","True","True","0","0","0","True","0","0","0","True","True","0","0","0","True","0","0","0","0","0","0","0","0","456"
"True","163299","True","True","1","True","0","0","0","True","720","240","0","True","0","True","0","0","109563","-1","-1","-1","-1","-1","-1","-1","-1","-1","-1","-1","-1","-1","138787","-1","-1","-1","0","-1","True","0","0","0","True","True","0","0","0","True","0","0","0","True","True","0","0","0","True","0","0","0","0","0","0","0","0","457"
"True","163059","True","True","1","True","0","0","0","True","0","480","0","True","0","True","0","0","109563","-1","-1","-1","-1","-1","-1","-1","-1","-1","-1","-1","-1","-1","138787","-1","-1","-1","0","-1","True","0","0","0","True","True","0","0","0","True","0","0","0","True","True","0","0","0","True","0","0","0","0","0","0","0","0","458"
"True","163140","True","True","1","True","0","0","0","True","240","480","0","True","0","True","0","0","109563","-1","-1","-1","-1","-1","-1","-1","-1","-1","-1","-1","-1","-1","138787","-1","-1","-1","0","-1","True","0","0","0","True","True","0","0","0","True","0","0","0","True","True","0","0","0","True","0","0","0","0","0","0","0","0","459"
"True","163152","True","True","1","True","0","0","0","True","480","480","0","True","0","True","0","0","109563","-1","-1","-1","-1","-1","-1","-1","-1","-1","-1","-1","-1","-1","138787","-1","-1","-1","0","-1","True","0","0","0","True","True","0","0","0","True","0","0","0","True","True","0","0","0","True","0","0","0","0","0","0","0","0","460"
"True","163302","True","True","1","True","0","0","0","True","720","480","0","True","0","True","0","0","109563","-1","-1","-1","-1","-1","-1","-1","-1","-1","-1","-1","-1","-1","138787","-1","-1","-1","0","-1","True","0","0","0","True","True","0","0","0","True","0","0","0","True","True","0","0","0","True","0","0","0","0","0","0","0","0","461"
"True","163235","True","True","1","True","0","0","0","True","240","720","0","True","0","True","0","0","109563","-1","-1","-1","-1","-1","-1","-1","-1","-1","-1","-1","-1","-1","138787","-1","-1","-1","0","-1","True","0","0","0","True","True","0","0","0","True","0","0","0","True","True","0","0","0","True","0","0","0","0","0","0","0","0","462"
"True","163217","True","True","1","True","0","0","0","True","480","720","0","True","0","True","0","0","109563","-1","-1","-1","-1","-1","-1","-1","-1","-1","-1","-1","-1","-1","138787","-1","-1","-1","0","-1","True","0","0","0","True","True","0","0","0","True","0","0","0","True","True","0","0","0","True","0","0","0","0","0","0","0","0","463"
"True","163223","True","True","1","True","0","0","0","True","720","720","0","True","0","True","0","0","109563","-1","-1","-1","-1","-1","-1","-1","-1","-1","-1","-1","-1","-1","138787","-1","-1","-1","0","-1","True","0","0","0","True","True","0","0","0","True","0","0","0","True","True","0","0","0","True","0","0","0","0","0","0","0","0","464"
"True","215060","True","True","1","True","0","0","0","True","480","0","0","True","0","True","0","0","215396","-1","-1","-1","-1","-1","-1","129305","171","109540","-1","-1","-1","-1","215070","-1","-1","-1","0","-1","True","0","0","0","True","True","0","0","0","True","0","0","0","True","True","0","0","0","True","0","0","0","0","0","0","0","0","465"
"True","215063","True","True","1","True","0","0","0","True","480","240","0","True","0","True","0","0","215396","-1","-1","-1","-1","-1","-1","-1","-1","-1","-1","-1","-1","-1","215070","-1","-1","-1","0","-1","True","0","0","0","True","True","0","0","0","True","0","0","0","True","True","0","0","0","True","0","0","0","0","0","0","0","0","466"
"True","215042","True","True","1","True","0","0","0","True","0","480","0","True","0","True","0","0","215396","-1","-1","-1","-1","-1","-1","-1","-1","-1","-1","-1","-1","-1","215070","-1","-1","-1","0","-1","True","0","0","0","True","True","0","0","0","True","0","0","0","True","True","0","0","0","True","0","0","0","0","0","0","0","0","467"
"True","215054","True","True","1","True","0","0","0","True","240","480","0","True","0","True","0","0","215396","-1","-1","-1","-1","-1","-1","-1","-1","-1","-1","-1","-1","-1","215070","-1","-1","-1","0","-1","True","0","0","0","True","True","0","0","0","True","0","0","0","True","True","0","0","0","True","0","0","0","0","0","0","0","0","468"
"True","215221","True","True","1","True","0","0","0","True","480","480","0","True","0","True","0","0","215396","-1","-1","-1","-1","-1","-1","-1","-1","-1","-1","-1","-1","-1","215070","-1","-1","-1","0","-1","True","0","0","0","True","True","0","0","0","True","0","0","0","True","True","0","0","0","True","0","0","0","0","0","0","0","0","469"
"True","205114","True","True","1","True","0","0","0","True","0","0","0","True","0","True","0","0","205434","-1","-1","-1","-1","-1","-1","-1","-1","-1","-1","-1","-1","-1","215070","-1","-1","-1","0","-1","True","0","0","0","True","True","0","0","0","True","0","0","0","True","True","0","0","0","True","0","0","0","0","0","0","0","0","470"
"True","205105","True","True","1","True","0","0","0","True","240","0","0","True","0","True","0","0","205434","-1","-1","-1","-1","-1","-1","-1","-1","-1","-1","-1","-1","-1","215070","-1","-1","-1","0","-1","True","0","0","0","True","True","0","0","0","True","0","0","0","True","True","0","0","0","True","0","0","0","0","0","0","0","0","471"
"True","205117","True","True","1","True","0","0","0","True","480","0","0","True","0","True","0","0","205434","-1","-1","-1","-1","-1","-1","-1","-1","-1","-1","-1","-1","-1","215070","-1","-1","-1","0","-1","True","0","0","0","True","True","0","0","0","True","0","0","0","True","True","0","0","0","True","0","0","0","0","0","0","0","0","472"
"True","205111","True","True","1","True","0","0","0","True","0","240","0","True","0","True","0","0","205434","-1","-1","-1","-1","-1","-1","-1","-1","-1","-1","-1","-1","-1","215070","-1","-1","-1","0","-1","True","0","0","0","True","True","0","0","0","True","0","0","0","True","True","0","0","0","True","0","0","0","0","0","0","0","0","473"
"True","205102","True","True","1","True","0","0","0","True","240","240","0","True","0","True","0","0","205434","-1","-1","-1","-1","-1","-1","210725","171","210728","-1","-1","-1","-1","215070","-1","-1","-1","0","-1","True","0","0","0","True","True","0","0","0","True","0","0","0","True","True","0","0","0","True","0","0","0","0","0","0","0","0","474"
"True","205096","True","True","1","True","0","0","0","True","480","240","0","True","0","True","0","0","205434","-1","-1","-1","-1","-1","-1","-1","-1","-1","-1","-1","-1","-1","215070","-1","-1","-1","0","-1","True","0","0","0","True","True","0","0","0","True","0","0","0","True","True","0","0","0","True","0","0","0","0","0","0","0","0","475"
"True","205108","True","True","1","True","0","0","0","True","0","480","0","True","0","True","0","0","205434","-1","-1","-1","-1","-1","-1","-1","-1","-1","-1","-1","-1","-1","215070","-1","-1","-1","0","-1","True","0","0","0","True","True","0","0","0","True","0","0","0","True","True","0","0","0","True","0","0","0","0","0","0","0","0","476"
"True","205099","True","True","1","True","0","0","0","True","240","480","0","True","0","True","0","0","205434","-1","-1","-1","-1","-1","-1","-1","-1","-1","-1","-1","-1","-1","215070","-1","-1","-1","0","-1","True","0","0","0","True","True","0","0","0","True","0","0","0","True","True","0","0","0","True","0","0","0","0","0","0","0","0","477"
"True","205093","True","True","1","True","0","0","0","True","480","480","0","True","0","True","0","0","205434","-1","-1","-1","-1","-1","-1","-1","-1","-1","-1","-1","-1","-1","215070","-1","-1","-1","0","-1","True","0","0","0","True","True","0","0","0","True","0","0","0","True","True","0","0","0","True","0","0","0","0","0","0","0","0","478"
"True","61473","True","True","1","True","0","0","0","True","240","0","0","True","0","True","0","0","-1","-1","-1","-1","-1","-1","-1","-1","-1","-1","-1","-1","-1","-1","-1","-1","-1","-1","0","-1","True","0","0","0","True","True","0","0","0","True","0","0","0","True","True","0","0","0","True","0","0","0","0","0","0","0","0","479"
"True","33018","True","True","1","True","0","0","0","True","0","0","0","True","0","True","0","0","60396","-1","-1","-1","-1","-1","-1","-1","-1","-1","-1","-1","-1","-1","-1","-1","-1","-1","0","-1","True","0","0","0","True","True","0","0","0","True","0","0","0","True","True","0","0","0","True","0","0","0","0","0","0","0","0","480"
"True","33020","True","True","1","True","0","0","0","True","0","0","0","True","0","True","0","0","60397","-1","-1","-1","-1","-1","-1","-1","-1","-1","-1","-1","-1","-1","-1","-1","-1","-1","0","-1","True","0","0","0","True","True","0","0","0","True","0","0","0","True","True","0","0","0","True","0","0","0","0","0","0","0","0","481"
"True","33021","True","True","1","True","0","0","0","True","0","0","0","True","0","True","0","0","60398","-1","-1","-1","-1","-1","-1","-1","-1","-1","-1","-1","-1","-1","-1","-1","-1","-1","0","-1","True","0","0","0","True","True","0","0","0","True","0","0","0","True","True","0","0","0","True","0","0","0","0","0","0","0","0","482"
"True","91397","True","True","1","True","0","0","0","True","240","0","0","True","0","True","0","0","94672","-1","-1","-1","-1","-1","-1","-1","-1","-1","-1","-1","-1","-1","91178","-1","-1","-1","0","-1","True","0","0","0","True","True","0","0","0","True","0","0","0","True","True","0","0","0","True","0","0","0","0","0","0","0","0","483"
"True","91389","True","True","1","True","0","0","0","True","0","240","0","True","0","True","0","0","94672","-1","-1","-1","-1","-1","-1","-1","-1","-1","-1","-1","-1","-1","91178","-1","-1","-1","0","-1","True","0","0","0","True","True","0","0","0","True","0","0","0","True","True","0","0","0","True","0","0","0","0","0","0","0","0","484"
"True","91435","True","True","1","True","0","0","0","True","240","240","0","True","0","True","0","0","94672","-1","-1","-1","-1","-1","-1","-1","-1","-1","-1","-1","-1","-1","91178","-1","-1","-1","0","-1","True","0","0","0","True","True","0","0","0","True","0","0","0","True","True","0","0","0","True","0","0","0","0","0","0","0","0","485"
"True","91393","True","True","1","True","0","0","0","True","480","240","0","True","0","True","0","0","94672","-1","-1","-1","-1","-1","-1","-1","-1","-1","-1","-1","-1","-1","91178","-1","-1","-1","0","-1","True","0","0","0","True","True","0","0","0","True","0","0","0","True","True","0","0","0","True","0","0","0","0","0","0","0","0","486"
"True","91389","True","True","1","True","0","0","0","True","0","480","0","True","0","True","0","0","94672","-1","-1","-1","-1","-1","-1","-1","-1","-1","-1","-1","-1","-1","91178","-1","-1","-1","0","-1","True","0","0","0","True","True","0","0","0","True","0","0","0","True","True","0","0","0","True","0","0","0","0","0","0","0","0","487"
"True","91982","True","True","1","True","0","0","0","True","240","480","0","True","0","True","0","0","94672","-1","-1","-1","-1","-1","-1","-1","-1","-1","-1","-1","-1","-1","91178","-1","-1","-1","0","-1","True","0","0","0","True","True","0","0","0","True","0","0","0","True","True","0","0","0","True","0","0","0","0","0","0","0","0","488"
"True","91393","True","True","1","True","0","0","0","True","480","480","0","True","0","True","0","0","94672","-1","-1","-1","-1","-1","-1","-1","-1","-1","-1","-1","-1","-1","91178","-1","-1","-1","0","-1","True","0","0","0","True","True","0","0","0","True","0","0","0","True","True","0","0","0","True","0","0","0","0","0","0","0","0","489"
"True","93289","True","True","1","True","0","0","0","True","0","720","0","True","0","True","0","0","94672","-1","-1","-1","-1","-1","-1","-1","-1","-1","-1","-1","-1","-1","91178","-1","-1","-1","0","-1","True","0","0","0","True","True","0","0","0","True","0","0","0","True","True","0","0","0","True","0","0","0","0","0","0","0","0","490"
"True","92335","True","True","1","True","0","0","0","True","240","720","0","True","0","True","0","0","94672","-1","-1","-1","-1","-1","-1","-1","-1","-1","-1","-1","-1","-1","91178","-1","-1","-1","0","-1","True","0","0","0","True","True","0","0","0","True","0","0","0","True","True","0","0","0","True","0","0","0","0","0","0","0","0","491"
"True","95362","True","True","1","True","0","0","0","True","480","720","0","True","0","True","0","0","94672","-1","-1","-1","-1","-1","-1","-1","-1","-1","-1","-1","-1","-1","91178","-1","-1","-1","0","-1","True","0","0","0","True","True","0","0","0","True","0","0","0","True","True","0","0","0","True","0","0","0","0","0","0","0","0","492"
"True","91389","True","True","1","True","0","0","0","True","0","960","0","True","0","True","0","0","94672","-1","-1","-1","-1","-1","-1","-1","-1","-1","-1","-1","-1","-1","91178","-1","-1","-1","0","-1","True","0","0","0","True","True","0","0","0","True","0","0","0","True","True","0","0","0","True","0","0","0","0","0","0","0","0","493"
"True","93450","True","True","1","True","0","0","0","True","240","960","0","True","0","True","0","0","94672","-1","-1","-1","-1","-1","-1","-1","-1","-1","-1","-1","-1","-1","91178","-1","-1","-1","0","-1","True","0","0","0","True","True","0","0","0","True","0","0","0","True","True","0","0","0","True","0","0","0","0","0","0","0","0","494"
"True","91393","True","True","1","True","0","0","0","True","480","960","0","True","0","True","0","0","94672","-1","-1","-1","-1","-1","-1","-1","-1","-1","-1","-1","-1","-1","91178","-1","-1","-1","0","-1","True","0","0","0","True","True","0","0","0","True","0","0","0","True","True","0","0","0","True","0","0","0","0","0","0","0","0","495"
"True","91389","True","True","1","True","0","0","0","True","0","1200","0","True","0","True","0","0","94672","-1","-1","-1","-1","-1","-1","-1","-1","-1","-1","-1","-1","-1","91178","-1","-1","-1","0","-1","True","0","0","0","True","True","0","0","0","True","0","0","0","True","True","0","0","0","True","0","0","0","0","0","0","0","0","496"
"True","93835","True","True","1","True","0","0","0","True","240","1200","0","True","0","True","0","0","94672","-1","-1","-1","-1","-1","-1","-1","-1","-1","-1","-1","-1","-1","91178","-1","-1","-1","0","-1","True","0","0","0","True","True","0","0","0","True","0","0","0","True","True","0","0","0","True","0","0","0","0","0","0","0","0","497"
"True","91393","True","True","1","True","0","0","0","True","480","1200","0","True","0","True","0","0","94672","-1","-1","-1","-1","-1","-1","-1","-1","-1","-1","-1","-1","-1","91178","-1","-1","-1","0","-1","True","0","0","0","True","True","0","0","0","True","0","0","0","True","True","0","0","0","True","0","0","0","0","0","0","0","0","498"
"True","91385","True","True","1","True","0","0","0","True","240","1440","0","True","0","True","0","0","94672","-1","-1","-1","-1","-1","-1","-1","-1","-1","-1","-1","-1","-1","91178","-1","-1","-1","0","-1","True","0","0","0","True","True","0","0","0","True","0","0","0","True","True","0","0","0","True","0","0","0","0","0","0","0","0","499"
"True","99182","True","True","1","True","0","0","0","True","0","0","0","True","0","True","0","0","94672","-1","-1","-1","-1","-1","-1","-1","-1","-1","-1","-1","-1","-1","91178","-1","-1","-1","0","-1","True","0","0","0","True","True","0","0","0","True","0","0","0","True","True","0","0","0","True","0","0","0","0","0","0","0","0","500"
"True","99174","True","True","1","True","0","0","0","True","480","0","0","True","0","True","0","0","94672","-1","-1","-1","-1","-1","-1","-1","-1","-1","-1","-1","-1","-1","91178","-1","-1","-1","0","-1","True","0","0","0","True","True","0","0","0","True","0","0","0","True","True","0","0","0","True","0","0","0","0","0","0","0","0","501"
"True","99186","True","True","1","True","0","0","0","True","0","1440","0","True","0","True","0","0","94672","-1","-1","-1","-1","-1","-1","-1","-1","-1","-1","-1","-1","-1","91178","-1","-1","-1","0","-1","True","0","0","0","True","True","0","0","0","True","0","0","0","True","True","0","0","0","True","0","0","0","0","0","0","0","0","502"
"True","99178","True","True","1","True","0","0","0","True","480","1440","0","True","0","True","0","0","94672","-1","-1","-1","-1","-1","-1","-1","-1","-1","-1","-1","-1","-1","91178","-1","-1","-1","0","-1","True","0","0","0","True","True","0","0","0","True","0","0","0","True","True","0","0","0","True","0","0","0","0","0","0","0","0","503"
"True","87771","True","True","1","True","0","0","0","True","0","0","0","True","0","True","0","0","87832","-1","-1","-1","-1","-1","-1","-1","-1","-1","-1","-1","-1","-1","103272","-1","-1","-1","0","-1","True","0","0","0","True","True","0","0","0","True","0","0","0","True","True","0","0","0","True","0","0","0","0","0","0","0","0","504"
"True","87766","True","True","1","True","0","0","0","True","240","0","0","True","0","True","0","0","87832","-1","-1","-1","-1","-1","-1","-1","-1","-1","-1","-1","-1","-1","103272","-1","-1","-1","0","-1","True","0","0","0","True","True","0","0","0","True","0","0","0","True","True","0","0","0","True","0","0","0","0","0","0","0","0","505"
"True","87764","True","True","1","True","0","0","0","True","480","0","0","True","0","True","0","0","87832","-1","-1","-1","-1","-1","-1","-1","-1","-1","-1","-1","-1","-1","103272","-1","-1","-1","0","-1","True","0","0","0","True","True","0","0","0","True","0","0","0","True","True","0","0","0","True","0","0","0","0","0","0","0","0","506"
"True","87770","True","True","1","True","0","0","0","True","0","240","0","True","0","True","0","0","87832","-1","-1","-1","-1","-1","-1","-1","-1","-1","-1","-1","-1","-1","103272","-1","-1","-1","0","-1","True","0","0","0","True","True","0","0","0","True","0","0","0","True","True","0","0","0","True","0","0","0","0","0","0","0","0","507"
"True","87773","True","True","1","True","0","0","0","True","240","240","0","True","0","True","0","0","87832","-1","-1","-1","-1","-1","-1","-1","-1","-1","-1","-1","-1","-1","103272","-1","-1","-1","0","-1","True","0","0","0","True","True","0","0","0","True","0","0","0","True","True","0","0","0","True","0","0","0","0","0","0","0","0","508"
"True","87763","True","True","1","True","0","0","0","True","480","240","0","True","0","True","0","0","87832","-1","-1","-1","-1","-1","-1","-1","-1","-1","-1","-1","-1","-1","103272","-1","-1","-1","0","-1","True","0","0","0","True","True","0","0","0","True","0","0","0","True","True","0","0","0","True","0","0","0","0","0","0","0","0","509"
"True","87765","True","True","1","True","0","0","0","True","240","480","0","True","0","True","0","0","87832","-1","-1","-1","-1","-1","-1","-1","-1","-1","-1","-1","-1","-1","103272","-1","-1","-1","0","-1","True","0","0","0","True","True","0","0","0","True","0","0","0","True","True","0","0","0","True","0","0","0","0","0","0","0","0","510"
"True","87762","True","True","1","True","0","0","0","True","480","480","0","True","0","True","0","0","87832","-1","-1","-1","-1","-1","-1","-1","-1","-1","-1","-1","-1","-1","103272","-1","-1","-1","0","-1","True","0","0","0","True","True","0","0","0","True","0","0","0","True","True","0","0","0","True","0","0","0","0","0","0","0","0","511"
"True","172892","True","True","1","True","0","0","0","True","-240","-240","0","True","0","True","0","0","92945","-1","-1","-1","-1","-1","-1","-1","-1","-1","-1","-1","-1","-1","200280","-1","-1","-1","0","-1","True","0","0","0","True","True","0","0","0","True","0","0","0","True","True","0","0","0","True","0","0","0","0","0","0","0","0","512"
"True","172880","True","True","1","True","0","0","0","True","0","-240","0","True","0","True","0","0","92945","-1","-1","-1","-1","-1","-1","-1","-1","-1","-1","-1","-1","-1","200280","-1","-1","-1","0","-1","True","0","0","0","True","True","0","0","0","True","0","0","0","True","True","0","0","0","True","0","0","0","0","0","0","0","0","513"
"True","172868","True","True","1","True","0","0","0","True","240","-240","0","True","0","True","0","0","92945","-1","-1","-1","-1","-1","-1","-1","-1","-1","-1","-1","-1","-1","200280","-1","-1","-1","0","-1","True","0","0","0","True","True","0","0","0","True","0","0","0","True","True","0","0","0","True","0","0","0","0","0","0","0","0","514"
"True","183555","True","True","1","True","0","0","0","True","-240","-240","0","True","0","True","0","0","197101","-1","-1","-1","-1","-1","-1","-1","-1","-1","-1","-1","-1","-1","200280","-1","-1","-1","0","-1","True","0","0","0","True","True","0","0","0","True","0","0","0","True","True","0","0","0","True","0","0","0","0","0","0","0","0","515"
"True","183556","True","True","1","True","0","0","0","True","0","-240","0","True","0","True","0","0","197101","-1","-1","-1","-1","-1","-1","-1","-1","-1","-1","-1","-1","-1","200280","-1","-1","-1","0","-1","True","0","0","0","True","True","0","0","0","True","0","0","0","True","True","0","0","0","True","0","0","0","0","0","0","0","0","516"
"True","183557","True","True","1","True","0","0","0","True","240","-240","0","True","0","True","0","0","197101","-1","-1","-1","-1","-1","-1","-1","-1","-1","-1","-1","-1","-1","200280","-1","-1","-1","0","-1","True","0","0","0","True","True","0","0","0","True","0","0","0","True","True","0","0","0","True","0","0","0","0","0","0","0","0","517"
"True","157587","True","True","1","True","0","0","0","True","0","0","0","True","0","True","0","0","143648","-1","-1","-1","-1","-1","-1","-1","-1","-1","-1","-1","-1","-1","136439","-1","-1","-1","0","-1","True","0","0","0","True","True","0","0","0","True","0","0","0","True","True","0","0","0","True","0","0","0","0","0","0","0","0","518"
"True","155975","True","True","1","True","0","0","0","True","240","0","0","True","0","True","0","0","143648","-1","-1","-1","-1","-1","-1","-1","-1","-1","-1","-1","-1","-1","136439","-1","-1","-1","0","-1","True","0","0","0","True","True","0","0","0","True","0","0","0","True","True","0","0","0","True","0","0","0","0","0","0","0","0","519"
"True","158149","True","True","1","True","0","0","0","True","480","0","0","True","0","True","0","0","143648","-1","-1","-1","-1","-1","-1","-1","-1","-1","-1","-1","-1","-1","136439","-1","-1","-1","0","-1","True","0","0","0","True","True","0","0","0","True","0","0","0","True","True","0","0","0","True","0","0","0","0","0","0","0","0","520"
"True","155369","True","True","1","True","0","0","0","True","0","240","0","True","0","True","0","0","143648","-1","-1","-1","-1","-1","-1","-1","-1","-1","-1","-1","-1","-1","136439","-1","-1","-1","0","-1","True","0","0","0","True","True","0","0","0","True","0","0","0","True","True","0","0","0","True","0","0","0","0","0","0","0","0","521"
"True","136302","True","True","1","True","0","0","0","True","240","240","0","True","0","True","0","0","143648","-1","-1","-1","-1","-1","-1","-1","-1","-1","-1","-1","-1","-1","136439","-1","-1","-1","0","-1","True","0","0","0","True","True","0","0","0","True","0","0","0","True","True","0","0","0","True","0","0","0","0","0","0","0","0","522"
"True","156037","True","True","1","True","0","0","0","True","480","240","0","True","0","True","0","0","143648","-1","-1","-1","-1","-1","-1","-1","-1","-1","-1","-1","-1","-1","136439","-1","-1","-1","0","-1","True","0","0","0","True","True","0","0","0","True","0","0","0","True","True","0","0","0","True","0","0","0","0","0","0","0","0","523"
"True","158187","True","True","1","True","0","0","0","True","0","480","0","True","0","True","0","0","143648","-1","-1","-1","-1","-1","-1","-1","-1","-1","-1","-1","-1","-1","136439","-1","-1","-1","0","-1","True","0","0","0","True","True","0","0","0","True","0","0","0","True","True","0","0","0","True","0","0","0","0","0","0","0","0","524"
"True","156173","True","True","1","True","0","0","0","True","240","480","0","True","0","True","0","0","143648","-1","-1","-1","-1","-1","-1","-1","-1","-1","-1","-1","-1","-1","136439","-1","-1","-1","0","-1","True","0","0","0","True","True","0","0","0","True","0","0","0","True","True","0","0","0","True","0","0","0","0","0","0","0","0","525"
"True","184263","True","True","1","True","0","0","0","True","0","0","0","True","0","True","0","0","192873","-1","-1","-1","-1","-1","-1","-1","-1","-1","-1","-1","-1","-1","182945","-1","-1","-1","0","-1","True","0","0","0","True","True","0","0","0","True","0","0","0","True","True","0","0","0","True","0","0","0","0","0","0","0","0","526"
"True","184163","True","True","1","True","0","0","0","True","240","0","0","True","0","True","0","0","192873","-1","-1","-1","-1","-1","-1","-1","-1","-1","-1","-1","-1","-1","182945","-1","-1","-1","0","-1","True","0","0","0","True","True","0","0","0","True","0","0","0","True","True","0","0","0","True","0","0","0","0","0","0","0","0","527"
"True","184074","True","True","1","True","0","0","0","True","0","240","0","True","0","True","0","0","192873","-1","-1","-1","-1","-1","-1","-1","-1","-1","-1","-1","-1","-1","182945","-1","-1","-1","0","-1","True","0","0","0","True","True","0","0","0","True","0","0","0","True","True","0","0","0","True","0","0","0","0","0","0","0","0","528"
"True","184105","True","True","1","True","0","0","0","True","240","240","0","True","0","True","0","0","192873","-1","-1","-1","-1","-1","-1","-1","-1","-1","-1","-1","-1","-1","182945","-1","-1","-1","0","-1","True","0","0","0","True","True","0","0","0","True","0","0","0","True","True","0","0","0","True","0","0","0","0","0","0","0","0","529"
"True","182943","True","True","1","True","0","0","0","True","0","480","0","True","0","True","0","0","192873","-1","-1","-1","-1","-1","-1","-1","-1","-1","-1","-1","-1","-1","182945","-1","-1","-1","0","-1","True","0","0","0","True","True","0","0","0","True","0","0","0","True","True","0","0","0","True","0","0","0","0","0","0","0","0","530"
"True","182937","True","True","1","True","0","0","0","True","240","480","0","True","0","True","0","0","192873","-1","-1","-1","-1","-1","-1","-1","-1","-1","-1","-1","-1","-1","182945","-1","-1","-1","0","-1","True","0","0","0","True","True","0","0","0","True","0","0","0","True","True","0","0","0","True","0","0","0","0","0","0","0","0","531"
"True","182940","True","True","1","True","0","0","0","True","240","720","0","True","0","True","0","0","192873","-1","-1","-1","-1","-1","-1","-1","-1","-1","-1","-1","-1","-1","182945","-1","-1","-1","0","-1","True","0","0","0","True","True","0","0","0","True","0","0","0","True","True","0","0","0","True","0","0","0","0","0","0","0","0","532"
"True","119999","True","True","1","True","0","0","0","True","240","0","0","True","0","True","0","0","109149","-1","-1","-1","-1","-1","-1","-1","-1","-1","-1","-1","-1","-1","173184","-1","-1","-1","0","-1","True","0","0","0","True","True","0","0","0","True","0","0","0","True","True","0","0","0","True","0","0","0","0","0","0","0","0","533"
"True","119993","True","True","1","True","0","0","0","True","0","240","0","True","0","True","0","0","109149","-1","-1","-1","-1","-1","-1","-1","-1","-1","-1","-1","-1","-1","173184","-1","-1","-1","0","-1","True","0","0","0","True","True","0","0","0","True","0","0","0","True","True","0","0","0","True","0","0","0","0","0","0","0","0","534"
"True","120002","True","True","1","True","0","0","0","True","240","240","0","True","0","True","0","0","109149","-1","-1","-1","-1","-1","-1","109513","172","109514","-1","-1","-1","-1","173184","-1","-1","-1","0","-1","True","0","0","0","True","True","0","0","0","True","0","0","0","True","True","0","0","0","True","0","0","0","0","0","0","0","0","535"
"True","178242","True","True","1","True","0","0","0","True","480","240","0","True","0","True","0","0","109149","-1","-1","-1","-1","-1","-1","-1","-1","-1","-1","-1","-1","-1","173184","-1","-1","-1","0","-1","True","0","0","0","True","True","0","0","0","True","0","0","0","True","True","0","0","0","True","0","0","0","0","0","0","0","0","536"
"True","185339","True","True","1","True","0","0","0","True","0","480","0","True","0","True","0","0","109149","-1","-1","-1","-1","-1","-1","-1","-1","-1","-1","-1","-1","-1","173184","-1","-1","-1","0","-1","True","0","0","0","True","True","0","0","0","True","0","0","0","True","True","0","0","0","True","0","0","0","0","0","0","0","0","537"
"True","169403","True","True","1","True","0","0","0","True","240","480","0","True","0","True","0","0","109149","-1","-1","-1","-1","-1","-1","-1","-1","-1","-1","-1","-1","-1","173184","-1","-1","-1","0","-1","True","0","0","0","True","True","0","0","0","True","0","0","0","True","True","0","0","0","True","0","0","0","0","0","0","0","0","538"
"True","146269","True","True","1","True","0","0","0","True","0","0","0","True","0","True","0","0","111516","-1","-1","-1","-1","-1","-1","-1","-1","-1","-1","-1","-1","-1","123718","-1","-1","-1","0","-1","True","0","0","0","True","True","0","0","0","True","0","0","0","True","True","0","0","0","True","0","0","0","0","0","0","0","0","539"
"True","146263","True","True","1","True","0","0","0","True","300","0","0","True","0","True","0","0","111516","-1","-1","-1","-1","-1","-1","-1","-1","-1","-1","-1","-1","-1","123718","-1","-1","-1","0","-1","True","0","0","0","True","True","0","0","0","True","0","0","0","True","True","0","0","0","True","0","0","0","0","0","0","0","0","540"
"True","147476","True","True","1","True","0","0","0","True","600","0","0","True","0","True","0","0","111516","-1","-1","-1","-1","-1","-1","-1","-1","-1","-1","-1","-1","-1","123718","-1","-1","-1","0","-1","True","0","0","0","True","True","0","0","0","True","0","0","0","True","True","0","0","0","True","0","0","0","0","0","0","0","0","541"
"True","146260","True","True","1","True","0","0","0","True","0","300","0","True","0","True","0","0","111516","-1","-1","-1","-1","-1","-1","-1","-1","-1","-1","-1","-1","-1","123718","-1","-1","-1","0","-1","True","0","0","0","True","True","0","0","0","True","0","0","0","True","True","0","0","0","True","0","0","0","0","0","0","0","0","542"
"True","146266","True","True","1","True","0","0","0","True","300","300","0","True","0","True","0","0","111516","-1","-1","-1","-1","-1","-1","-1","-1","-1","-1","-1","-1","-1","123718","-1","-1","-1","0","-1","True","0","0","0","True","True","0","0","0","True","0","0","0","True","True","0","0","0","True","0","0","0","0","0","0","0","0","543"
"True","147479","True","True","1","True","0","0","0","True","600","300","0","True","0","True","0","0","111516","-1","-1","-1","-1","-1","-1","-1","-1","-1","-1","-1","-1","-1","123718","-1","-1","-1","0","-1","True","0","0","0","True","True","0","0","0","True","0","0","0","True","True","0","0","0","True","0","0","0","0","0","0","0","0","544"
"True","147470","True","True","1","True","0","0","0","True","0","600","0","True","0","True","0","0","111516","-1","-1","-1","-1","-1","-1","-1","-1","-1","-1","-1","-1","-1","123718","-1","-1","-1","0","-1","True","0","0","0","True","True","0","0","0","True","0","0","0","True","True","0","0","0","True","0","0","0","0","0","0","0","0","545"
"True","147473","True","True","1","True","0","0","0","True","300","600","0","True","0","True","0","0","111516","-1","-1","-1","-1","-1","-1","-1","-1","-1","-1","-1","-1","-1","123718","-1","-1","-1","0","-1","True","0","0","0","True","True","0","0","0","True","0","0","0","True","True","0","0","0","True","0","0","0","0","0","0","0","0","546"
"True","147482","True","True","1","True","0","0","0","True","600","600","0","True","0","True","0","0","111516","-1","-1","-1","-1","-1","-1","-1","-1","-1","-1","-1","-1","-1","123718","-1","-1","-1","0","-1","True","0","0","0","True","True","0","0","0","True","0","0","0","True","True","0","0","0","True","0","0","0","0","0","0","0","0","547"
"True","108060","True","True","1","True","0","0","0","True","-2160","0","0","True","0","True","0","0","112580","-1","-1","-1","-1","-1","-1","-1","-1","-1","-1","-1","-1","-1","-1","-1","-1","-1","0","-1","True","0","0","0","True","True","0","0","0","True","0","0","0","True","True","0","0","0","True","0","0","0","0","0","0","0","0","548"
"True","145404","True","True","1","True","0","0","0","True","-1920","0","0","True","0","True","0","0","112580","-1","-1","-1","-1","-1","-1","-1","-1","-1","-1","-1","-1","-1","-1","-1","-1","-1","0","-1","True","0","0","0","True","True","0","0","0","True","0","0","0","True","True","0","0","0","True","0","0","0","0","0","0","0","0","549"
"True","89897","True","True","1","True","0","0","0","True","-2400","240","0","True","0","True","0","0","112580","-1","-1","-1","-1","-1","-1","-1","-1","-1","-1","-1","-1","-1","-1","-1","-1","-1","0","-1","True","0","0","0","True","True","0","0","0","True","0","0","0","True","True","0","0","0","True","0","0","0","0","0","0","0","0","550"
"True","104649","True","True","1","True","0","0","0","True","-2160","240","0","True","0","True","0","0","112580","-1","-1","-1","-1","-1","-1","-1","-1","-1","-1","-1","-1","-1","-1","-1","-1","-1","0","-1","True","0","0","0","True","True","0","0","0","True","0","0","0","True","True","0","0","0","True","0","0","0","0","0","0","0","0","551"
"True","145392","True","True","1","True","0","0","0","True","-1920","240","0","True","0","True","0","0","112580","-1","-1","-1","-1","-1","-1","-1","-1","-1","-1","-1","-1","-1","-1","-1","-1","-1","0","-1","True","0","0","0","True","True","0","0","0","True","0","0","0","True","True","0","0","0","True","0","0","0","0","0","0","0","0","552"
"True","145413","True","True","1","True","0","0","0","True","-1680","240","0","True","0","True","0","0","69504","-1","-1","-1","-1","-1","-1","-1","-1","-1","-1","-1","-1","-1","-1","-1","-1","-1","0","-1","True","0","0","0","True","True","0","0","0","True","0","0","0","True","True","0","0","0","True","0","0","0","0","0","0","0","0","553"
"True","108064","True","True","1","True","0","0","0","True","-2160","480","0","True","0","True","0","0","112580","-1","-1","-1","-1","-1","-1","-1","-1","-1","-1","-1","-1","-1","-1","-1","-1","-1","0","-1","True","0","0","0","True","True","0","0","0","True","0","0","0","True","True","0","0","0","True","0","0","0","0","0","0","0","0","554"
"True","145396","True","True","1","True","0","0","0","True","-1920","480","0","True","0","True","0","0","112580","-1","-1","-1","-1","-1","-1","-1","-1","-1","-1","-1","-1","-1","-1","-1","-1","-1","0","-1","True","0","0","0","True","True","0","0","0","True","0","0","0","True","True","0","0","0","True","0","0","0","0","0","0","0","0","555"
"True","68414","True","True","1","True","0","0","0","True","-1440","240","0","True","0","True","0","0","69504","-1","-1","-1","-1","-1","-1","-1","-1","-1","-1","-1","-1","-1","-1","-1","-1","-1","0","-1","True","0","0","0","True","True","0","0","0","True","0","0","0","True","True","0","0","0","True","0","0","0","0","0","0","0","0","556"
"True","69756","True","True","1","True","0","0","0","True","-1200","240","0","True","0","True","0","0","69504","-1","-1","-1","-1","-1","-1","-1","-1","-1","-1","-1","-1","-1","-1","-1","-1","-1","0","-1","True","0","0","0","True","True","0","0","0","True","0","0","0","True","True","0","0","0","True","0","0","0","0","0","0","0","0","557"
"True","68500","True","True","1","True","0","0","0","True","-960","240","0","True","0","True","0","0","69504","-1","-1","-1","-1","-1","-1","-1","-1","-1","-1","-1","-1","-1","-1","-1","-1","-1","0","-1","True","0","0","0","True","True","0","0","0","True","0","0","0","True","True","0","0","0","True","0","0","0","0","0","0","0","0","558"
"True","67782","True","True","1","True","0","0","0","True","-720","240","0","True","0","True","0","0","69504","-1","-1","-1","-1","-1","-1","-1","-1","-1","-1","-1","-1","-1","-1","-1","-1","-1","0","-1","True","0","0","0","True","True","0","0","0","True","0","0","0","True","True","0","0","0","True","0","0","0","0","0","0","0","0","559"
"True","70501","True","True","1","True","0","0","0","True","-480","240","0","True","0","True","0","0","69504","-1","-1","-1","-1","-1","-1","-1","-1","-1","-1","-1","-1","-1","-1","-1","-1","-1","0","-1","True","0","0","0","True","True","0","0","0","True","0","0","0","True","True","0","0","0","True","0","0","0","0","0","0","0","0","560"
"True","68283","True","True","1","True","0","0","0","True","-240","240","0","True","0","True","0","0","69504","-1","-1","-1","-1","-1","-1","-1","-1","-1","-1","-1","-1","-1","-1","-1","-1","-1","0","-1","True","0","0","0","True","True","0","0","0","True","0","0","0","True","True","0","0","0","True","0","0","0","0","0","0","0","0","561"
"True","68027","True","True","1","True","0","0","0","True","0","240","0","True","0","True","0","0","69504","-1","-1","-1","-1","-1","-1","-1","-1","-1","-1","-1","-1","-1","-1","-1","-1","-1","0","-1","True","0","0","0","True","True","0","0","0","True","0","0","0","True","True","0","0","0","True","0","0","0","0","0","0","0","0","562"
"True","68169","True","True","1","True","0","0","0","True","240","240","0","True","0","True","0","0","69504","-1","-1","-1","-1","-1","-1","-1","-1","-1","-1","-1","-1","-1","-1","-1","-1","-1","0","-1","True","0","0","0","True","True","0","0","0","True","0","0","0","True","True","0","0","0","True","0","0","0","0","0","0","0","0","563"
"True","86457","True","True","1","True","0","0","0","True","480","0","0","True","0","True","0","0","112565","-1","-1","-1","-1","-1","-1","-1","-1","-1","-1","-1","-1","-1","-1","-1","-1","-1","0","-1","True","0","0","0","True","True","0","0","0","True","0","0","0","True","True","0","0","0","True","0","0","0","0","0","0","0","0","564"
"True","86456","True","True","1","True","0","0","0","True","480","240","0","True","0","True","0","0","112565","-1","-1","-1","-1","-1","-1","-1","-1","-1","-1","-1","-1","-1","-1","-1","-1","-1","0","-1","True","0","0","0","True","True","0","0","0","True","0","0","0","True","True","0","0","0","True","0","0","0","0","0","0","0","0","565"
"True","86647","True","True","1","True","0","0","0","True","480","480","0","True","0","True","0","0","69504","-1","-1","-1","-1","-1","-1","-1","-1","-1","-1","-1","-1","-1","-1","-1","-1","-1","0","-1","True","0","0","0","True","True","0","0","0","True","0","0","0","True","True","0","0","0","True","0","0","0","0","0","0","0","0","566"
"True","192564","True","True","1","True","0","0","0","True","720","0","0","True","0","True","0","0","112565","-1","-1","-1","-1","-1","-1","-1","-1","-1","-1","-1","-1","-1","-1","-1","-1","-1","0","45","True","0","0","0","True","True","0","0","0","True","0","0","0","True","True","0","0","0","True","0","0","0","0","0","0","0","0","567"
"True","82879","True","True","1","True","0","0","0","True","720","240","0","True","0","True","0","0","112565","-1","-1","-1","-1","-1","-1","-1","-1","-1","-1","-1","-1","-1","-1","-1","-1","-1","0","33","True","0","0","0","True","True","0","0","0","True","0","0","0","True","True","0","0","0","True","0","0","0","0","0","0","0","0","568"
"True","192733","True","True","1","True","0","0","0","True","720","480","0","True","0","True","0","0","112565","-1","-1","-1","-1","-1","-1","-1","-1","-1","-1","-1","-1","-1","-1","-1","-1","-1","0","33","True","0","0","0","True","True","0","0","0","True","0","0","0","True","True","0","0","0","True","0","0","0","0","0","0","0","0","569"
"True","86013","True","True","1","True","0","0","0","True","960","0","0","True","0","True","0","0","112565","-1","-1","-1","-1","-1","-1","-1","-1","-1","-1","-1","-1","-1","-1","-1","-1","-1","0","33","True","0","0","0","True","True","0","0","0","True","0","0","0","True","True","0","0","0","True","0","0","0","0","0","0","0","0","570"
"True","104176","True","True","1","True","0","0","0","True","960","240","0","True","0","True","0","0","112565","-1","-1","-1","-1","-1","-1","-1","-1","-1","-1","-1","-1","-1","-1","-1","-1","-1","0","44","True","0","0","0","True","True","0","0","0","True","0","0","0","True","True","0","0","0","True","0","0","0","0","0","0","0","0","571"
"True","82901","True","True","1","True","0","0","0","True","960","480","0","True","0","True","0","0","112565","-1","-1","-1","-1","-1","-1","-1","-1","-1","-1","-1","-1","-1","-1","-1","-1","-1","0","33","True","0","0","0","True","True","0","0","0","True","0","0","0","True","True","0","0","0","True","0","0","0","0","0","0","0","0","572"
"True","82831","True","True","1","True","0","0","0","True","1200","0","0","True","0","True","0","0","112565","-1","-1","-1","-1","-1","-1","-1","-1","-1","-1","-1","-1","-1","-1","-1","-1","-1","0","45","True","0","0","0","True","True","0","0","0","True","0","0","0","True","True","0","0","0","True","0","0","0","0","0","0","0","0","573"
"True","110571","True","True","1","True","0","0","0","True","1200","240","0","True","0","True","0","0","155048","-1","-1","-1","-1","-1","-1","-1","-1","-1","-1","-1","-1","-1","-1","-1","-1","-1","0","32","True","0","0","0","True","True","0","0","0","True","0","0","0","True","True","0","0","0","True","0","0","0","0","0","0","0","0","574"
"True","82908","True","True","1","True","0","0","0","True","1200","480","0","True","0","True","0","0","112565","-1","-1","-1","-1","-1","-1","-1","-1","-1","-1","-1","-1","-1","-1","-1","-1","-1","0","-1","True","0","0","0","True","True","0","0","0","True","0","0","0","True","True","0","0","0","True","0","0","0","0","0","0","0","0","575"
"True","82939","True","True","1","True","0","0","0","True","960","-240","0","True","0","True","0","0","112565","-1","-1","-1","-1","-1","-1","-1","-1","-1","-1","-1","-1","-1","-1","-1","-1","-1","0","-1","True","0","0","0","True","True","0","0","0","True","0","0","0","True","True","0","0","0","True","0","0","0","0","0","0","0","0","576"
"True","82838","True","True","1","True","0","0","0","True","1200","-240","0","True","0","True","0","0","112565","-1","-1","-1","-1","-1","-1","-1","-1","-1","-1","-1","-1","-1","-1","-1","-1","-1","0","-1","True","0","0","0","True","True","0","0","0","True","0","0","0","True","True","0","0","0","True","0","0","0","0","0","0","0","0","577"
"True","87073","True","True","1","True","0","0","0","True","1920","-240","0","True","0","True","0","0","154644","-1","-1","-1","-1","-1","-1","-1","-1","-1","-1","-1","-1","-1","-1","-1","-1","-1","0","-1","True","0","0","0","True","True","0","0","0","True","0","0","0","True","True","0","0","0","True","0","0","0","0","0","0","0","0","578"
"True","87072","True","True","1","True","0","0","0","True","2160","-240","0","True","0","True","0","0","154644","-1","-1","-1","-1","-1","-1","-1","-1","-1","-1","-1","-1","-1","-1","-1","-1","-1","0","-1","True","0","0","0","True","True","0","0","0","True","0","0","0","True","True","0","0","0","True","0","0","0","0","0","0","0","0","579"
"True","87181","True","True","1","True","0","0","0","True","1920","0","0","True","0","True","0","0","154644","-1","-1","-1","-1","-1","-1","-1","-1","-1","-1","-1","-1","-1","-1","-1","-1","-1","0","-1","True","0","0","0","True","True","0","0","0","True","0","0","0","True","True","0","0","0","True","0","0","0","0","0","0","0","0","580"
"True","87083","True","True","1","True","0","0","0","True","2160","0","0","True","0","True","0","0","154644","-1","-1","-1","-1","-1","-1","-1","-1","-1","-1","-1","-1","-1","-1","-1","-1","-1","0","-1","True","0","0","0","True","True","0","0","0","True","0","0","0","True","True","0","0","0","True","0","0","0","0","0","0","0","0","581"
"True","86457","True","True","1","True","0","0","0","True","1440","0","0","True","0","True","0","0","112565","-1","-1","-1","-1","-1","-1","-1","-1","-1","-1","-1","-1","-1","-1","-1","-1","-1","0","-1","True","0","0","0","True","True","0","0","0","True","0","0","0","True","True","0","0","0","True","0","0","0","0","0","0","0","0","582"
"True","86647","True","True","1","True","0","0","0","True","1440","480","0","True","0","True","0","0","-1","-1","-1","-1","-1","-1","-1","-1","-1","-1","-1","-1","-1","-1","-1","-1","-1","-1","0","-1","True","0","0","0","True","True","0","0","0","True","0","0","0","True","True","0","0","0","True","0","0","0","0","0","0","0","0","583"
"True","85997","True","True","1","True","0","0","0","True","1680","0","0","True","0","True","0","0","112565","-1","-1","-1","-1","-1","-1","-1","-1","-1","-1","-1","-1","-1","-1","-1","-1","-1","0","33","True","0","0","0","True","True","0","0","0","True","0","0","0","True","True","0","0","0","True","0","0","0","0","0","0","0","0","584"
"True","82901","True","True","1","True","0","0","0","True","1680","480","0","True","0","True","0","0","112565","-1","-1","-1","-1","-1","-1","-1","-1","-1","-1","-1","-1","-1","-1","-1","-1","-1","0","33","True","0","0","0","True","True","0","0","0","True","0","0","0","True","True","0","0","0","True","0","0","0","0","0","0","0","0","585"
"True","82831","True","True","1","True","0","0","0","True","1920","240","0","True","0","True","0","0","112565","-1","-1","-1","-1","-1","-1","-1","-1","-1","-1","-1","-1","-1","-1","-1","-1","-1","0","33","True","0","0","0","True","True","0","0","0","True","0","0","0","True","True","0","0","0","True","0","0","0","0","0","0","0","0","586"
"True","82908","True","True","1","True","0","0","0","True","1920","480","0","True","0","True","0","0","112565","-1","-1","-1","-1","-1","-1","-1","-1","-1","-1","-1","-1","-1","-1","-1","-1","-1","0","-1","True","0","0","0","True","True","0","0","0","True","0","0","0","True","True","0","0","0","True","0","0","0","0","0","0","0","0","587"
"True","31076","True","True","1","True","0","0","0","True","0","0","0","True","0","True","0","0","19800","-1","-1","-1","-1","-1","-1","-1","-1","-1","-1","-1","-1","-1","50476","-1","-1","-1","0","-1","True","0","0","0","True","True","0","0","0","True","0","0","0","True","True","0","0","0","True","0","0","0","0","0","0","0","0","588"
"True","67558","True","True","1","True","0","0","0","True","400","4000","0","True","0","True","0","0","19800","-1","-1","-1","-1","-1","-1","-1","-1","-1","-1","-1","-1","-1","50476","-1","-1","-1","0","-1","True","0","0","0","True","True","0","0","0","True","0","0","0","True","True","0","0","0","True","0","0","0","0","0","0","0","0","589"
"True","31075","True","True","1","True","0","0","0","True","400","200","0","True","0","True","0","0","19800","-1","-1","-1","-1","-1","-1","-1","-1","-1","-1","-1","-1","-1","50476","-1","-1","-1","0","-1","True","0","0","0","True","True","0","0","0","True","0","0","0","True","True","0","0","0","True","0","0","0","0","0","0","0","0","590"
"True","168234","True","True","1","True","0","0","0","True","0","0","0","True","0","True","0","0","19868","-1","-1","-1","-1","-1","-1","-1","-1","-1","-1","-1","-1","-1","-1","-1","-1","-1","0","-1","True","0","0","0","True","True","0","0","0","True","0","0","0","True","True","0","0","0","True","0","0","0","0","0","0","0","0","591"
"True","170377","True","True","1","True","0","0","0","True","0","0","0","True","0","True","0","0","19868","-1","-1","-1","-1","-1","-1","-1","-1","-1","-1","-1","-1","-1","-1","-1","-1","-1","0","-1","True","0","0","0","True","True","0","0","0","True","0","0","0","True","True","0","0","0","True","0","0","0","0","0","0","0","0","592"
"True","32484","True","True","1","True","0","0","0","True","0","0","0","True","0","True","0","0","19874","-1","-1","-1","-1","-1","-1","-1","-1","-1","-1","-1","-1","-1","-1","-1","-1","-1","0","-1","True","0","0","0","True","True","0","0","0","True","0","0","0","True","True","0","0","0","True","0","0","0","0","0","0","0","0","593"
"True","32486","True","True","1","True","0","0","0","True","0","0","0","True","0","True","0","0","19877","-1","-1","-1","-1","-1","-1","-1","-1","-1","-1","-1","-1","-1","-1","-1","-1","-1","0","-1","True","0","0","0","True","True","0","0","0","True","0","0","0","True","True","0","0","0","True","0","0","0","0","0","0","0","0","594"
"True","32485","True","True","1","True","0","0","0","True","0","0","0","True","0","True","0","0","19875","-1","-1","-1","-1","-1","-1","-1","-1","-1","-1","-1","-1","-1","-1","-1","-1","-1","0","-1","True","0","0","0","True","True","0","0","0","True","0","0","0","True","True","0","0","0","True","0","0","0","0","0","0","0","0","595"
"True","133303","True","True","1","True","0","0","0","True","0","0","0","True","0","True","0","0","19868","-1","-1","-1","-1","-1","-1","-1","-1","-1","-1","-1","-1","-1","-1","-1","-1","-1","0","-1","True","0","0","0","True","True","0","0","0","True","0","0","0","True","True","0","0","0","True","0","0","0","0","0","0","0","0","596"
"True","129113","True","True","1","True","0","0","0","True","0","240","0","True","0","True","0","0","19868","-1","-1","-1","-1","-1","-1","-1","-1","-1","-1","-1","-1","-1","-1","-1","-1","-1","0","-1","True","0","0","0","True","True","0","0","0","True","0","0","0","True","True","0","0","0","True","0","0","0","0","0","0","0","0","597"
"True","133318","True","True","1","True","0","0","0","True","0","480","0","True","0","True","0","0","19868","-1","-1","-1","-1","-1","-1","-1","-1","-1","-1","-1","-1","-1","-1","-1","-1","-1","0","-1","True","0","0","0","True","True","0","0","0","True","0","0","0","True","True","0","0","0","True","0","0","0","0","0","0","0","0","598"
"True","133309","True","True","1","True","0","0","0","True","-240","240","0","True","0","True","0","0","19868","-1","-1","-1","-1","-1","-1","-1","-1","-1","-1","-1","-1","-1","-1","-1","-1","-1","0","-1","True","0","0","0","True","True","0","0","0","True","0","0","0","True","True","0","0","0","True","0","0","0","0","0","0","0","0","599"
"True","133312","True","True","1","True","0","0","0","True","240","240","0","True","0","True","0","0","19868","-1","-1","-1","-1","-1","-1","-1","-1","-1","-1","-1","-1","-1","-1","-1","-1","-1","0","-1","True","0","0","0","True","True","0","0","0","True","0","0","0","True","True","0","0","0","True","0","0","0","0","0","0","0","0","600"
"True","142953","True","True","1","True","0","0","0","True","0","0","0","True","0","True","0","0","19868","-1","-1","-1","-1","-1","-1","-1","-1","-1","-1","-1","-1","-1","-1","-1","-1","-1","0","-1","True","0","0","0","True","True","0","0","0","True","0","0","0","True","True","0","0","0","True","0","0","0","0","0","0","0","0","601"
"True","142944","True","True","1","True","0","0","0","True","0","240","0","True","0","True","0","0","19868","-1","-1","-1","-1","-1","-1","-1","-1","-1","-1","-1","-1","-1","-1","-1","-1","-1","0","-1","True","0","0","0","True","True","0","0","0","True","0","0","0","True","True","0","0","0","True","0","0","0","0","0","0","0","0","602"
"True","142947","True","True","1","True","0","0","0","True","240","0","0","True","0","True","0","0","19868","-1","-1","-1","-1","-1","-1","-1","-1","-1","-1","-1","-1","-1","-1","-1","-1","-1","0","-1","True","0","0","0","True","True","0","0","0","True","0","0","0","True","True","0","0","0","True","0","0","0","0","0","0","0","0","603"
"True","142950","True","True","1","True","0","0","0","True","240","240","0","True","0","True","0","0","19868","-1","-1","-1","-1","-1","-1","-1","-1","-1","-1","-1","-1","-1","-1","-1","-1","-1","0","-1","True","0","0","0","True","True","0","0","0","True","0","0","0","True","True","0","0","0","True","0","0","0","0","0","0","0","0","604"
"True","167719","True","True","1","True","0","0","0","True","0","0","0","True","0","True","0","0","119870","-1","-1","-1","-1","-1","-1","-1","-1","-1","-1","-1","-1","-1","-1","-1","-1","-1","0","-1","True","0","0","0","True","True","0","0","0","True","0","0","0","True","True","0","0","0","True","0","0","0","0","0","0","0","0","605"
"True","174455","True","True","1","True","0","0","0","True","0","0","0","True","0","True","0","0","130163","-1","-1","-1","-1","-1","-1","-1","-1","-1","-1","-1","-1","-1","176063","-1","-1","-1","0","-1","True","0","0","0","True","True","0","0","0","True","0","0","0","True","True","0","0","0","True","0","0","0","0","0","0","0","0","606"
"True","104176","True","True","1","True","0","0","0","True","1680","240","0","True","0","True","0","0","112565","-1","-1","-1","-1","-1","-1","-1","-1","-1","-1","-1","-1","-1","-1","-1","-1","-1","0","34","True","0","0","0","True","True","0","0","0","True","0","0","0","True","True","0","0","0","True","0","0","0","0","0","0","0","0","607"
"True","115601","True","True","1","True","0","0","0","True","1920","3000","95","True","0","True","0","0","175330","-1","-1","-1","-1","-1","-1","-1","-1","-1","-1","-1","-1","-1","50484","-1","-1","-1","0","40","True","0","0","0","True","True","0","0","0","True","0","0","0","True","True","0","0","0","True","0","0","0","0","0","0","0","0","608"
"True","115604","True","True","1","True","0","0","0","True","2160","3000","95","True","0","True","0","0","175330","-1","-1","-1","-1","-1","-1","-1","-1","-1","-1","-1","-1","-1","50484","-1","-1","-1","0","-1","True","0","0","0","True","True","0","0","0","True","0","0","0","True","True","0","0","0","True","0","0","0","0","0","0","0","0","609"
"True","136755","True","True","1","True","0","0","0","True","2400","3000","95","True","0","True","0","0","175330","-1","-1","-1","-1","-1","-1","-1","-1","-1","-1","-1","-1","-1","50484","-1","-1","-1","0","-1","True","0","0","0","True","True","0","0","0","True","0","0","0","True","True","0","0","0","True","0","0","0","0","0","0","0","0","610"
"True","115598","True","True","1","True","0","0","0","True","1920","3240","95","True","0","True","0","0","175330","-1","-1","-1","-1","-1","-1","-1","-1","-1","-1","-1","-1","-1","50484","-1","-1","-1","0","-1","True","0","0","0","True","True","0","0","0","True","0","0","0","True","True","0","0","0","True","0","0","0","0","0","0","0","0","611"
"True","115607","True","True","1","True","0","0","0","True","2160","3240","95","True","0","True","0","0","175330","-1","-1","-1","-1","-1","-1","-1","-1","-1","-1","-1","-1","-1","50484","-1","-1","-1","0","-1","True","0","0","0","True","True","0","0","0","True","0","0","0","True","True","0","0","0","True","0","0","0","0","0","0","0","0","612"
"True","136752","True","True","1","True","0","0","0","True","2400","3240","95","True","0","True","0","0","175330","-1","-1","-1","-1","-1","-1","-1","-1","-1","-1","-1","-1","-1","50484","-1","-1","-1","0","-1","True","0","0","0","True","True","0","0","0","True","0","0","0","True","True","0","0","0","True","0","0","0","0","0","0","0","0","613"
"True","52738","True","True","1","True","0","0","0","True","1920","2760","0","True","0","True","0","0","53834","-1","-1","-1","-1","-1","-1","-1","-1","-1","-1","-1","-1","-1","50484","-1","-1","-1","0","-1","True","0","0","0","True","True","0","0","0","True","0","0","0","True","True","0","0","0","True","0","0","0","0","0","0","0","0","614"
"True","52739","True","True","1","True","0","0","0","True","1680","2760","0","True","0","True","0","0","53834","-1","-1","-1","-1","-1","-1","-1","-1","-1","-1","-1","-1","-1","50484","-1","-1","-1","0","40","True","0","0","0","True","True","0","0","0","True","0","0","0","True","True","0","0","0","True","0","0","0","0","0","0","0","0","615"
"True","51232","True","True","1","True","0","0","0","True","1680","3240","0","True","0","True","0","0","53834","-1","-1","-1","-1","-1","-1","-1","-1","-1","-1","-1","-1","-1","50484","-1","-1","-1","0","-1","True","0","0","0","True","True","0","0","0","True","0","0","0","True","True","0","0","0","True","0","0","0","0","0","0","0","0","616"
"True","51233","True","True","1","True","0","0","0","True","1440","3240","0","True","0","True","0","0","53834","-1","-1","-1","-1","-1","-1","-1","-1","-1","-1","-1","-1","-1","50484","-1","-1","-1","0","-1","True","0","0","0","True","True","0","0","0","True","0","0","0","True","True","0","0","0","True","0","0","0","0","0","0","0","0","617"
"True","51233","True","True","1","True","0","0","0","True","1200","3240","0","True","0","True","0","0","53834","-1","-1","-1","-1","-1","-1","-1","-1","-1","-1","-1","-1","-1","50484","-1","-1","-1","0","-1","True","0","0","0","True","True","0","0","0","True","0","0","0","True","True","0","0","0","True","0","0","0","0","0","0","0","0","618"
"True","52731","True","True","1","True","0","0","0","True","960","3240","0","True","0","True","0","0","53834","-1","-1","-1","-1","-1","-1","-1","-1","-1","-1","-1","-1","-1","50484","-1","-1","-1","0","-1","True","0","0","0","True","True","0","0","0","True","0","0","0","True","True","0","0","0","True","0","0","0","0","0","0","0","0","619"
"True","52738","True","True","1","True","0","0","0","True","1680","2520","0","True","0","True","0","0","53834","-1","-1","-1","-1","-1","-1","-1","-1","-1","-1","-1","-1","-1","50484","-1","-1","-1","0","-1","True","0","0","0","True","True","0","0","0","True","0","0","0","True","True","0","0","0","True","0","0","0","0","0","0","0","0","620"
"True","52732","True","True","1","True","0","0","0","True","1440","2760","0","True","0","True","0","0","53834","-1","-1","-1","-1","-1","-1","-1","-1","-1","-1","-1","-1","-1","50484","-1","-1","-1","0","40","True","0","0","0","True","True","0","0","0","True","0","0","0","True","True","0","0","0","True","0","0","0","0","0","0","0","0","621"
"True","52737","True","True","1","True","0","0","0","True","1200","2760","0","True","0","True","0","0","53834","-1","-1","-1","-1","-1","-1","-1","-1","-1","-1","-1","-1","-1","50484","-1","-1","-1","0","-1","True","0","0","0","True","True","0","0","0","True","0","0","0","True","True","0","0","0","True","0","0","0","0","0","0","0","0","622"
"True","52734","True","True","1","True","0","0","0","True","1440","3000","0","True","0","True","0","0","53834","-1","-1","-1","-1","-1","-1","-1","-1","-1","-1","-1","-1","-1","50484","-1","-1","-1","0","40","True","0","0","0","True","True","0","0","0","True","0","0","0","True","True","0","0","0","True","0","0","0","0","0","0","0","0","623"
"True","52739","True","True","1","True","0","0","0","True","1200","3000","0","True","0","True","0","0","53834","-1","-1","-1","-1","-1","-1","-1","-1","-1","-1","-1","-1","-1","50484","-1","-1","-1","0","43","True","0","0","0","True","True","0","0","0","True","0","0","0","True","True","0","0","0","True","0","0","0","0","0","0","0","0","624"
"True","52740","True","True","1","True","0","0","0","True","1440","2520","0","True","0","True","0","0","53834","-1","-1","-1","-1","-1","-1","-1","-1","-1","-1","-1","-1","-1","50484","-1","-1","-1","0","-1","True","0","0","0","True","True","0","0","0","True","0","0","0","True","True","0","0","0","True","0","0","0","0","0","0","0","0","625"
"True","197673","True","True","1","True","0","0","0","True","1200","2520","0","True","0","True","0","0","53834","-1","-1","-1","-1","-1","-1","-1","-1","-1","-1","-1","-1","-1","50484","-1","-1","-1","0","-1","True","0","0","0","True","True","0","0","0","True","0","0","0","True","True","0","0","0","True","0","0","0","0","0","0","0","0","626"
"True","52732","True","True","1","True","0","0","0","True","960","3000","0","True","0","True","0","0","53834","-1","-1","-1","-1","-1","-1","-1","-1","-1","-1","-1","-1","-1","50484","-1","-1","-1","0","39","True","0","0","0","True","True","0","0","0","True","0","0","0","True","True","0","0","0","True","0","0","0","0","0","0","0","0","627"
"True","52731","True","True","1","True","0","0","0","True","720","3000","0","True","0","True","0","0","53834","-1","-1","-1","-1","-1","-1","-1","-1","-1","-1","-1","-1","-1","50484","-1","-1","-1","0","-1","True","0","0","0","True","True","0","0","0","True","0","0","0","True","True","0","0","0","True","0","0","0","0","0","0","0","0","628"
"True","155459","True","True","1","True","0","0","0","True","960","2520","0","True","0","True","0","0","53834","-1","-1","-1","-1","-1","-1","-1","-1","-1","-1","-1","-1","-1","50484","-1","-1","-1","0","-1","True","0","0","0","True","True","0","0","0","True","0","0","0","True","True","0","0","0","True","0","0","0","0","0","0","0","0","629"
"True","155453","True","True","1","True","0","0","0","True","720","2520","0","True","0","True","0","0","53834","-1","-1","-1","-1","-1","-1","-1","-1","-1","-1","-1","-1","-1","50484","-1","-1","-1","0","-1","True","0","0","0","True","True","0","0","0","True","0","0","0","True","True","0","0","0","True","0","0","0","0","0","0","0","0","630"
"True","155456","True","True","1","True","0","0","0","True","960","2280","0","True","0","True","0","0","53834","-1","-1","-1","-1","-1","-1","-1","-1","-1","-1","-1","-1","-1","50484","-1","-1","-1","0","-1","True","0","0","0","True","True","0","0","0","True","0","0","0","True","True","0","0","0","True","0","0","0","0","0","0","0","0","631"
"True","155462","True","True","1","True","0","0","0","True","720","2280","0","True","0","True","0","0","53834","-1","-1","-1","-1","-1","-1","-1","-1","-1","-1","-1","-1","-1","50484","-1","-1","-1","0","-1","True","0","0","0","True","True","0","0","0","True","0","0","0","True","True","0","0","0","True","0","0","0","0","0","0","0","0","632"
"True","180119","True","True","1","True","0","0","0","True","960","2040","0","True","0","True","0","0","53834","-1","-1","-1","-1","-1","-1","-1","-1","-1","-1","-1","-1","-1","50484","-1","-1","-1","0","-1","True","0","0","0","True","True","0","0","0","True","0","0","0","True","True","0","0","0","True","0","0","0","0","0","0","0","0","633"
"True","180116","True","True","1","True","0","0","0","True","720","2040","0","True","0","True","0","0","53834","-1","-1","-1","-1","-1","-1","-1","-1","-1","-1","-1","-1","-1","50484","-1","-1","-1","0","-1","True","0","0","0","True","True","0","0","0","True","0","0","0","True","True","0","0","0","True","0","0","0","0","0","0","0","0","634"
"True","52735","True","True","1","True","0","0","0","True","720","2760","0","True","0","True","0","0","53834","-1","-1","-1","-1","-1","-1","-1","-1","-1","-1","-1","-1","-1","50484","-1","-1","-1","0","42","True","0","0","0","True","True","0","0","0","True","0","0","0","True","True","0","0","0","True","0","0","0","0","0","0","0","0","635"
"True","54543","True","True","1","True","0","0","0","True","960","2760","0","True","0","True","0","0","53834","-1","-1","-1","-1","-1","-1","-1","-1","-1","-1","-1","-1","-1","50484","-1","-1","-1","0","41","True","0","0","0","True","True","0","0","0","True","0","0","0","True","True","0","0","0","True","0","0","0","0","0","0","0","0","636"
"True","54543","True","True","1","True","0","0","0","True","1680","3000","0","True","0","True","0","0","53834","-1","-1","-1","-1","-1","-1","-1","-1","-1","-1","-1","-1","-1","50484","-1","-1","-1","0","41","True","0","0","0","True","True","0","0","0","True","0","0","0","True","True","0","0","0","True","0","0","0","0","0","0","0","0","637"
"True","51246","True","True","1","True","0","0","0","True","0","0","0","True","0","True","0","0","102932","-1","-1","-1","-1","-1","-1","-1","-1","-1","-1","-1","-1","-1","50485","-1","-1","-1","0","-1","True","0","0","0","True","True","0","0","0","True","0","0","0","True","True","0","0","0","True","0","0","0","0","0","0","0","0","638"
"True","2846","True","True","1","True","0","0","0","True","0","0","0","True","0","True","0","0","102936","-1","-1","-1","-1","-1","-1","-1","-1","-1","-1","-1","-1","-1","50485","-1","-1","-1","0","-1","True","0","0","0","True","True","0","0","0","True","0","0","0","True","True","0","0","0","True","0","0","0","0","0","0","0","0","639"
"True","51245","True","True","1","True","0","0","0","True","0","0","0","True","0","True","0","0","61066","-1","-1","-1","-1","-1","-1","-1","-1","-1","-1","-1","-1","-1","50485","-1","-1","-1","0","-1","True","0","0","0","True","True","0","0","0","True","0","0","0","True","True","0","0","0","True","0","0","0","0","0","0","0","0","640"
"True","195199","True","True","1","True","0","0","0","True","0","0","0","True","0","True","0","0","195268","-1","-1","-1","-1","-1","-1","-1","-1","-1","-1","-1","-1","-1","87426","-1","-1","-1","0","-1","True","0","0","0","True","True","0","0","0","True","0","0","0","True","True","0","0","0","True","0","0","0","0","0","0","0","0","641"
"True","202042","True","True","1","True","0","0","0","True","0","0","0","True","0","True","0","0","81178","-1","-1","-1","-1","-1","-1","-1","-1","-1","-1","-1","-1","-1","87426","-1","-1","-1","0","-1","True","0","0","0","True","True","0","0","0","True","0","0","0","True","True","0","0","0","True","0","0","0","0","0","0","0","0","642"
"True","32439","True","True","1","True","0","0","0","True","240","480","0","True","0","True","0","0","-1","-1","-1","-1","-1","-1","-1","-1","-1","-1","-1","-1","-1","-1","-1","-1","-1","-1","0","-1","True","0","0","0","True","True","0","0","0","True","0","0","0","True","True","0","0","0","True","0","0","0","0","0","0","0","0","643"
"True","32440","True","True","1","True","0","0","0","True","480","480","0","True","0","True","0","0","-1","-1","-1","-1","-1","-1","-1","-1","-1","-1","-1","-1","-1","-1","-1","-1","-1","-1","0","-1","True","0","0","0","True","True","0","0","0","True","0","0","0","True","True","0","0","0","True","0","0","0","0","0","0","0","0","644"
"True","32441","True","True","1","True","0","0","0","True","720","480","0","True","0","True","0","0","-1","-1","-1","-1","-1","-1","-1","-1","-1","-1","-1","-1","-1","-1","-1","-1","-1","-1","0","-1","True","0","0","0","True","True","0","0","0","True","0","0","0","True","True","0","0","0","True","0","0","0","0","0","0","0","0","645"
"True","32442","True","True","1","True","0","0","0","True","960","480","0","True","0","True","0","0","-1","-1","-1","-1","-1","-1","-1","-1","-1","-1","-1","-1","-1","-1","-1","-1","-1","-1","0","-1","True","0","0","0","True","True","0","0","0","True","0","0","0","True","True","0","0","0","True","0","0","0","0","0","0","0","0","646"
"True","32443","True","True","1","True","0","0","0","True","1200","480","0","True","0","True","0","0","-1","-1","-1","-1","-1","-1","-1","-1","-1","-1","-1","-1","-1","-1","-1","-1","-1","-1","0","-1","True","0","0","0","True","True","0","0","0","True","0","0","0","True","True","0","0","0","True","0","0","0","0","0","0","0","0","647"
"True","32444","True","True","1","True","0","0","0","True","1440","480","0","True","0","True","0","0","-1","-1","-1","-1","-1","-1","-1","-1","-1","-1","-1","-1","-1","-1","-1","-1","-1","-1","0","-1","True","0","0","0","True","True","0","0","0","True","0","0","0","True","True","0","0","0","True","0","0","0","0","0","0","0","0","648"
"True","32446","True","True","1","True","0","0","0","True","0","720","0","True","0","True","0","0","-1","-1","-1","-1","-1","-1","-1","-1","-1","-1","-1","-1","-1","-1","-1","-1","-1","-1","0","-1","True","0","0","0","True","True","0","0","0","True","0","0","0","True","True","0","0","0","True","0","0","0","0","0","0","0","0","649"
"True","32447","True","True","1","True","0","0","0","True","240","720","0","True","0","True","0","0","-1","-1","-1","-1","-1","-1","-1","-1","-1","-1","-1","-1","-1","-1","-1","-1","-1","-1","0","-1","True","0","0","0","True","True","0","0","0","True","0","0","0","True","True","0","0","0","True","0","0","0","0","0","0","0","0","650"
"True","1857","True","True","1","True","0","0","0","True","480","720","0","True","0","True","0","0","-1","-1","-1","-1","-1","-1","-1","-1","-1","-1","-1","-1","-1","-1","-1","-1","-1","-1","0","-1","True","0","0","0","True","True","0","0","0","True","0","0","0","True","True","0","0","0","True","0","0","0","0","0","0","0","0","651"
"True","32448","True","True","1","True","0","0","0","True","720","720","0","True","0","True","0","0","-1","-1","-1","-1","-1","-1","-1","-1","-1","-1","-1","-1","-1","-1","-1","-1","-1","-1","0","-1","True","0","0","0","True","True","0","0","0","True","0","0","0","True","True","0","0","0","True","0","0","0","0","0","0","0","0","652"
"True","32449","True","True","1","True","0","0","0","True","960","720","0","True","0","True","0","0","-1","-1","-1","-1","-1","-1","-1","-1","-1","-1","-1","-1","-1","-1","-1","-1","-1","-1","0","-1","True","0","0","0","True","True","0","0","0","True","0","0","0","True","True","0","0","0","True","0","0","0","0","0","0","0","0","653"
"True","32450","True","True","1","True","0","0","0","True","1200","720","0","True","0","True","0","0","-1","-1","-1","-1","-1","-1","-1","-1","-1","-1","-1","-1","-1","-1","-1","-1","-1","-1","0","-1","True","0","0","0","True","True","0","0","0","True","0","0","0","True","True","0","0","0","True","0","0","0","0","0","0","0","0","654"
"True","32451","True","True","1","True","0","0","0","True","1440","720","0","True","0","True","0","0","-1","-1","-1","-1","-1","-1","-1","-1","-1","-1","-1","-1","-1","-1","-1","-1","-1","-1","0","-1","True","0","0","0","True","True","0","0","0","True","0","0","0","True","True","0","0","0","True","0","0","0","0","0","0","0","0","655"
"True","32452","True","True","1","True","0","0","0","True","1680","720","0","True","0","True","0","0","-1","-1","-1","-1","-1","-1","-1","-1","-1","-1","-1","-1","-1","-1","-1","-1","-1","-1","0","-1","True","0","0","0","True","True","0","0","0","True","0","0","0","True","True","0","0","0","True","0","0","0","0","0","0","0","0","656"
"True","32453","True","True","1","True","0","0","0","True","0","960","0","True","0","True","0","0","-1","-1","-1","-1","-1","-1","-1","-1","-1","-1","-1","-1","-1","-1","-1","-1","-1","-1","0","-1","True","0","0","0","True","True","0","0","0","True","0","0","0","True","True","0","0","0","True","0","0","0","0","0","0","0","0","657"
"True","32454","True","True","1","True","0","0","0","True","240","960","0","True","0","True","0","0","-1","-1","-1","-1","-1","-1","-1","-1","-1","-1","-1","-1","-1","-1","-1","-1","-1","-1","0","-1","True","0","0","0","True","True","0","0","0","True","0","0","0","True","True","0","0","0","True","0","0","0","0","0","0","0","0","658"
"True","32455","True","True","1","True","0","0","0","True","480","960","0","True","0","True","0","0","-1","-1","-1","-1","-1","-1","-1","-1","-1","-1","-1","-1","-1","-1","-1","-1","-1","-1","0","-1","True","0","0","0","True","True","0","0","0","True","0","0","0","True","True","0","0","0","True","0","0","0","0","0","0","0","0","659"
"True","32456","True","True","1","True","0","0","0","True","720","960","0","True","0","True","0","0","-1","-1","-1","-1","-1","-1","-1","-1","-1","-1","-1","-1","-1","-1","-1","-1","-1","-1","0","-1","True","0","0","0","True","True","0","0","0","True","0","0","0","True","True","0","0","0","True","0","0","0","0","0","0","0","0","660"
"True","32457","True","True","1","True","0","0","0","True","960","960","0","True","0","True","0","0","-1","-1","-1","-1","-1","-1","-1","-1","-1","-1","-1","-1","-1","-1","-1","-1","-1","-1","0","-1","True","0","0","0","True","True","0","0","0","True","0","0","0","True","True","0","0","0","True","0","0","0","0","0","0","0","0","661"
"True","32458","True","True","1","True","0","0","0","True","1200","960","0","True","0","True","0","0","-1","-1","-1","-1","-1","-1","-1","-1","-1","-1","-1","-1","-1","-1","-1","-1","-1","-1","0","-1","True","0","0","0","True","True","0","0","0","True","0","0","0","True","True","0","0","0","True","0","0","0","0","0","0","0","0","662"
"True","32459","True","True","1","True","0","0","0","True","1440","960","0","True","0","True","0","0","-1","-1","-1","-1","-1","-1","-1","-1","-1","-1","-1","-1","-1","-1","-1","-1","-1","-1","0","-1","True","0","0","0","True","True","0","0","0","True","0","0","0","True","True","0","0","0","True","0","0","0","0","0","0","0","0","663"
"True","32460","True","True","1","True","0","0","0","True","1680","960","0","True","0","True","0","0","-1","-1","-1","-1","-1","-1","-1","-1","-1","-1","-1","-1","-1","-1","-1","-1","-1","-1","0","-1","True","0","0","0","True","True","0","0","0","True","0","0","0","True","True","0","0","0","True","0","0","0","0","0","0","0","0","664"
"True","32461","True","True","1","True","0","0","0","True","0","1200","0","True","0","True","0","0","-1","-1","-1","-1","-1","-1","-1","-1","-1","-1","-1","-1","-1","-1","-1","-1","-1","-1","0","-1","True","0","0","0","True","True","0","0","0","True","0","0","0","True","True","0","0","0","True","0","0","0","0","0","0","0","0","665"
"True","32462","True","True","1","True","0","0","0","True","240","1200","0","True","0","True","0","0","-1","-1","-1","-1","-1","-1","-1","-1","-1","-1","-1","-1","-1","-1","-1","-1","-1","-1","0","-1","True","0","0","0","True","True","0","0","0","True","0","0","0","True","True","0","0","0","True","0","0","0","0","0","0","0","0","666"
"True","32463","True","True","1","True","0","0","0","True","480","1200","0","True","0","True","0","0","-1","-1","-1","-1","-1","-1","-1","-1","-1","-1","-1","-1","-1","-1","-1","-1","-1","-1","0","-1","True","0","0","0","True","True","0","0","0","True","0","0","0","True","True","0","0","0","True","0","0","0","0","0","0","0","0","667"
"True","32464","True","True","1","True","0","0","0","True","720","1200","0","True","0","True","0","0","-1","-1","-1","-1","-1","-1","-1","-1","-1","-1","-1","-1","-1","-1","-1","-1","-1","-1","0","-1","True","0","0","0","True","True","0","0","0","True","0","0","0","True","True","0","0","0","True","0","0","0","0","0","0","0","0","668"
"True","32465","True","True","1","True","0","0","0","True","960","1200","0","True","0","True","0","0","-1","-1","-1","-1","-1","-1","-1","-1","-1","-1","-1","-1","-1","-1","-1","-1","-1","-1","0","-1","True","0","0","0","True","True","0","0","0","True","0","0","0","True","True","0","0","0","True","0","0","0","0","0","0","0","0","669"
"True","32466","True","True","1","True","0","0","0","True","1200","1200","0","True","0","True","0","0","-1","-1","-1","-1","-1","-1","-1","-1","-1","-1","-1","-1","-1","-1","-1","-1","-1","-1","0","-1","True","0","0","0","True","True","0","0","0","True","0","0","0","True","True","0","0","0","True","0","0","0","0","0","0","0","0","670"
"True","1858","True","True","1","True","0","0","0","True","1440","1200","0","True","0","True","0","0","-1","-1","-1","-1","-1","-1","-1","-1","-1","-1","-1","-1","-1","-1","-1","-1","-1","-1","0","-1","True","0","0","0","True","True","0","0","0","True","0","0","0","True","True","0","0","0","True","0","0","0","0","0","0","0","0","671"
"True","32467","True","True","1","True","0","0","0","True","1680","1200","0","True","0","True","0","0","-1","-1","-1","-1","-1","-1","-1","-1","-1","-1","-1","-1","-1","-1","-1","-1","-1","-1","0","-1","True","0","0","0","True","True","0","0","0","True","0","0","0","True","True","0","0","0","True","0","0","0","0","0","0","0","0","672"
"True","32469","True","True","1","True","0","0","0","True","240","1440","0","True","0","True","0","0","-1","-1","-1","-1","-1","-1","-1","-1","-1","-1","-1","-1","-1","-1","-1","-1","-1","-1","0","-1","True","0","0","0","True","True","0","0","0","True","0","0","0","True","True","0","0","0","True","0","0","0","0","0","0","0","0","673"
"True","32470","True","True","1","True","0","0","0","True","480","1440","0","True","0","True","0","0","-1","-1","-1","-1","-1","-1","-1","-1","-1","-1","-1","-1","-1","-1","-1","-1","-1","-1","0","-1","True","0","0","0","True","True","0","0","0","True","0","0","0","True","True","0","0","0","True","0","0","0","0","0","0","0","0","674"
"True","32471","True","True","1","True","0","0","0","True","720","1440","0","True","0","True","0","0","-1","-1","-1","-1","-1","-1","-1","-1","-1","-1","-1","-1","-1","-1","-1","-1","-1","-1","0","-1","True","0","0","0","True","True","0","0","0","True","0","0","0","True","True","0","0","0","True","0","0","0","0","0","0","0","0","675"
"True","32472","True","True","1","True","0","0","0","True","960","1440","0","True","0","True","0","0","-1","-1","-1","-1","-1","-1","-1","-1","-1","-1","-1","-1","-1","-1","-1","-1","-1","-1","0","-1","True","0","0","0","True","True","0","0","0","True","0","0","0","True","True","0","0","0","True","0","0","0","0","0","0","0","0","676"
"True","32473","True","True","1","True","0","0","0","True","1200","1440","0","True","0","True","0","0","-1","-1","-1","-1","-1","-1","-1","-1","-1","-1","-1","-1","-1","-1","-1","-1","-1","-1","0","-1","True","0","0","0","True","True","0","0","0","True","0","0","0","True","True","0","0","0","True","0","0","0","0","0","0","0","0","677"
"True","32474","True","True","1","True","0","0","0","True","1440","1440","0","True","0","True","0","0","-1","-1","-1","-1","-1","-1","-1","-1","-1","-1","-1","-1","-1","-1","-1","-1","-1","-1","0","-1","True","0","0","0","True","True","0","0","0","True","0","0","0","True","True","0","0","0","True","0","0","0","0","0","0","0","0","678"
"True","58491","True","True","1","True","0","0","0","True","0","0","0","True","0","True","0","0","58494","-1","-1","-1","-1","-1","-1","-1","-1","-1","-1","-1","-1","-1","-1","-1","-1","-1","0","-1","True","0","0","0","True","True","0","0","0","True","0","0","0","True","True","0","0","0","True","0","0","0","0","0","0","0","0","679"
"True","57577","True","True","1","True","0","0","0","True","3840","2580","0","True","0","True","0","0","175367","-1","-1","-1","-1","-1","-1","-1","-1","-1","-1","-1","-1","-1","50486","-1","-1","-1","0","-1","True","0","0","0","True","True","0","0","0","True","0","0","0","True","True","0","0","0","True","0","0","0","0","0","0","0","0","680"
"True","53741","True","True","1","True","0","0","0","True","3600","2580","0","True","0","True","0","0","57425","-1","-1","-1","-1","-1","-1","-1","-1","-1","-1","-1","-1","-1","50486","-1","-1","-1","0","36","True","0","0","0","True","True","0","0","0","True","0","0","0","True","True","0","0","0","True","0","0","0","0","0","0","0","0","681"
"True","53707","True","True","1","True","0","0","0","True","3840","2820","0","True","0","True","0","0","57425","-1","-1","-1","-1","-1","-1","-1","-1","-1","-1","-1","-1","-1","50486","-1","-1","-1","0","-1","True","0","0","0","True","True","0","0","0","True","0","0","0","True","True","0","0","0","True","0","0","0","0","0","0","0","0","682"
"True","52889","True","True","1","True","0","0","0","True","3600","2820","0","True","0","True","0","0","57425","-1","-1","-1","-1","-1","-1","-1","-1","-1","-1","-1","-1","-1","50486","-1","-1","-1","0","36","True","0","0","0","True","True","0","0","0","True","0","0","0","True","True","0","0","0","True","0","0","0","0","0","0","0","0","683"
"True","53725","True","True","1","True","0","0","0","True","3360","2820","0","True","0","True","0","0","57425","-1","-1","-1","-1","-1","-1","-1","-1","-1","-1","-1","-1","-1","50486","-1","-1","-1","0","-1","True","0","0","0","True","True","0","0","0","True","0","0","0","True","True","0","0","0","True","0","0","0","0","0","0","0","0","684"
"True","53759","True","True","1","True","0","0","0","True","3360","2580","0","True","0","True","0","0","57425","-1","-1","-1","-1","-1","-1","-1","-1","-1","-1","-1","-1","-1","50486","-1","-1","-1","0","36","True","0","0","0","True","True","0","0","0","True","0","0","0","True","True","0","0","0","True","0","0","0","0","0","0","0","0","685"
"True","53711","True","True","1","True","0","0","0","True","3600","2340","0","True","0","True","0","0","57425","-1","-1","-1","-1","-1","-1","-1","-1","-1","-1","-1","-1","-1","50486","-1","-1","-1","0","36","True","0","0","0","True","True","0","0","0","True","0","0","0","True","True","0","0","0","True","0","0","0","0","0","0","0","0","686"
"True","196967","True","True","1","True","0","0","0","True","3120","2580","0","True","0","True","0","0","57425","-1","-1","-1","-1","-1","-1","-1","-1","-1","-1","-1","-1","-1","50486","-1","-1","-1","0","36","True","0","0","0","True","True","0","0","0","True","0","0","0","True","True","0","0","0","True","0","0","0","0","0","0","0","0","687"
"True","53715","True","True","1","True","0","0","0","True","3600","2100","0","True","0","True","0","0","57425","-1","-1","-1","-1","-1","-1","-1","-1","-1","-1","-1","-1","-1","50486","-1","-1","-1","0","-1","True","0","0","0","True","True","0","0","0","True","0","0","0","True","True","0","0","0","True","0","0","0","0","0","0","0","0","688"
"True","53723","True","True","1","True","0","0","0","True","3360","2100","0","True","0","True","0","0","57425","-1","-1","-1","-1","-1","-1","-1","-1","-1","-1","-1","-1","-1","50486","-1","-1","-1","0","-1","True","0","0","0","True","True","0","0","0","True","0","0","0","True","True","0","0","0","True","0","0","0","0","0","0","0","0","689"
"True","53703","True","True","1","True","0","0","0","True","3120","2100","0","True","0","True","0","0","57425","-1","-1","-1","-1","-1","-1","-1","-1","-1","-1","-1","-1","-1","50486","-1","-1","-1","0","35","True","0","0","0","True","True","0","0","0","True","0","0","0","True","True","0","0","0","True","0","0","0","0","0","0","0","0","690"
"True","58118","True","True","1","True","0","0","0","True","3120","2340","0","True","0","True","0","0","57425","-1","-1","-1","-1","-1","-1","-1","-1","-1","-1","-1","-1","-1","50486","-1","-1","-1","0","36","True","0","0","0","True","True","0","0","0","True","0","0","0","True","True","0","0","0","True","0","0","0","0","0","0","0","0","691"
"True","53780","True","True","1","True","0","0","0","True","2880","2580","0","True","0","True","0","0","57425","-1","-1","-1","-1","-1","-1","-1","-1","-1","-1","-1","-1","-1","50486","-1","-1","-1","0","-1","True","0","0","0","True","True","0","0","0","True","0","0","0","True","True","0","0","0","True","0","0","0","0","0","0","0","0","692"
"True","187853","True","True","1","True","0","0","0","True","2880","2820","0","True","0","True","0","0","57425","-1","-1","-1","-1","-1","-1","-1","-1","-1","-1","-1","-1","-1","50486","-1","-1","-1","0","-1","True","0","0","0","True","True","0","0","0","True","0","0","0","True","True","0","0","0","True","0","0","0","0","0","0","0","0","693"
"True","196967","True","True","1","True","0","0","0","True","2640","2820","0","True","0","True","0","0","57425","-1","-1","-1","-1","-1","-1","-1","-1","-1","-1","-1","-1","-1","50486","-1","-1","-1","0","37","True","0","0","0","True","True","0","0","0","True","0","0","0","True","True","0","0","0","True","0","0","0","0","0","0","0","0","694"
"True","53725","True","True","1","True","0","0","0","True","2400","2820","0","True","0","True","0","0","57425","-1","-1","-1","-1","-1","-1","-1","-1","-1","-1","-1","-1","-1","50486","-1","-1","-1","0","-1","True","0","0","0","True","True","0","0","0","True","0","0","0","True","True","0","0","0","True","0","0","0","0","0","0","0","0","695"
"True","57980","True","True","1","True","0","0","0","True","2400","2580","0","True","0","True","0","0","57425","-1","-1","-1","-1","-1","-1","-1","-1","-1","-1","-1","-1","-1","50486","-1","-1","-1","0","36","True","0","0","0","True","True","0","0","0","True","0","0","0","True","True","0","0","0","True","0","0","0","0","0","0","0","0","696"
"True","114665","True","True","1","True","0","0","0","True","2880","2340","0","True","0","True","0","0","57425","-1","-1","-1","-1","-1","-1","-1","-1","-1","-1","-1","-1","-1","50486","-1","-1","-1","0","36","True","0","0","0","True","True","0","0","0","True","0","0","0","True","True","0","0","0","True","0","0","0","0","0","0","0","0","697"
"True","53715","True","True","1","True","0","0","0","True","2880","2100","0","True","0","True","0","0","57425","-1","-1","-1","-1","-1","-1","-1","-1","-1","-1","-1","-1","-1","50486","-1","-1","-1","0","-1","True","0","0","0","True","True","0","0","0","True","0","0","0","True","True","0","0","0","True","0","0","0","0","0","0","0","0","698"
"True","53703","True","True","1","True","0","0","0","True","2640","2100","0","True","0","True","0","0","57425","-1","-1","-1","-1","-1","-1","-1","-1","-1","-1","-1","-1","-1","50486","-1","-1","-1","0","36","True","0","0","0","True","True","0","0","0","True","0","0","0","True","True","0","0","0","True","0","0","0","0","0","0","0","0","699"
"True","53771","True","True","1","True","0","0","0","True","2640","2340","0","True","0","True","0","0","57425","-1","-1","-1","-1","-1","-1","-1","-1","-1","-1","-1","-1","-1","50486","-1","-1","-1","0","36","True","0","0","0","True","True","0","0","0","True","0","0","0","True","True","0","0","0","True","0","0","0","0","0","0","0","0","700"
"True","57508","True","True","1","True","0","0","0","True","2400","2340","0","True","0","True","0","0","57425","-1","-1","-1","-1","-1","-1","-1","-1","-1","-1","-1","-1","-1","50486","-1","-1","-1","0","-1","True","0","0","0","True","True","0","0","0","True","0","0","0","True","True","0","0","0","True","0","0","0","0","0","0","0","0","701"
"True","59372","True","True","1","True","0","0","0","True","0","0","0","True","0","True","0","0","62752","-1","-1","-1","-1","-1","-1","-1","-1","-1","-1","-1","-1","-1","59488","-1","-1","-1","0","-1","True","0","0","0","True","True","0","0","0","True","0","0","0","True","True","0","0","0","True","0","0","0","0","0","0","0","0","702"
"True","58597","True","True","1","True","0","0","0","True","3360","2340","0","True","0","True","0","0","57425","-1","-1","-1","-1","-1","-1","-1","-1","-1","-1","-1","-1","-1","50486","-1","-1","-1","0","38","True","0","0","0","True","True","0","0","0","True","0","0","0","True","True","0","0","0","True","0","0","0","0","0","0","0","0","703"
"True","58597","True","True","1","True","0","0","0","True","2640","2580","0","True","0","True","0","0","57425","-1","-1","-1","-1","-1","-1","-1","-1","-1","-1","-1","-1","-1","50486","-1","-1","-1","0","38","True","0","0","0","True","True","0","0","0","True","0","0","0","True","True","0","0","0","True","0","0","0","0","0","0","0","0","704"
"True","57474","True","True","1","True","0","0","0","True","0","0","0","True","0","True","0","0","192694","-1","-1","-1","-1","-1","-1","-1","-1","-1","-1","-1","-1","-1","59488","-1","-1","-1","0","-1","True","0","0","0","True","True","0","0","0","True","0","0","0","True","True","0","0","0","True","0","0","0","0","0","0","0","0","705"
"True","198184","True","True","1","True","0","0","0","True","0","120","0","True","0","True","0","0","192694","-1","-1","-1","-1","-1","-1","-1","-1","-1","-1","-1","-1","-1","59488","-1","-1","-1","0","-1","True","0","0","0","True","True","0","0","0","True","0","0","0","True","True","0","0","0","True","0","0","0","0","0","0","0","0","706"
"True","30991","True","True","1","True","0","0","0","True","0","240","0","True","0","True","0","0","192694","-1","-1","-1","-1","-1","-1","-1","-1","-1","-1","-1","-1","-1","59488","-1","-1","-1","0","-1","True","0","0","0","True","True","0","0","0","True","0","0","0","True","True","0","0","0","True","0","0","0","0","0","0","0","0","707"
"True","59810","True","True","1","True","0","0","0","True","0","0","0","True","0","True","0","0","60194","-1","-1","-1","-1","-1","-1","-1","-1","-1","-1","-1","-1","-1","78928","-1","-1","-1","0","-1","True","0","0","0","True","True","0","0","0","True","0","0","0","True","True","0","0","0","True","0","0","0","0","0","0","0","0","708"
"True","61843","True","True","1","True","0","0","0","True","0","0","0","True","0","True","0","0","60757","-1","-1","-1","-1","-1","-1","-1","-1","-1","-1","-1","-1","-1","76616","-1","-1","-1","0","-1","True","0","0","0","True","True","0","0","0","True","0","0","0","True","True","0","0","0","True","0","0","0","0","0","0","0","0","709"
"True","170892","True","True","1","True","0","0","0","True","720","-240","0","True","0","True","0","0","109516","-1","-1","-1","-1","-1","-1","-1","-1","-1","-1","-1","-1","-1","212141","-1","-1","-1","0","-1","True","0","0","0","True","True","0","0","0","True","0","0","0","True","True","0","0","0","True","0","0","0","0","0","0","0","0","710"
"True","162202","True","True","1","True","0","0","0","True","960","-240","0","True","0","True","0","0","109516","-1","-1","-1","-1","-1","-1","-1","-1","-1","-1","-1","-1","-1","212141","-1","-1","-1","0","-1","True","0","0","0","True","True","0","0","0","True","0","0","0","True","True","0","0","0","True","0","0","0","0","0","0","0","0","711"
"True","162229","True","True","1","True","0","0","0","True","480","0","0","True","0","True","0","0","109516","-1","-1","-1","-1","-1","-1","-1","-1","-1","-1","-1","-1","-1","212141","-1","-1","-1","0","-1","True","0","0","0","True","True","0","0","0","True","0","0","0","True","True","0","0","0","True","0","0","0","0","0","0","0","0","712"
"True","120208","True","True","1","True","0","0","0","True","720","0","0","True","0","True","0","0","109516","-1","-1","-1","-1","-1","-1","-1","-1","-1","-1","-1","-1","-1","212141","-1","-1","-1","0","-1","True","0","0","0","True","True","0","0","0","True","0","0","0","True","True","0","0","0","True","0","0","0","0","0","0","0","0","713"
"True","120211","True","True","1","True","0","0","0","True","960","0","0","True","0","True","0","0","109516","-1","-1","-1","-1","-1","-1","-1","-1","-1","-1","-1","-1","-1","212141","-1","-1","-1","0","-1","True","0","0","0","True","True","0","0","0","True","0","0","0","True","True","0","0","0","True","0","0","0","0","0","0","0","0","714"
"True","162219","True","True","1","True","0","0","0","True","1200","0","0","True","0","True","0","0","109516","-1","-1","-1","-1","-1","-1","-1","-1","-1","-1","-1","-1","-1","212141","-1","-1","-1","0","-1","True","0","0","0","True","True","0","0","0","True","0","0","0","True","True","0","0","0","True","0","0","0","0","0","0","0","0","715"
"True","121082","True","True","1","True","0","0","0","True","480","240","0","True","0","True","0","0","109516","-1","-1","-1","-1","-1","-1","-1","-1","-1","-1","-1","-1","-1","212141","-1","-1","-1","0","-1","True","0","0","0","True","True","0","0","0","True","0","0","0","True","True","0","0","0","True","0","0","0","0","0","0","0","0","716"
"True","117525","True","True","1","True","0","0","0","True","720","240","0","True","0","True","0","0","109516","-1","-1","-1","-1","-1","-1","-1","-1","-1","-1","-1","-1","-1","212141","-1","-1","-1","0","-1","True","0","0","0","True","True","0","0","0","True","0","0","0","True","True","0","0","0","True","0","0","0","0","0","0","0","0","717"
"True","117516","True","True","1","True","0","0","0","True","960","240","0","True","0","True","0","0","109516","-1","-1","-1","-1","-1","-1","-1","-1","-1","-1","-1","-1","-1","212141","-1","-1","-1","0","-1","True","0","0","0","True","True","0","0","0","True","0","0","0","True","True","0","0","0","True","0","0","0","0","0","0","0","0","718"
"True","162222","True","True","1","True","0","0","0","True","1200","240","0","True","0","True","0","0","109516","-1","-1","-1","-1","-1","-1","-1","-1","-1","-1","-1","-1","-1","212141","-1","-1","-1","0","-1","True","0","0","0","True","True","0","0","0","True","0","0","0","True","True","0","0","0","True","0","0","0","0","0","0","0","0","719"
"True","117543","True","True","1","True","0","0","0","True","0","480","0","True","0","True","0","0","109516","-1","-1","-1","-1","-1","-1","-1","-1","-1","-1","-1","-1","-1","212141","-1","-1","-1","0","-1","True","0","0","0","True","True","0","0","0","True","0","0","0","True","True","0","0","0","True","0","0","0","0","0","0","0","0","720"
"True","117537","True","True","1","True","0","0","0","True","240","480","0","True","0","True","0","0","109516","-1","-1","-1","-1","-1","-1","-1","-1","-1","-1","-1","-1","-1","212141","-1","-1","-1","0","-1","True","0","0","0","True","True","0","0","0","True","0","0","0","True","True","0","0","0","True","0","0","0","0","0","0","0","0","721"
"True","117546","True","True","1","True","0","0","0","True","480","480","0","True","0","True","0","0","109516","-1","-1","-1","-1","-1","-1","-1","-1","-1","-1","-1","-1","-1","212141","-1","-1","-1","0","-1","True","0","0","0","True","True","0","0","0","True","0","0","0","True","True","0","0","0","True","0","0","0","0","0","0","0","0","722"
"True","117522","True","True","1","True","0","0","0","True","720","480","0","True","0","True","0","0","109516","-1","-1","-1","-1","-1","-1","-1","-1","-1","-1","-1","-1","-1","212141","-1","-1","-1","0","-1","True","0","0","0","True","True","0","0","0","True","0","0","0","True","True","0","0","0","True","0","0","0","0","0","0","0","0","723"
"True","121070","True","True","1","True","0","0","0","True","960","480","0","True","0","True","0","0","109516","-1","-1","-1","-1","-1","-1","-1","-1","-1","-1","-1","-1","-1","212141","-1","-1","-1","0","-1","True","0","0","0","True","True","0","0","0","True","0","0","0","True","True","0","0","0","True","0","0","0","0","0","0","0","0","724"
"True","117540","True","True","1","True","0","0","0","True","0","720","0","True","0","True","0","0","109516","-1","-1","-1","-1","-1","-1","109513","171","109514","-1","-1","-1","-1","212141","-1","-1","-1","0","-1","True","0","0","0","True","True","0","0","0","True","0","0","0","True","True","0","0","0","True","0","0","0","0","0","0","0","0","725"
"True","117534","True","True","1","True","0","0","0","True","240","720","0","True","0","True","0","0","109516","-1","-1","-1","-1","-1","-1","-1","-1","-1","-1","-1","-1","-1","212141","-1","-1","-1","0","-1","True","0","0","0","True","True","0","0","0","True","0","0","0","True","True","0","0","0","True","0","0","0","0","0","0","0","0","726"
"True","117528","True","True","1","True","0","0","0","True","480","720","0","True","0","True","0","0","109516","-1","-1","-1","-1","-1","-1","-1","-1","-1","-1","-1","-1","-1","212141","-1","-1","-1","0","-1","True","0","0","0","True","True","0","0","0","True","0","0","0","True","True","0","0","0","True","0","0","0","0","0","0","0","0","727"
"True","117519","True","True","1","True","0","0","0","True","720","720","0","True","0","True","0","0","109516","-1","-1","-1","-1","-1","-1","-1","-1","-1","-1","-1","-1","-1","212141","-1","-1","-1","0","-1","True","0","0","0","True","True","0","0","0","True","0","0","0","True","True","0","0","0","True","0","0","0","0","0","0","0","0","728"
"True","121066","True","True","1","True","0","0","0","True","960","720","0","True","0","True","0","0","109516","-1","-1","-1","-1","-1","-1","-1","-1","-1","-1","-1","-1","-1","212141","-1","-1","-1","0","-1","True","0","0","0","True","True","0","0","0","True","0","0","0","True","True","0","0","0","True","0","0","0","0","0","0","0","0","729"
"True","162192","True","True","1","True","0","0","0","True","-240","960","0","True","0","True","0","0","109516","-1","-1","-1","-1","-1","-1","-1","-1","-1","-1","-1","-1","-1","212141","-1","-1","-1","0","-1","True","0","0","0","True","True","0","0","0","True","0","0","0","True","True","0","0","0","True","0","0","0","0","0","0","0","0","730"
"True","120205","True","True","1","True","0","0","0","True","0","960","0","True","0","True","0","0","109516","-1","-1","-1","-1","-1","-1","-1","-1","-1","-1","-1","-1","-1","212141","-1","-1","-1","0","-1","True","0","0","0","True","True","0","0","0","True","0","0","0","True","True","0","0","0","True","0","0","0","0","0","0","0","0","731"
"True","117531","True","True","1","True","0","0","0","True","240","960","0","True","0","True","0","0","109516","-1","-1","-1","-1","-1","-1","-1","-1","-1","-1","-1","-1","-1","212141","-1","-1","-1","0","-1","True","0","0","0","True","True","0","0","0","True","0","0","0","True","True","0","0","0","True","0","0","0","0","0","0","0","0","732"
"True","121078","True","True","1","True","0","0","0","True","480","960","0","True","0","True","0","0","109516","-1","-1","-1","-1","-1","-1","-1","-1","-1","-1","-1","-1","-1","212141","-1","-1","-1","0","-1","True","0","0","0","True","True","0","0","0","True","0","0","0","True","True","0","0","0","True","0","0","0","0","0","0","0","0","733"
"True","121074","True","True","1","True","0","0","0","True","720","960","0","True","0","True","0","0","109516","-1","-1","-1","-1","-1","-1","-1","-1","-1","-1","-1","-1","-1","212141","-1","-1","-1","0","-1","True","0","0","0","True","True","0","0","0","True","0","0","0","True","True","0","0","0","True","0","0","0","0","0","0","0","0","734"
"True","149719","True","True","1","True","0","0","0","True","0","1200","0","True","0","True","0","0","109516","-1","-1","-1","-1","-1","-1","-1","-1","-1","-1","-1","-1","-1","212141","-1","-1","-1","0","-1","True","0","0","0","True","True","0","0","0","True","0","0","0","True","True","0","0","0","True","0","0","0","0","0","0","0","0","735"
"True","149716","True","True","1","True","0","0","0","True","240","1200","0","True","0","True","0","0","109516","-1","-1","-1","-1","-1","-1","-1","-1","-1","-1","-1","-1","-1","212141","-1","-1","-1","0","-1","True","0","0","0","True","True","0","0","0","True","0","0","0","True","True","0","0","0","True","0","0","0","0","0","0","0","0","736"
"True","166380","True","True","1","True","0","0","0","True","240","0","0","True","0","True","0","0","111232","-1","-1","-1","-1","-1","-1","-1","-1","-1","-1","-1","-1","-1","163493","-1","-1","-1","0","-1","True","0","0","0","True","True","0","0","0","True","0","0","0","True","True","0","0","0","True","0","0","0","0","0","0","0","0","737"
"True","94927","True","True","1","True","0","0","0","True","0","0","0","True","0","True","0","0","111232","-1","-1","-1","-1","-1","-1","-1","-1","-1","-1","-1","-1","-1","163493","-1","-1","-1","0","-1","True","0","0","0","True","True","0","0","0","True","0","0","0","True","True","0","0","0","True","0","0","0","0","0","0","0","0","738"
"True","129427","True","True","1","True","0","0","0","True","0","360","0","True","0","True","0","0","80791","-1","-1","-1","-1","-1","-1","-1","-1","-1","-1","-1","-1","-1","81454","-1","-1","-1","0","-1","True","0","0","0","True","True","0","0","0","True","0","0","0","True","True","0","0","0","True","0","0","0","0","0","0","0","0","739"
"True","129430","True","True","1","True","0","0","0","True","360","0","0","True","0","True","0","0","80791","-1","-1","-1","-1","-1","-1","80763","172","80792","-1","-1","-1","-1","81454","-1","-1","-1","0","-1","True","0","0","0","True","True","0","0","0","True","0","0","0","True","True","0","0","0","True","0","0","0","0","0","0","0","0","740"
"True","129433","True","True","1","True","0","0","0","True","360","360","0","True","0","True","0","0","80791","-1","-1","-1","-1","-1","-1","-1","-1","-1","-1","-1","-1","-1","81454","-1","-1","-1","0","-1","True","0","0","0","True","True","0","0","0","True","0","0","0","True","True","0","0","0","True","0","0","0","0","0","0","0","0","741"
"True","129436","True","True","1","True","0","0","0","True","0","0","0","True","0","True","0","0","80791","-1","-1","-1","-1","-1","-1","-1","-1","-1","-1","-1","-1","-1","81454","-1","-1","-1","0","-1","True","0","0","0","True","True","0","0","0","True","0","0","0","True","True","0","0","0","True","0","0","0","0","0","0","0","0","742"
"True","129725","True","True","1","True","0","0","0","True","0","360","0","True","0","True","0","0","80792","-1","-1","-1","-1","-1","-1","-1","-1","-1","-1","-1","-1","-1","81454","-1","-1","-1","0","-1","True","0","0","0","True","True","0","0","0","True","0","0","0","True","True","0","0","0","True","0","0","0","0","0","0","0","0","743"
"True","129728","True","True","1","True","0","0","0","True","360","0","0","True","0","True","0","0","80792","-1","-1","-1","-1","-1","-1","85201","172","85202","-1","-1","-1","-1","81454","-1","-1","-1","0","-1","True","0","0","0","True","True","0","0","0","True","0","0","0","True","True","0","0","0","True","0","0","0","0","0","0","0","0","744"
"True","129731","True","True","1","True","0","0","0","True","360","360","0","True","0","True","0","0","80792","-1","-1","-1","-1","-1","-1","-1","-1","-1","-1","-1","-1","-1","81454","-1","-1","-1","0","-1","True","0","0","0","True","True","0","0","0","True","0","0","0","True","True","0","0","0","True","0","0","0","0","0","0","0","0","745"
"True","129734","True","True","1","True","0","0","0","True","0","0","0","True","0","True","0","0","80792","-1","-1","-1","-1","-1","-1","79401","171","80791","-1","-1","-1","-1","81454","-1","-1","-1","0","-1","True","0","0","0","True","True","0","0","0","True","0","0","0","True","True","0","0","0","True","0","0","0","0","0","0","0","0","746"
"True","128931","True","True","1","True","0","0","0","True","0","360","0","True","0","True","0","0","85202","-1","-1","-1","-1","-1","-1","80763","171","80792","-1","-1","-1","-1","81454","-1","-1","-1","0","-1","True","0","0","0","True","True","0","0","0","True","0","0","0","True","True","0","0","0","True","0","0","0","0","0","0","0","0","747"
"True","128934","True","True","1","True","0","0","0","True","360","0","0","True","0","True","0","0","85202","-1","-1","-1","-1","-1","-1","-1","-1","-1","-1","-1","-1","-1","81454","-1","-1","-1","0","-1","True","0","0","0","True","True","0","0","0","True","0","0","0","True","True","0","0","0","True","0","0","0","0","0","0","0","0","748"
"True","128937","True","True","1","True","0","0","0","True","360","360","0","True","0","True","0","0","85202","-1","-1","-1","-1","-1","-1","-1","-1","-1","-1","-1","-1","-1","81454","-1","-1","-1","0","-1","True","0","0","0","True","True","0","0","0","True","0","0","0","True","True","0","0","0","True","0","0","0","0","0","0","0","0","749"
"True","128940","True","True","1","True","0","0","0","True","0","0","0","True","0","True","0","0","85202","-1","-1","-1","-1","-1","-1","81934","172","119305","-1","-1","-1","-1","81454","-1","-1","-1","0","-1","True","0","0","0","True","True","0","0","0","True","0","0","0","True","True","0","0","0","True","0","0","0","0","0","0","0","0","750"
"True","130295","True","True","1","True","0","0","0","True","0","360","0","True","0","True","0","0","119653","-1","-1","-1","-1","-1","-1","81934","171","119305","-1","-1","-1","-1","81454","-1","-1","-1","0","-1","True","0","0","0","True","True","0","0","0","True","0","0","0","True","True","0","0","0","True","0","0","0","0","0","0","0","0","751"
"True","130298","True","True","1","True","0","0","0","True","360","0","0","True","0","True","0","0","119653","-1","-1","-1","-1","-1","-1","139272","172","139274","-1","-1","-1","-1","81454","-1","-1","-1","0","-1","True","0","0","0","True","True","0","0","0","True","0","0","0","True","True","0","0","0","True","0","0","0","0","0","0","0","0","752"
"True","130301","True","True","1","True","0","0","0","True","360","360","0","True","0","True","0","0","119653","-1","-1","-1","-1","-1","-1","-1","-1","-1","-1","-1","-1","-1","81454","-1","-1","-1","0","-1","True","0","0","0","True","True","0","0","0","True","0","0","0","True","True","0","0","0","True","0","0","0","0","0","0","0","0","753"
"True","130304","True","True","1","True","0","0","0","True","0","0","0","True","0","True","0","0","119653","-1","-1","-1","-1","-1","-1","-1","-1","-1","-1","-1","-1","-1","81454","-1","-1","-1","0","-1","True","0","0","0","True","True","0","0","0","True","0","0","0","True","True","0","0","0","True","0","0","0","0","0","0","0","0","754"
"True","131458","True","True","1","True","0","0","0","True","0","360","0","True","0","True","0","0","139274","-1","-1","-1","-1","-1","-1","119641","171","119653","-1","-1","-1","-1","81454","-1","-1","-1","0","-1","True","0","0","0","True","True","0","0","0","True","0","0","0","True","True","0","0","0","True","0","0","0","0","0","0","0","0","755"
"True","131461","True","True","1","True","0","0","0","True","360","0","0","True","0","True","0","0","139274","-1","-1","-1","-1","-1","-1","-1","-1","-1","-1","-1","-1","-1","81454","-1","-1","-1","0","-1","True","0","0","0","True","True","0","0","0","True","0","0","0","True","True","0","0","0","True","0","0","0","0","0","0","0","0","756"
"True","131464","True","True","1","True","0","0","0","True","360","360","0","True","0","True","0","0","139274","-1","-1","-1","-1","-1","-1","-1","-1","-1","-1","-1","-1","-1","81454","-1","-1","-1","0","-1","True","0","0","0","True","True","0","0","0","True","0","0","0","True","True","0","0","0","True","0","0","0","0","0","0","0","0","757"
"True","131467","True","True","1","True","0","0","0","True","0","0","0","True","0","True","0","0","139274","-1","-1","-1","-1","-1","-1","-1","-1","-1","-1","-1","-1","-1","81454","-1","-1","-1","0","-1","True","0","0","0","True","True","0","0","0","True","0","0","0","True","True","0","0","0","True","0","0","0","0","0","0","0","0","758"
"True","133030","True","True","1","True","0","0","0","True","0","360","0","True","0","True","0","0","119656","-1","-1","-1","-1","-1","-1","139272","171","139274","-1","-1","-1","-1","81454","-1","-1","-1","0","-1","True","0","0","0","True","True","0","0","0","True","0","0","0","True","True","0","0","0","True","0","0","0","0","0","0","0","0","759"
"True","133033","True","True","1","True","0","0","0","True","360","0","0","True","0","True","0","0","119656","-1","-1","-1","-1","-1","-1","119290","172","119306","-1","-1","-1","-1","81454","-1","-1","-1","0","-1","True","0","0","0","True","True","0","0","0","True","0","0","0","True","True","0","0","0","True","0","0","0","0","0","0","0","0","760"
"True","133036","True","True","1","True","0","0","0","True","360","360","0","True","0","True","0","0","119656","-1","-1","-1","-1","-1","-1","-1","-1","-1","-1","-1","-1","-1","81454","-1","-1","-1","0","-1","True","0","0","0","True","True","0","0","0","True","0","0","0","True","True","0","0","0","True","0","0","0","0","0","0","0","0","761"
"True","133039","True","True","1","True","0","0","0","True","0","0","0","True","0","True","0","0","119656","-1","-1","-1","-1","-1","-1","119290","172","119306","-1","-1","-1","-1","81454","-1","-1","-1","0","-1","True","0","0","0","True","True","0","0","0","True","0","0","0","True","True","0","0","0","True","0","0","0","0","0","0","0","0","762"
"True","151256","True","True","1","True","0","0","0","True","720","240","0","True","0","True","0","0","119306","-1","-1","-1","-1","-1","-1","-1","-1","-1","-1","-1","-1","-1","193321","-1","-1","-1","0","-1","True","0","0","0","True","True","0","0","0","True","0","0","0","True","True","0","0","0","True","0","0","0","0","0","0","0","0","763"
"True","151259","True","True","1","True","0","0","0","True","960","0","0","True","0","True","0","0","119306","-1","-1","-1","-1","-1","-1","-1","-1","-1","-1","-1","-1","-1","193321","-1","-1","-1","0","-1","True","0","0","0","True","True","0","0","0","True","0","0","0","True","True","0","0","0","True","0","0","0","0","0","0","0","0","764"
"True","151262","True","True","1","True","0","0","0","True","960","240","0","True","0","True","0","0","119306","-1","-1","-1","-1","-1","-1","-1","-1","-1","-1","-1","-1","-1","193321","-1","-1","-1","0","-1","True","0","0","0","True","True","0","0","0","True","0","0","0","True","True","0","0","0","True","0","0","0","0","0","0","0","0","765"
"True","151265","True","True","1","True","0","0","0","True","720","0","0","True","0","True","0","0","119306","-1","-1","-1","-1","-1","-1","-1","-1","-1","-1","-1","-1","-1","193321","-1","-1","-1","0","-1","True","0","0","0","True","True","0","0","0","True","0","0","0","True","True","0","0","0","True","0","0","0","0","0","0","0","0","766"
"True","150337","True","True","1","True","0","0","0","True","240","240","0","True","0","True","0","0","119306","-1","-1","-1","-1","-1","-1","-1","-1","-1","-1","-1","-1","-1","193321","-1","-1","-1","0","-1","True","0","0","0","True","True","0","0","0","True","0","0","0","True","True","0","0","0","True","0","0","0","0","0","0","0","0","767"
"True","150340","True","True","1","True","0","0","0","True","480","0","0","True","0","True","0","0","119306","-1","-1","-1","-1","-1","-1","-1","-1","-1","-1","-1","-1","-1","193321","-1","-1","-1","0","-1","True","0","0","0","True","True","0","0","0","True","0","0","0","True","True","0","0","0","True","0","0","0","0","0","0","0","0","768"
"True","150343","True","True","1","True","0","0","0","True","480","240","0","True","0","True","0","0","119306","-1","-1","-1","-1","-1","-1","-1","-1","-1","-1","-1","-1","-1","193321","-1","-1","-1","0","-1","True","0","0","0","True","True","0","0","0","True","0","0","0","True","True","0","0","0","True","0","0","0","0","0","0","0","0","769"
"True","150346","True","True","1","True","0","0","0","True","240","0","0","True","0","True","0","0","119306","-1","-1","-1","-1","-1","-1","-1","-1","-1","-1","-1","-1","-1","193321","-1","-1","-1","0","-1","True","0","0","0","True","True","0","0","0","True","0","0","0","True","True","0","0","0","True","0","0","0","0","0","0","0","0","770"
"True","152712","True","True","1","True","0","0","0","True","-240","240","0","True","0","True","0","0","119306","-1","-1","-1","-1","-1","-1","-1","-1","-1","-1","-1","-1","-1","193321","-1","-1","-1","0","-1","True","0","0","0","True","True","0","0","0","True","0","0","0","True","True","0","0","0","True","0","0","0","0","0","0","0","0","771"
"True","152715","True","True","1","True","0","0","0","True","0","0","0","True","0","True","0","0","119306","-1","-1","-1","-1","-1","-1","-1","-1","-1","-1","-1","-1","-1","193321","-1","-1","-1","0","-1","True","0","0","0","True","True","0","0","0","True","0","0","0","True","True","0","0","0","True","0","0","0","0","0","0","0","0","772"
"True","152718","True","True","1","True","0","0","0","True","0","240","0","True","0","True","0","0","119306","-1","-1","-1","-1","-1","-1","-1","-1","-1","-1","-1","-1","-1","193321","-1","-1","-1","0","-1","True","0","0","0","True","True","0","0","0","True","0","0","0","True","True","0","0","0","True","0","0","0","0","0","0","0","0","773"
"True","152721","True","True","1","True","0","0","0","True","-240","0","0","True","0","True","0","0","119306","-1","-1","-1","-1","-1","-1","-1","-1","-1","-1","-1","-1","-1","193321","-1","-1","-1","0","-1","True","0","0","0","True","True","0","0","0","True","0","0","0","True","True","0","0","0","True","0","0","0","0","0","0","0","0","774"
"True","142380","True","True","1","True","0","0","0","True","720","240","0","True","0","True","0","0","86080","-1","-1","-1","-1","-1","-1","-1","-1","-1","-1","-1","-1","-1","81454","-1","-1","-1","0","-1","True","0","0","0","True","True","0","0","0","True","0","0","0","True","True","0","0","0","True","0","0","0","0","0","0","0","0","775"
"True","142375","True","True","1","True","0","0","0","True","960","0","0","True","0","True","0","0","86080","-1","-1","-1","-1","-1","-1","-1","-1","-1","-1","-1","-1","-1","81454","-1","-1","-1","0","-1","True","0","0","0","True","True","0","0","0","True","0","0","0","True","True","0","0","0","True","0","0","0","0","0","0","0","0","776"
"True","142370","True","True","1","True","0","0","0","True","960","240","0","True","0","True","0","0","86080","-1","-1","-1","-1","-1","-1","-1","-1","-1","-1","-1","-1","-1","81454","-1","-1","-1","0","-1","True","0","0","0","True","True","0","0","0","True","0","0","0","True","True","0","0","0","True","0","0","0","0","0","0","0","0","777"
"True","142387","True","True","1","True","0","0","0","True","720","0","0","True","0","True","0","0","86080","-1","-1","-1","-1","-1","-1","95804","171","112580","-1","-1","-1","-1","81454","-1","-1","-1","0","-1","True","0","0","0","True","True","0","0","0","True","0","0","0","True","True","0","0","0","True","0","0","0","0","0","0","0","0","778"
"True","115454","True","True","1","True","0","0","0","True","240","240","0","True","0","True","0","0","86080","-1","-1","-1","-1","-1","-1","-1","-1","-1","-1","-1","-1","-1","81454","-1","-1","-1","0","-1","True","0","0","0","True","True","0","0","0","True","0","0","0","True","True","0","0","0","True","0","0","0","0","0","0","0","0","779"
"True","115450","True","True","1","True","0","0","0","True","480","0","0","True","0","True","0","0","86080","-1","-1","-1","-1","-1","-1","-1","-1","-1","-1","-1","-1","-1","81454","-1","-1","-1","0","-1","True","0","0","0","True","True","0","0","0","True","0","0","0","True","True","0","0","0","True","0","0","0","0","0","0","0","0","780"
"True","115462","True","True","1","True","0","0","0","True","480","240","0","True","0","True","0","0","86080","-1","-1","-1","-1","-1","-1","-1","-1","-1","-1","-1","-1","-1","81454","-1","-1","-1","0","-1","True","0","0","0","True","True","0","0","0","True","0","0","0","True","True","0","0","0","True","0","0","0","0","0","0","0","0","781"
"True","115458","True","True","1","True","0","0","0","True","240","0","0","True","0","True","0","0","86080","-1","-1","-1","-1","-1","-1","-1","-1","-1","-1","-1","-1","-1","81454","-1","-1","-1","0","-1","True","0","0","0","True","True","0","0","0","True","0","0","0","True","True","0","0","0","True","0","0","0","0","0","0","0","0","782"
"True","118309","True","True","1","True","0","0","0","True","-240","240","0","True","0","True","0","0","86080","-1","-1","-1","-1","-1","-1","-1","-1","-1","-1","-1","-1","-1","81454","-1","-1","-1","0","-1","True","0","0","0","True","True","0","0","0","True","0","0","0","True","True","0","0","0","True","0","0","0","0","0","0","0","0","783"
"True","118315","True","True","1","True","0","0","0","True","0","0","0","True","0","True","0","0","86080","-1","-1","-1","-1","-1","-1","-1","-1","-1","-1","-1","-1","-1","81454","-1","-1","-1","0","-1","True","0","0","0","True","True","0","0","0","True","0","0","0","True","True","0","0","0","True","0","0","0","0","0","0","0","0","784"
"True","118318","True","True","1","True","0","0","0","True","0","240","0","True","0","True","0","0","86080","-1","-1","-1","-1","-1","-1","-1","-1","-1","-1","-1","-1","-1","81454","-1","-1","-1","0","-1","True","0","0","0","True","True","0","0","0","True","0","0","0","True","True","0","0","0","True","0","0","0","0","0","0","0","0","785"
"True","118312","True","True","1","True","0","0","0","True","-240","0","0","True","0","True","0","0","86080","-1","-1","-1","-1","-1","-1","-1","-1","-1","-1","-1","-1","-1","81454","-1","-1","-1","0","-1","True","0","0","0","True","True","0","0","0","True","0","0","0","True","True","0","0","0","True","0","0","0","0","0","0","0","0","786"
"True","116325","True","True","1","True","0","0","0","True","240","720","0","True","0","True","0","0","86080","-1","-1","-1","-1","-1","-1","-1","-1","-1","-1","-1","-1","-1","81454","-1","-1","-1","0","-1","True","0","0","0","True","True","0","0","0","True","0","0","0","True","True","0","0","0","True","0","0","0","0","0","0","0","0","787"
"True","116321","True","True","1","True","0","0","0","True","480","480","0","True","0","True","0","0","86080","-1","-1","-1","-1","-1","-1","-1","-1","-1","-1","-1","-1","-1","81454","-1","-1","-1","0","-1","True","0","0","0","True","True","0","0","0","True","0","0","0","True","True","0","0","0","True","0","0","0","0","0","0","0","0","788"
"True","116333","True","True","1","True","0","0","0","True","480","720","0","True","0","True","0","0","86080","-1","-1","-1","-1","-1","-1","-1","-1","-1","-1","-1","-1","-1","81454","-1","-1","-1","0","-1","True","0","0","0","True","True","0","0","0","True","0","0","0","True","True","0","0","0","True","0","0","0","0","0","0","0","0","789"
"True","116329","True","True","1","True","0","0","0","True","240","480","0","True","0","True","0","0","86080","-1","-1","-1","-1","-1","-1","-1","-1","-1","-1","-1","-1","-1","81454","-1","-1","-1","0","-1","True","0","0","0","True","True","0","0","0","True","0","0","0","True","True","0","0","0","True","0","0","0","0","0","0","0","0","790"
"True","107258","True","True","1","True","0","0","0","True","240","1200","0","True","0","True","0","0","86080","-1","-1","-1","-1","-1","-1","-1","-1","-1","-1","-1","-1","-1","81454","-1","-1","-1","0","-1","True","0","0","0","True","True","0","0","0","True","0","0","0","True","True","0","0","0","True","0","0","0","0","0","0","0","0","791"
"True","107253","True","True","1","True","0","0","0","True","480","960","0","True","0","True","0","0","86080","-1","-1","-1","-1","-1","-1","-1","-1","-1","-1","-1","-1","-1","81454","-1","-1","-1","0","-1","True","0","0","0","True","True","0","0","0","True","0","0","0","True","True","0","0","0","True","0","0","0","0","0","0","0","0","792"
"True","107248","True","True","1","True","0","0","0","True","480","1200","0","True","0","True","0","0","86080","-1","-1","-1","-1","-1","-1","-1","-1","-1","-1","-1","-1","-1","81454","-1","-1","-1","0","-1","True","0","0","0","True","True","0","0","0","True","0","0","0","True","True","0","0","0","True","0","0","0","0","0","0","0","0","793"
"True","107263","True","True","1","True","0","0","0","True","240","960","0","True","0","True","0","0","86080","-1","-1","-1","-1","-1","-1","-1","-1","-1","-1","-1","-1","-1","81454","-1","-1","-1","0","-1","True","0","0","0","True","True","0","0","0","True","0","0","0","True","True","0","0","0","True","0","0","0","0","0","0","0","0","794"
"True","148100","True","True","1","True","0","0","0","True","-240","1200","0","True","0","True","0","0","86080","-1","-1","-1","-1","-1","-1","79401","172","80791","-1","-1","-1","-1","81454","-1","-1","-1","0","-1","True","0","0","0","True","True","0","0","0","True","0","0","0","True","True","0","0","0","True","0","0","0","0","0","0","0","0","795"
"True","148095","True","True","1","True","0","0","0","True","0","960","0","True","0","True","0","0","86080","-1","-1","-1","-1","-1","-1","-1","-1","-1","-1","-1","-1","-1","81454","-1","-1","-1","0","-1","True","0","0","0","True","True","0","0","0","True","0","0","0","True","True","0","0","0","True","0","0","0","0","0","0","0","0","796"
"True","148089","True","True","1","True","0","0","0","True","0","1200","0","True","0","True","0","0","86080","-1","-1","-1","-1","-1","-1","-1","-1","-1","-1","-1","-1","-1","81454","-1","-1","-1","0","-1","True","0","0","0","True","True","0","0","0","True","0","0","0","True","True","0","0","0","True","0","0","0","0","0","0","0","0","797"
"True","148105","True","True","1","True","0","0","0","True","-240","960","0","True","0","True","0","0","86080","-1","-1","-1","-1","-1","-1","-1","-1","-1","-1","-1","-1","-1","81454","-1","-1","-1","0","-1","True","0","0","0","True","True","0","0","0","True","0","0","0","True","True","0","0","0","True","0","0","0","0","0","0","0","0","798"
"True","146825","True","True","1","True","0","0","0","True","720","240","0","True","0","True","0","0","119305","-1","-1","-1","-1","-1","-1","-1","-1","-1","-1","-1","-1","-1","81454","-1","-1","-1","0","-1","True","0","0","0","True","True","0","0","0","True","0","0","0","True","True","0","0","0","True","0","0","0","0","0","0","0","0","799"
"True","146830","True","True","1","True","0","0","0","True","960","0","0","True","0","True","0","0","119305","-1","-1","-1","-1","-1","-1","85201","171","85202","-1","-1","-1","-1","81454","-1","-1","-1","0","-1","True","0","0","0","True","True","0","0","0","True","0","0","0","True","True","0","0","0","True","0","0","0","0","0","0","0","0","800"
"True","146820","True","True","1","True","0","0","0","True","960","240","0","True","0","True","0","0","119305","-1","-1","-1","-1","-1","-1","-1","-1","-1","-1","-1","-1","-1","81454","-1","-1","-1","0","-1","True","0","0","0","True","True","0","0","0","True","0","0","0","True","True","0","0","0","True","0","0","0","0","0","0","0","0","801"
"True","146835","True","True","1","True","0","0","0","True","720","0","0","True","0","True","0","0","119305","-1","-1","-1","-1","-1","-1","-1","-1","-1","-1","-1","-1","-1","81454","-1","-1","-1","0","-1","True","0","0","0","True","True","0","0","0","True","0","0","0","True","True","0","0","0","True","0","0","0","0","0","0","0","0","802"
"True","116253","True","True","1","True","0","0","0","True","240","240","0","True","0","True","0","0","119305","-1","-1","-1","-1","-1","-1","-1","-1","-1","-1","-1","-1","-1","81454","-1","-1","-1","0","-1","True","0","0","0","True","True","0","0","0","True","0","0","0","True","True","0","0","0","True","0","0","0","0","0","0","0","0","803"
"True","116260","True","True","1","True","0","0","0","True","480","0","0","True","0","True","0","0","119305","-1","-1","-1","-1","-1","-1","-1","-1","-1","-1","-1","-1","-1","81454","-1","-1","-1","0","-1","True","0","0","0","True","True","0","0","0","True","0","0","0","True","True","0","0","0","True","0","0","0","0","0","0","0","0","804"
"True","116263","True","True","1","True","0","0","0","True","480","240","0","True","0","True","0","0","119305","-1","-1","-1","-1","-1","-1","-1","-1","-1","-1","-1","-1","-1","81454","-1","-1","-1","0","-1","True","0","0","0","True","True","0","0","0","True","0","0","0","True","True","0","0","0","True","0","0","0","0","0","0","0","0","805"
"True","116257","True","True","1","True","0","0","0","True","240","0","0","True","0","True","0","0","119305","-1","-1","-1","-1","-1","-1","-1","-1","-1","-1","-1","-1","-1","81454","-1","-1","-1","0","-1","True","0","0","0","True","True","0","0","0","True","0","0","0","True","True","0","0","0","True","0","0","0","0","0","0","0","0","806"
"True","116996","True","True","1","True","0","0","0","True","240","720","0","True","0","True","0","0","119305","-1","-1","-1","-1","-1","-1","-1","-1","-1","-1","-1","-1","-1","81454","-1","-1","-1","0","-1","True","0","0","0","True","True","0","0","0","True","0","0","0","True","True","0","0","0","True","0","0","0","0","0","0","0","0","807"
"True","116992","True","True","1","True","0","0","0","True","480","480","0","True","0","True","0","0","119305","-1","-1","-1","-1","-1","-1","-1","-1","-1","-1","-1","-1","-1","81454","-1","-1","-1","0","-1","True","0","0","0","True","True","0","0","0","True","0","0","0","True","True","0","0","0","True","0","0","0","0","0","0","0","0","808"
"True","117004","True","True","1","True","0","0","0","True","480","720","0","True","0","True","0","0","119305","-1","-1","-1","-1","-1","-1","-1","-1","-1","-1","-1","-1","-1","81454","-1","-1","-1","0","-1","True","0","0","0","True","True","0","0","0","True","0","0","0","True","True","0","0","0","True","0","0","0","0","0","0","0","0","809"
"True","117000","True","True","1","True","0","0","0","True","240","480","0","True","0","True","0","0","119305","-1","-1","-1","-1","-1","-1","-1","-1","-1","-1","-1","-1","-1","81454","-1","-1","-1","0","-1","True","0","0","0","True","True","0","0","0","True","0","0","0","True","True","0","0","0","True","0","0","0","0","0","0","0","0","810"
"True","119065","True","True","1","True","0","0","0","True","240","1200","0","True","0","True","0","0","119305","-1","-1","-1","-1","-1","-1","-1","-1","-1","-1","-1","-1","-1","81454","-1","-1","-1","0","-1","True","0","0","0","True","True","0","0","0","True","0","0","0","True","True","0","0","0","True","0","0","0","0","0","0","0","0","811"
"True","119071","True","True","1","True","0","0","0","True","480","960","0","True","0","True","0","0","119305","-1","-1","-1","-1","-1","-1","-1","-1","-1","-1","-1","-1","-1","81454","-1","-1","-1","0","-1","True","0","0","0","True","True","0","0","0","True","0","0","0","True","True","0","0","0","True","0","0","0","0","0","0","0","0","812"
"True","119074","True","True","1","True","0","0","0","True","480","1200","0","True","0","True","0","0","119305","-1","-1","-1","-1","-1","-1","-1","-1","-1","-1","-1","-1","-1","81454","-1","-1","-1","0","-1","True","0","0","0","True","True","0","0","0","True","0","0","0","True","True","0","0","0","True","0","0","0","0","0","0","0","0","813"
"True","119068","True","True","1","True","0","0","0","True","240","960","0","True","0","True","0","0","119305","-1","-1","-1","-1","-1","-1","-1","-1","-1","-1","-1","-1","-1","81454","-1","-1","-1","0","-1","True","0","0","0","True","True","0","0","0","True","0","0","0","True","True","0","0","0","True","0","0","0","0","0","0","0","0","814"
"True","115976","True","True","1","True","0","0","0","True","-240","720","0","True","0","True","0","0","119305","-1","-1","-1","-1","-1","-1","-1","-1","-1","-1","-1","-1","-1","81454","-1","-1","-1","0","-1","True","0","0","0","True","True","0","0","0","True","0","0","0","True","True","0","0","0","True","0","0","0","0","0","0","0","0","815"
"True","115972","True","True","1","True","0","0","0","True","0","480","0","True","0","True","0","0","119305","-1","-1","-1","-1","-1","-1","-1","-1","-1","-1","-1","-1","-1","81454","-1","-1","-1","0","-1","True","0","0","0","True","True","0","0","0","True","0","0","0","True","True","0","0","0","True","0","0","0","0","0","0","0","0","816"
"True","115984","True","True","1","True","0","0","0","True","0","720","0","True","0","True","0","0","119305","-1","-1","-1","-1","-1","-1","-1","-1","-1","-1","-1","-1","-1","81454","-1","-1","-1","0","-1","True","0","0","0","True","True","0","0","0","True","0","0","0","True","True","0","0","0","True","0","0","0","0","0","0","0","0","817"
"True","115980","True","True","1","True","0","0","0","True","-240","480","0","True","0","True","0","0","119305","-1","-1","-1","-1","-1","-1","-1","-1","-1","-1","-1","-1","-1","81454","-1","-1","-1","0","-1","True","0","0","0","True","True","0","0","0","True","0","0","0","True","True","0","0","0","True","0","0","0","0","0","0","0","0","818"
"True","148100","True","True","1","True","0","0","0","True","-720","720","0","True","0","True","0","0","119305","-1","-1","-1","-1","-1","-1","119641","172","119653","-1","-1","-1","-1","81454","-1","-1","-1","0","-1","True","0","0","0","True","True","0","0","0","True","0","0","0","True","True","0","0","0","True","0","0","0","0","0","0","0","0","819"
"True","148095","True","True","1","True","0","0","0","True","-480","480","0","True","0","True","0","0","119305","-1","-1","-1","-1","-1","-1","-1","-1","-1","-1","-1","-1","-1","81454","-1","-1","-1","0","-1","True","0","0","0","True","True","0","0","0","True","0","0","0","True","True","0","0","0","True","0","0","0","0","0","0","0","0","820"
"True","148089","True","True","1","True","0","0","0","True","-480","720","0","True","0","True","0","0","119305","-1","-1","-1","-1","-1","-1","-1","-1","-1","-1","-1","-1","-1","81454","-1","-1","-1","0","-1","True","0","0","0","True","True","0","0","0","True","0","0","0","True","True","0","0","0","True","0","0","0","0","0","0","0","0","821"
"True","148105","True","True","1","True","0","0","0","True","-720","480","0","True","0","True","0","0","119305","-1","-1","-1","-1","-1","-1","-1","-1","-1","-1","-1","-1","-1","81454","-1","-1","-1","0","-1","True","0","0","0","True","True","0","0","0","True","0","0","0","True","True","0","0","0","True","0","0","0","0","0","0","0","0","822"
"True","197449","True","True","1","True","0","0","0","True","0","0","0","True","0","True","0","0","198564","-1","-1","-1","-1","-1","-1","-1","-1","-1","-1","-1","-1","-1","191695","-1","-1","-1","0","-1","True","0","0","0","True","True","0","0","0","True","0","0","0","True","True","0","0","0","True","0","0","0","0","0","0","0","0","823"
"True","197440","True","True","1","True","0","0","0","True","240","0","0","True","0","True","0","0","198564","-1","-1","-1","-1","-1","-1","-1","-1","-1","-1","-1","-1","-1","191695","-1","-1","-1","0","-1","True","0","0","0","True","True","0","0","0","True","0","0","0","True","True","0","0","0","True","0","0","0","0","0","0","0","0","824"
"True","197452","True","True","1","True","0","0","0","True","480","0","0","True","0","True","0","0","198564","-1","-1","-1","-1","-1","-1","-1","-1","-1","-1","-1","-1","-1","191695","-1","-1","-1","0","-1","True","0","0","0","True","True","0","0","0","True","0","0","0","True","True","0","0","0","True","0","0","0","0","0","0","0","0","825"
"True","197446","True","True","1","True","0","0","0","True","0","240","0","True","0","True","0","0","198564","-1","-1","-1","-1","-1","-1","-1","-1","-1","-1","-1","-1","-1","191695","-1","-1","-1","0","-1","True","0","0","0","True","True","0","0","0","True","0","0","0","True","True","0","0","0","True","0","0","0","0","0","0","0","0","826"
"True","197437","True","True","1","True","0","0","0","True","240","240","0","True","0","True","0","0","198564","-1","-1","-1","-1","-1","-1","-1","-1","-1","-1","-1","-1","-1","191695","-1","-1","-1","0","-1","True","0","0","0","True","True","0","0","0","True","0","0","0","True","True","0","0","0","True","0","0","0","0","0","0","0","0","827"
"True","197431","True","True","1","True","0","0","0","True","480","240","0","True","0","True","0","0","198564","-1","-1","-1","-1","-1","-1","-1","-1","-1","-1","-1","-1","-1","191695","-1","-1","-1","0","-1","True","0","0","0","True","True","0","0","0","True","0","0","0","True","True","0","0","0","True","0","0","0","0","0","0","0","0","828"
"True","197443","True","True","1","True","0","0","0","True","0","480","0","True","0","True","0","0","198564","-1","-1","-1","-1","-1","-1","-1","-1","-1","-1","-1","-1","-1","191695","-1","-1","-1","0","-1","True","0","0","0","True","True","0","0","0","True","0","0","0","True","True","0","0","0","True","0","0","0","0","0","0","0","0","829"
"True","197434","True","True","1","True","0","0","0","True","240","480","0","True","0","True","0","0","198564","-1","-1","-1","-1","-1","-1","-1","-1","-1","-1","-1","-1","-1","191695","-1","-1","-1","0","-1","True","0","0","0","True","True","0","0","0","True","0","0","0","True","True","0","0","0","True","0","0","0","0","0","0","0","0","830"
"True","197428","True","True","1","True","0","0","0","True","480","480","0","True","0","True","0","0","198564","-1","-1","-1","-1","-1","-1","-1","-1","-1","-1","-1","-1","-1","191695","-1","-1","-1","0","-1","True","0","0","0","True","True","0","0","0","True","0","0","0","True","True","0","0","0","True","0","0","0","0","0","0","0","0","831"
"True","175286","True","True","1","True","0","0","0","True","0","0","0","True","0","True","0","0","153669","-1","-1","-1","-1","-1","-1","-1","-1","-1","-1","-1","-1","-1","136180","-1","-1","-1","0","-1","True","0","0","0","True","True","0","0","0","True","0","0","0","True","True","0","0","0","True","0","0","0","0","0","0","0","0","832"
"True","175278","True","True","1","True","0","0","0","True","240","0","0","True","0","True","0","0","153669","-1","-1","-1","-1","-1","-1","-1","-1","-1","-1","-1","-1","-1","136180","-1","-1","-1","0","-1","True","0","0","0","True","True","0","0","0","True","0","0","0","True","True","0","0","0","True","0","0","0","0","0","0","0","0","833"
"True","175275","True","True","1","True","0","0","0","True","0","240","0","True","0","True","0","0","153669","-1","-1","-1","-1","-1","-1","-1","-1","-1","-1","-1","-1","-1","136180","-1","-1","-1","0","-1","True","0","0","0","True","True","0","0","0","True","0","0","0","True","True","0","0","0","True","0","0","0","0","0","0","0","0","834"
"True","175281","True","True","1","True","0","0","0","True","240","240","0","True","0","True","0","0","153669","-1","-1","-1","-1","-1","-1","-1","-1","-1","-1","-1","-1","-1","136180","-1","-1","-1","0","-1","True","0","0","0","True","True","0","0","0","True","0","0","0","True","True","0","0","0","True","0","0","0","0","0","0","0","0","835"
"True","147789","True","True","1","True","0","0","0","True","0","240","0","True","0","True","0","0","109526","-1","-1","-1","-1","-1","-1","178152","172","197101","-1","-1","-1","-1","205718","-1","-1","-1","0","-1","True","0","0","0","True","True","0","0","0","True","0","0","0","True","True","0","0","0","True","0","0","0","0","0","0","0","0","836"
"True","147792","True","True","1","True","0","0","0","True","240","0","0","True","0","True","0","0","109526","-1","-1","-1","-1","-1","-1","-1","-1","-1","-1","-1","-1","-1","205718","-1","-1","-1","0","-1","True","0","0","0","True","True","0","0","0","True","0","0","0","True","True","0","0","0","True","0","0","0","0","0","0","0","0","837"
"True","147795","True","True","1","True","0","0","0","True","240","240","0","True","0","True","0","0","109526","-1","-1","-1","-1","-1","-1","-1","-1","-1","-1","-1","-1","-1","205718","-1","-1","-1","0","-1","True","0","0","0","True","True","0","0","0","True","0","0","0","True","True","0","0","0","True","0","0","0","0","0","0","0","0","838"
"True","147798","True","True","1","True","0","0","0","True","0","0","0","True","0","True","0","0","109526","-1","-1","-1","-1","-1","-1","-1","-1","-1","-1","-1","-1","-1","205718","-1","-1","-1","0","-1","True","0","0","0","True","True","0","0","0","True","0","0","0","True","True","0","0","0","True","0","0","0","0","0","0","0","0","839"
"True","116495","True","True","1","True","0","0","0","True","0","720","0","True","0","True","0","0","109526","-1","-1","-1","-1","-1","-1","-1","-1","-1","-1","-1","-1","-1","205718","-1","-1","-1","0","-1","True","0","0","0","True","True","0","0","0","True","0","0","0","True","True","0","0","0","True","0","0","0","0","0","0","0","0","840"
"True","116491","True","True","1","True","0","0","0","True","240","480","0","True","0","True","0","0","109526","-1","-1","-1","-1","-1","-1","-1","-1","-1","-1","-1","-1","-1","205718","-1","-1","-1","0","-1","True","0","0","0","True","True","0","0","0","True","0","0","0","True","True","0","0","0","True","0","0","0","0","0","0","0","0","841"
"True","116503","True","True","1","True","0","0","0","True","240","720","0","True","0","True","0","0","109526","-1","-1","-1","-1","-1","-1","-1","-1","-1","-1","-1","-1","-1","205718","-1","-1","-1","0","-1","True","0","0","0","True","True","0","0","0","True","0","0","0","True","True","0","0","0","True","0","0","0","0","0","0","0","0","842"
"True","116499","True","True","1","True","0","0","0","True","0","480","0","True","0","True","0","0","109526","-1","-1","-1","-1","-1","-1","-1","-1","-1","-1","-1","-1","-1","205718","-1","-1","-1","0","-1","True","0","0","0","True","True","0","0","0","True","0","0","0","True","True","0","0","0","True","0","0","0","0","0","0","0","0","843"
"True","119065","True","True","1","True","0","0","0","True","0","1200","0","True","0","True","0","0","109526","-1","-1","-1","-1","-1","-1","-1","-1","-1","-1","-1","-1","-1","205718","-1","-1","-1","0","-1","True","0","0","0","True","True","0","0","0","True","0","0","0","True","True","0","0","0","True","0","0","0","0","0","0","0","0","844"
"True","119071","True","True","1","True","0","0","0","True","240","960","0","True","0","True","0","0","109526","-1","-1","-1","-1","-1","-1","-1","-1","-1","-1","-1","-1","-1","205718","-1","-1","-1","0","-1","True","0","0","0","True","True","0","0","0","True","0","0","0","True","True","0","0","0","True","0","0","0","0","0","0","0","0","845"
"True","119074","True","True","1","True","0","0","0","True","240","1200","0","True","0","True","0","0","109526","-1","-1","-1","-1","-1","-1","178152","172","197101","-1","-1","-1","-1","205718","-1","-1","-1","0","-1","True","0","0","0","True","True","0","0","0","True","0","0","0","True","True","0","0","0","True","0","0","0","0","0","0","0","0","846"
"True","119068","True","True","1","True","0","0","0","True","0","960","0","True","0","True","0","0","109526","-1","-1","-1","-1","-1","-1","-1","-1","-1","-1","-1","-1","-1","205718","-1","-1","-1","0","-1","True","0","0","0","True","True","0","0","0","True","0","0","0","True","True","0","0","0","True","0","0","0","0","0","0","0","0","847"
"True","147708","True","True","1","True","0","0","0","True","-240","240","0","True","0","True","0","0","109531","-1","-1","-1","-1","-1","-1","178152","172","197101","-1","-1","-1","-1","205718","-1","-1","-1","0","-1","True","0","0","0","True","True","0","0","0","True","0","0","0","True","True","0","0","0","True","0","0","0","0","0","0","0","0","848"
"True","147711","True","True","1","True","0","0","0","True","0","0","0","True","0","True","0","0","109531","-1","-1","-1","-1","-1","-1","-1","-1","-1","-1","-1","-1","-1","205718","-1","-1","-1","0","-1","True","0","0","0","True","True","0","0","0","True","0","0","0","True","True","0","0","0","True","0","0","0","0","0","0","0","0","849"
"True","147714","True","True","1","True","0","0","0","True","0","240","0","True","0","True","0","0","109531","-1","-1","-1","-1","-1","-1","-1","-1","-1","-1","-1","-1","-1","205718","-1","-1","-1","0","-1","True","0","0","0","True","True","0","0","0","True","0","0","0","True","True","0","0","0","True","0","0","0","0","0","0","0","0","850"
"True","147717","True","True","1","True","0","0","0","True","-240","0","0","True","0","True","0","0","109531","-1","-1","-1","-1","-1","-1","-1","-1","-1","-1","-1","-1","-1","205718","-1","-1","-1","0","-1","True","0","0","0","True","True","0","0","0","True","0","0","0","True","True","0","0","0","True","0","0","0","0","0","0","0","0","851"
"True","121192","True","True","1","True","0","0","0","True","240","240","0","True","0","True","0","0","109531","-1","-1","-1","-1","-1","-1","-1","-1","-1","-1","-1","-1","-1","205718","-1","-1","-1","0","-1","True","0","0","0","True","True","0","0","0","True","0","0","0","True","True","0","0","0","True","0","0","0","0","0","0","0","0","852"
"True","121188","True","True","1","True","0","0","0","True","480","0","0","True","0","True","0","0","109531","-1","-1","-1","-1","-1","-1","-1","-1","-1","-1","-1","-1","-1","205718","-1","-1","-1","0","-1","True","0","0","0","True","True","0","0","0","True","0","0","0","True","True","0","0","0","True","0","0","0","0","0","0","0","0","853"
"True","121200","True","True","1","True","0","0","0","True","480","240","0","True","0","True","0","0","109531","-1","-1","-1","-1","-1","-1","-1","-1","-1","-1","-1","-1","-1","205718","-1","-1","-1","0","-1","True","0","0","0","True","True","0","0","0","True","0","0","0","True","True","0","0","0","True","0","0","0","0","0","0","0","0","854"
"True","121196","True","True","1","True","0","0","0","True","240","0","0","True","0","True","0","0","109531","-1","-1","-1","-1","-1","-1","-1","-1","-1","-1","-1","-1","-1","205718","-1","-1","-1","0","-1","True","0","0","0","True","True","0","0","0","True","0","0","0","True","True","0","0","0","True","0","0","0","0","0","0","0","0","855"
"True","117841","True","True","1","True","0","0","0","True","720","240","0","True","0","True","0","0","109531","-1","-1","-1","-1","-1","-1","178152","172","197101","-1","-1","-1","-1","205718","-1","-1","-1","0","-1","True","0","0","0","True","True","0","0","0","True","0","0","0","True","True","0","0","0","True","0","0","0","0","0","0","0","0","856"
"True","117847","True","True","1","True","0","0","0","True","960","0","0","True","0","True","0","0","109531","-1","-1","-1","-1","-1","-1","-1","-1","-1","-1","-1","-1","-1","205718","-1","-1","-1","0","-1","True","0","0","0","True","True","0","0","0","True","0","0","0","True","True","0","0","0","True","0","0","0","0","0","0","0","0","857"
"True","117850","True","True","1","True","0","0","0","True","960","240","0","True","0","True","0","0","109531","-1","-1","-1","-1","-1","-1","-1","-1","-1","-1","-1","-1","-1","205718","-1","-1","-1","0","-1","True","0","0","0","True","True","0","0","0","True","0","0","0","True","True","0","0","0","True","0","0","0","0","0","0","0","0","858"
"True","117844","True","True","1","True","0","0","0","True","720","0","0","True","0","True","0","0","109531","-1","-1","-1","-1","-1","-1","-1","-1","-1","-1","-1","-1","-1","205718","-1","-1","-1","0","-1","True","0","0","0","True","True","0","0","0","True","0","0","0","True","True","0","0","0","True","0","0","0","0","0","0","0","0","859"
"True","199909","True","True","1","True","0","0","0","True","0","0","0","True","0","True","0","0","215235","-1","-1","-1","-1","-1","-1","-1","-1","-1","-1","-1","-1","-1","195974","-1","-1","-1","0","-1","True","0","0","0","True","True","0","0","0","True","0","0","0","True","True","0","0","0","True","0","0","0","0","0","0","0","0","860"
"True","199912","True","True","1","True","0","0","0","True","240","0","0","True","0","True","0","0","215235","-1","-1","-1","-1","-1","-1","-1","-1","-1","-1","-1","-1","-1","195974","-1","-1","-1","0","-1","True","0","0","0","True","True","0","0","0","True","0","0","0","True","True","0","0","0","True","0","0","0","0","0","0","0","0","861"
"True","199915","True","True","1","True","0","0","0","True","480","0","0","True","0","True","0","0","215235","-1","-1","-1","-1","-1","-1","-1","-1","-1","-1","-1","-1","-1","195974","-1","-1","-1","0","-1","True","0","0","0","True","True","0","0","0","True","0","0","0","True","True","0","0","0","True","0","0","0","0","0","0","0","0","862"
"True","199918","True","True","1","True","0","0","0","True","0","240","0","True","0","True","0","0","215235","-1","-1","-1","-1","-1","-1","-1","-1","-1","-1","-1","-1","-1","195974","-1","-1","-1","0","-1","True","0","0","0","True","True","0","0","0","True","0","0","0","True","True","0","0","0","True","0","0","0","0","0","0","0","0","863"
"True","199921","True","True","1","True","0","0","0","True","240","240","0","True","0","True","0","0","215235","-1","-1","-1","-1","-1","-1","-1","-1","-1","-1","-1","-1","-1","195974","-1","-1","-1","0","-1","True","0","0","0","True","True","0","0","0","True","0","0","0","True","True","0","0","0","True","0","0","0","0","0","0","0","0","864"
"True","199924","True","True","1","True","0","0","0","True","480","240","0","True","0","True","0","0","215235","-1","-1","-1","-1","-1","-1","-1","-1","-1","-1","-1","-1","-1","195974","-1","-1","-1","0","-1","True","0","0","0","True","True","0","0","0","True","0","0","0","True","True","0","0","0","True","0","0","0","0","0","0","0","0","865"
"True","199927","True","True","1","True","0","0","0","True","0","480","0","True","0","True","0","0","215235","-1","-1","-1","-1","-1","-1","-1","-1","-1","-1","-1","-1","-1","195974","-1","-1","-1","0","-1","True","0","0","0","True","True","0","0","0","True","0","0","0","True","True","0","0","0","True","0","0","0","0","0","0","0","0","866"
"True","199930","True","True","1","True","0","0","0","True","240","480","0","True","0","True","0","0","215235","-1","-1","-1","-1","-1","-1","-1","-1","-1","-1","-1","-1","-1","195974","-1","-1","-1","0","-1","True","0","0","0","True","True","0","0","0","True","0","0","0","True","True","0","0","0","True","0","0","0","0","0","0","0","0","867"
"True","199936","True","True","1","True","0","0","0","True","720","480","0","True","0","True","0","0","215235","-1","-1","-1","-1","-1","-1","-1","-1","-1","-1","-1","-1","-1","195974","-1","-1","-1","0","-1","True","0","0","0","True","True","0","0","0","True","0","0","0","True","True","0","0","0","True","0","0","0","0","0","0","0","0","868"
"True","199939","True","True","1","True","0","0","0","True","480","720","0","True","0","True","0","0","215235","-1","-1","-1","-1","-1","-1","-1","-1","-1","-1","-1","-1","-1","195974","-1","-1","-1","0","-1","True","0","0","0","True","True","0","0","0","True","0","0","0","True","True","0","0","0","True","0","0","0","0","0","0","0","0","869"
"True","199942","True","True","1","True","0","0","0","True","720","720","0","True","0","True","0","0","215235","-1","-1","-1","-1","-1","-1","-1","-1","-1","-1","-1","-1","-1","195974","-1","-1","-1","0","-1","True","0","0","0","True","True","0","0","0","True","0","0","0","True","True","0","0","0","True","0","0","0","0","0","0","0","0","870"
"True","79008","True","True","1","True","0","0","0","True","0","0","0","True","0","True","0","0","19868","-1","-1","-1","-1","-1","-1","-1","-1","-1","-1","-1","-1","-1","102973","-1","-1","-1","0","-1","True","0","0","0","True","True","0","0","0","True","0","0","0","True","True","0","0","0","True","0","0","0","0","0","0","0","0","871"
"True","31488","True","True","1","True","0","0","0","True","0","0","0","True","0","True","0","0","141067","-1","-1","-1","-1","-1","-1","-1","-1","-1","-1","-1","-1","-1","50485","-1","-1","-1","0","-1","True","0","0","0","True","True","0","0","0","True","0","0","0","True","True","0","0","0","True","0","0","0","0","0","0","0","0","872"
"True","51245","True","True","1","True","0","0","0","True","0","0","0","True","0","True","0","0","148903","-1","-1","-1","-1","-1","-1","-1","-1","-1","-1","-1","-1","-1","50485","-1","-1","-1","0","-1","True","0","0","0","True","True","0","0","0","True","0","0","0","True","True","0","0","0","True","0","0","0","0","0","0","0","0","873"
"True","51246","True","True","1","True","0","0","0","True","0","0","0","True","0","True","0","0","148904","-1","-1","-1","-1","-1","-1","-1","-1","-1","-1","-1","-1","-1","50485","-1","-1","-1","0","-1","True","0","0","0","True","True","0","0","0","True","0","0","0","True","True","0","0","0","True","0","0","0","0","0","0","0","0","874"
"True","2846","True","True","1","True","0","0","0","True","0","0","0","True","0","True","0","0","148905","-1","-1","-1","-1","-1","-1","-1","-1","-1","-1","-1","-1","-1","50485","-1","-1","-1","0","-1","True","0","0","0","True","True","0","0","0","True","0","0","0","True","True","0","0","0","True","0","0","0","0","0","0","0","0","875"
"True","52888","True","True","1","True","0","0","0","True","0","0","0","True","0","True","0","0","121418","-1","-1","-1","-1","-1","-1","-1","-1","-1","-1","-1","-1","-1","50485","-1","-1","-1","0","-1","True","0","0","0","True","True","0","0","0","True","0","0","0","True","True","0","0","0","True","0","0","0","0","0","0","0","0","876"
"True","165462","True","True","1","True","0","0","0","True","0","0","0","True","0","True","0","0","144117","-1","-1","-1","-1","-1","-1","-1","-1","-1","-1","-1","-1","-1","50485","-1","-1","-1","0","-1","True","0","0","0","True","True","0","0","0","True","0","0","0","True","True","0","0","0","True","0","0","0","0","0","0","0","0","877"
"True","159544","True","True","1","True","0","0","0","True","240","0","0","True","0","True","0","0","144117","-1","-1","-1","-1","-1","-1","-1","-1","-1","-1","-1","-1","-1","50485","-1","-1","-1","0","-1","True","0","0","0","True","True","0","0","0","True","0","0","0","True","True","0","0","0","True","0","0","0","0","0","0","0","0","878"
"True","136376","True","True","1","True","0","0","0","True","0","240","0","True","0","True","0","0","144117","-1","-1","-1","-1","-1","-1","-1","-1","-1","-1","-1","-1","-1","50485","-1","-1","-1","0","-1","True","0","0","0","True","True","0","0","0","True","0","0","0","True","True","0","0","0","True","0","0","0","0","0","0","0","0","879"
"True","180494","True","True","1","True","0","0","0","True","240","240","0","True","0","True","0","0","144117","-1","-1","-1","-1","-1","-1","-1","-1","-1","-1","-1","-1","-1","50485","-1","-1","-1","0","-1","True","0","0","0","True","True","0","0","0","True","0","0","0","True","True","0","0","0","True","0","0","0","0","0","0","0","0","880"
"True","33000","True","True","1","True","0","0","0","True","0","0","0","True","0","True","0","0","87907","-1","-1","-1","50582","171","19783","-1","-1","-1","-1","-1","-1","-1","50535","-1","-1","-1","0","-1","True","0","0","0","True","True","0","0","0","True","0","0","0","True","True","0","0","0","True","0","0","0","0","0","0","0","0","881"
"True","67021","True","True","1","True","0","0","0","True","0","-240","0","True","0","True","0","0","87907","-1","-1","-1","-1","-1","-1","-1","-1","-1","-1","-1","-1","-1","50535","-1","-1","-1","0","-1","True","0","0","0","True","True","0","0","0","True","0","0","0","True","True","0","0","0","True","0","0","0","0","0","0","0","0","882"
"True","91612","True","True","1","True","0","0","0","True","0","-480","0","True","0","True","0","0","87907","-1","-1","-1","-1","-1","-1","-1","-1","-1","-1","-1","-1","-1","50535","-1","-1","-1","0","-1","True","0","0","0","True","True","0","0","0","True","0","0","0","True","True","0","0","0","True","0","0","0","0","0","0","0","0","883"
"True","32991","True","True","1","True","0","0","0","True","-240","-480","0","True","0","True","0","0","87907","-1","-1","-1","-1","-1","-1","-1","-1","-1","-1","-1","-1","-1","50535","-1","-1","-1","0","-1","True","0","0","0","True","True","0","0","0","True","0","0","0","True","True","0","0","0","True","0","0","0","0","0","0","0","0","884"
"True","32971","True","True","1","True","0","0","0","True","240","-480","0","True","0","True","0","0","87907","-1","-1","-1","-1","-1","-1","-1","-1","-1","-1","-1","-1","-1","50535","-1","-1","-1","0","-1","True","0","0","0","True","True","0","0","0","True","0","0","0","True","True","0","0","0","True","0","0","0","0","0","0","0","0","885"
"True","32954","True","True","1","True","0","0","0","True","0","-720","0","True","0","True","0","0","87907","-1","-1","-1","-1","-1","-1","-1","-1","-1","-1","-1","-1","-1","50535","-1","-1","-1","0","-1","True","0","0","0","True","True","0","0","0","True","0","0","0","True","True","0","0","0","True","0","0","0","0","0","0","0","0","886"
"True","32963","True","True","1","True","0","0","0","True","-240","-720","0","True","0","True","0","0","87907","-1","-1","-1","-1","-1","-1","-1","-1","-1","-1","-1","-1","-1","50535","-1","-1","-1","0","-1","True","0","0","0","True","True","0","0","0","True","0","0","0","True","True","0","0","0","True","0","0","0","0","0","0","0","0","887"
"True","32993","True","True","1","True","0","0","0","True","-480","-720","0","True","0","True","0","0","87907","-1","-1","-1","-1","-1","-1","50584","172","19785","-1","-1","-1","-1","50535","-1","-1","-1","0","-1","True","0","0","0","True","True","0","0","0","True","0","0","0","True","True","0","0","0","True","0","0","0","0","0","0","0","0","888"
"True","32936","True","True","1","True","0","0","0","True","0","-960","0","True","0","True","0","0","87907","-1","-1","-1","-1","-1","-1","-1","-1","-1","-1","-1","-1","-1","50535","-1","-1","-1","0","-1","True","0","0","0","True","True","0","0","0","True","0","0","0","True","True","0","0","0","True","0","0","0","0","0","0","0","0","889"
"True","32936","True","True","1","True","0","0","0","True","-240","-960","0","True","0","True","0","0","87907","-1","-1","-1","-1","-1","-1","-1","-1","-1","-1","-1","-1","-1","50535","-1","-1","-1","0","-1","True","0","0","0","True","True","0","0","0","True","0","0","0","True","True","0","0","0","True","0","0","0","0","0","0","0","0","890"
"True","32936","True","True","1","True","0","0","0","True","-480","-960","0","True","0","True","0","0","87907","-1","-1","-1","-1","-1","-1","-1","-1","-1","-1","-1","-1","-1","50535","-1","-1","-1","0","-1","True","0","0","0","True","True","0","0","0","True","0","0","0","True","True","0","0","0","True","0","0","0","0","0","0","0","0","891"
"True","32936","True","True","1","True","0","0","0","True","480","-720","0","True","0","True","0","0","87907","-1","-1","-1","-1","-1","-1","-1","-1","-1","-1","-1","-1","-1","50535","-1","-1","-1","0","-1","True","0","0","0","True","True","0","0","0","True","0","0","0","True","True","0","0","0","True","0","0","0","0","0","0","0","0","892"
"True","32936","True","True","1","True","0","0","0","True","-720","-720","0","True","0","True","0","0","87907","-1","-1","-1","-1","-1","-1","-1","-1","-1","-1","-1","-1","-1","50535","-1","-1","-1","0","-1","True","0","0","0","True","True","0","0","0","True","0","0","0","True","True","0","0","0","True","0","0","0","0","0","0","0","0","893"
"True","32936","True","True","1","True","0","0","0","True","-720","-480","0","True","0","True","0","0","87907","-1","-1","-1","-1","-1","-1","-1","-1","-1","-1","-1","-1","-1","50535","-1","-1","-1","0","-1","True","0","0","0","True","True","0","0","0","True","0","0","0","True","True","0","0","0","True","0","0","0","0","0","0","0","0","894"
"True","32936","True","True","1","True","0","0","0","True","-480","-480","0","True","0","True","0","0","87907","-1","-1","-1","-1","-1","-1","-1","-1","-1","-1","-1","-1","-1","50535","-1","-1","-1","0","-1","True","0","0","0","True","True","0","0","0","True","0","0","0","True","True","0","0","0","True","0","0","0","0","0","0","0","0","895"
"True","68067","True","True","1","True","0","0","0","True","0","0","0","True","0","True","0","0","204675","-1","-1","-1","204628","171","204629","-1","-1","-1","-1","-1","-1","-1","59133","-1","-1","-1","0","-1","True","0","0","0","True","True","0","0","0","True","0","0","0","True","True","0","0","0","True","0","0","0","0","0","0","0","0","896"
"True","67325","True","True","1","True","0","0","0","True","240","0","0","True","0","True","0","0","204675","-1","-1","-1","-1","-1","-1","-1","-1","-1","-1","-1","-1","-1","59133","-1","-1","-1","0","-1","True","0","0","0","True","True","0","0","0","True","0","0","0","True","True","0","0","0","True","0","0","0","0","0","0","0","0","897"
"True","153331","True","True","1","True","0","0","0","True","240","-240","0","True","0","True","0","0","204675","-1","-1","-1","-1","-1","-1","70885","242","53834","-1","-1","-1","-1","59133","-1","-1","-1","0","-1","True","0","0","0","True","True","0","0","0","True","0","0","0","True","True","0","0","0","True","0","0","0","0","0","0","0","0","898"
"True","67775","True","True","1","True","0","0","0","True","480","0","0","True","0","True","0","0","204675","-1","-1","-1","-1","-1","-1","-1","-1","-1","-1","-1","-1","-1","59133","-1","-1","-1","0","-1","True","0","0","0","True","True","0","0","0","True","0","0","0","True","True","0","0","0","True","0","0","0","0","0","0","0","0","899"
"True","68119","True","True","1","True","0","0","0","True","240","240","0","True","0","True","0","0","204675","-1","-1","-1","-1","-1","-1","-1","-1","-1","-1","-1","-1","-1","59133","-1","-1","-1","0","-1","True","0","0","0","True","True","0","0","0","True","0","0","0","True","True","0","0","0","True","0","0","0","0","0","0","0","0","900"
"True","129967","True","True","1","True","0","0","0","True","0","0","0","True","0","True","0","0","159897","-1","-1","-1","-1","-1","-1","-1","-1","-1","-1","-1","-1","-1","130664","-1","-1","-1","0","-1","True","0","0","0","True","True","0","0","0","True","0","0","0","True","True","0","0","0","True","0","0","0","0","0","0","0","0","901"
"True","130071","True","True","1","True","0","0","0","True","0","0","0","True","0","True","0","0","159898","-1","-1","-1","-1","-1","-1","-1","-1","-1","-1","-1","-1","-1","130664","-1","-1","-1","0","-1","True","0","0","0","True","True","0","0","0","True","0","0","0","True","True","0","0","0","True","0","0","0","0","0","0","0","0","902"
"True","131879","True","True","1","True","0","0","0","True","0","0","0","True","0","True","0","0","114363","-1","-1","-1","70885","229","57425","-1","-1","-1","-1","-1","-1","-1","54745","-1","-1","-1","0","-1","True","0","0","0","True","True","0","0","0","True","0","0","0","True","True","0","0","0","True","0","0","0","0","0","0","0","0","903"
"True","132569","True","True","1","True","0","0","0","True","0","0","0","True","0","True","0","0","159899","-1","-1","-1","-1","-1","-1","-1","-1","-1","-1","-1","-1","-1","130664","-1","-1","-1","0","-1","True","0","0","0","True","True","0","0","0","True","0","0","0","True","True","0","0","0","True","0","0","0","0","0","0","0","0","904"
"True","130071","True","True","1","True","0","0","0","True","0","0","0","True","0","True","0","0","162791","-1","-1","-1","-1","-1","-1","-1","-1","-1","-1","-1","-1","-1","130664","-1","-1","-1","0","-1","True","0","0","0","True","True","0","0","0","True","0","0","0","True","True","0","0","0","True","0","0","0","0","0","0","0","0","905"
"True","129967","True","True","1","True","0","0","0","True","0","0","0","True","0","True","0","0","159899","-1","-1","-1","-1","-1","-1","-1","-1","-1","-1","-1","-1","-1","130664","-1","-1","-1","0","-1","True","0","0","0","True","True","0","0","0","True","0","0","0","True","True","0","0","0","True","0","0","0","0","0","0","0","0","906"
"True","163778","True","True","1","True","0","0","0","True","0","0","0","True","0","True","0","0","175738","-1","-1","-1","-1","-1","-1","-1","-1","-1","-1","-1","-1","-1","213402","-1","-1","-1","0","-1","True","0","0","0","True","True","0","0","0","True","0","0","0","True","True","0","0","0","True","0","0","0","0","0","0","0","0","907"
"True","140708","True","True","1","True","0","0","0","True","0","-240","0","True","0","True","0","0","175738","-1","-1","-1","-1","-1","-1","-1","-1","-1","-1","-1","-1","-1","213402","-1","-1","-1","0","-1","True","0","0","0","True","True","0","0","0","True","0","0","0","True","True","0","0","0","True","0","0","0","0","0","0","0","0","908"
"True","181735","True","True","1","True","0","0","0","True","0","0","0","True","0","True","0","0","201670","-1","-1","-1","-1","-1","-1","-1","-1","-1","-1","-1","-1","-1","213402","-1","-1","-1","0","-1","True","0","0","0","True","True","0","0","0","True","0","0","0","True","True","0","0","0","True","0","0","0","0","0","0","0","0","909"
"True","181642","True","True","1","True","0","0","0","True","0","-240","0","True","0","True","0","0","201670","-1","-1","-1","-1","-1","-1","-1","-1","-1","-1","-1","-1","-1","213402","-1","-1","-1","0","-1","True","0","0","0","True","True","0","0","0","True","0","0","0","True","True","0","0","0","True","0","0","0","0","0","0","0","0","910"
"True","181725","True","True","1","True","0","0","0","True","0","0","0","True","0","True","0","0","201671","-1","-1","-1","-1","-1","-1","-1","-1","-1","-1","-1","-1","-1","213402","-1","-1","-1","0","-1","True","0","0","0","True","True","0","0","0","True","0","0","0","True","True","0","0","0","True","0","0","0","0","0","0","0","0","911"
"True","180509","True","True","1","True","0","0","0","True","-240","0","-60","True","0","True","0","0","201671","-1","-1","-1","-1","-1","-1","-1","-1","-1","-1","-1","-1","-1","213402","-1","-1","-1","0","-1","True","0","0","0","True","True","0","0","0","True","0","0","0","True","True","0","0","0","True","0","0","0","0","0","0","0","0","912"
"True","162534","True","True","1","True","0","0","0","True","0","0","0","True","0","True","0","0","201668","-1","-1","-1","-1","-1","-1","-1","-1","-1","-1","-1","-1","-1","213402","-1","-1","-1","0","-1","True","0","0","0","True","True","0","0","0","True","0","0","0","True","True","0","0","0","True","0","0","0","0","0","0","0","0","913"
"True","139964","True","True","1","True","0","0","0","True","-240","0","-60","True","0","True","0","0","201668","-1","-1","-1","-1","-1","-1","-1","-1","-1","-1","-1","-1","-1","213402","-1","-1","-1","0","-1","True","0","0","0","True","True","0","0","0","True","0","0","0","True","True","0","0","0","True","0","0","0","0","0","0","0","0","914"
"True","206386","True","True","1","True","0","0","0","True","0","240","0","True","0","True","0","0","-1","-1","-1","-1","-1","-1","-1","-1","-1","-1","-1","-1","-1","-1","213402","-1","-1","-1","0","-1","True","0","0","0","True","True","0","0","0","True","0","0","0","True","True","0","0","0","True","0","0","0","0","0","0","0","0","915"
"True","165366","True","True","1","True","0","0","0","True","-240","-240","0","True","0","True","0","0","-1","-1","-1","-1","-1","-1","-1","-1","-1","-1","-1","-1","-1","-1","213402","-1","-1","-1","0","-1","True","0","0","0","True","True","0","0","0","True","0","0","0","True","True","0","0","0","True","0","0","0","0","0","0","0","0","916"
"True","165439","True","True","1","True","0","0","0","True","-240","-480","0","True","0","True","0","0","-1","-1","-1","-1","-1","-1","-1","-1","-1","-1","-1","-1","-1","-1","213402","-1","-1","-1","0","-1","True","0","0","0","True","True","0","0","0","True","0","0","0","True","True","0","0","0","True","0","0","0","0","0","0","0","0","917"
"True","164516","True","True","1","True","0","0","0","True","0","-480","0","True","0","True","0","0","-1","-1","-1","-1","-1","-1","-1","-1","-1","-1","-1","-1","-1","-1","213402","-1","-1","-1","0","-1","True","0","0","0","True","True","0","0","0","True","0","0","0","True","True","0","0","0","True","0","0","0","0","0","0","0","0","918"
"True","165366","True","True","1","True","0","0","0","True","-240","0","0","True","0","True","0","0","-1","-1","-1","-1","-1","-1","-1","-1","-1","-1","-1","-1","-1","-1","213402","-1","-1","-1","0","-1","True","0","0","0","True","True","0","0","0","True","0","0","0","True","True","0","0","0","True","0","0","0","0","0","0","0","0","919"
"True","164516","True","True","1","True","0","0","0","True","240","-480","0","True","0","True","0","0","-1","-1","-1","-1","-1","-1","-1","-1","-1","-1","-1","-1","-1","-1","213402","-1","-1","-1","0","-1","True","0","0","0","True","True","0","0","0","True","0","0","0","True","True","0","0","0","True","0","0","0","0","0","0","0","0","920"
"True","164516","True","True","1","True","0","0","0","True","0","-240","0","True","0","True","0","0","-1","-1","-1","-1","-1","-1","-1","-1","-1","-1","-1","-1","-1","-1","213402","-1","-1","-1","0","-1","True","0","0","0","True","True","0","0","0","True","0","0","0","True","True","0","0","0","True","0","0","0","0","0","0","0","0","921"
"True","164516","True","True","1","True","0","0","0","True","-240","-240","0","True","0","True","0","0","-1","-1","-1","-1","-1","-1","-1","-1","-1","-1","-1","-1","-1","-1","213402","-1","-1","-1","0","-1","True","0","0","0","True","True","0","0","0","True","0","0","0","True","True","0","0","0","True","0","0","0","0","0","0","0","0","922"
"True","165439","True","True","1","True","0","0","0","True","-480","-240","0","True","0","True","0","0","-1","-1","-1","-1","-1","-1","-1","-1","-1","-1","-1","-1","-1","-1","213402","-1","-1","-1","0","-1","True","0","0","0","True","True","0","0","0","True","0","0","0","True","True","0","0","0","True","0","0","0","0","0","0","0","0","923"
"True","165366","True","True","1","True","0","0","0","True","-480","0","0","True","0","True","0","0","-1","-1","-1","-1","-1","-1","-1","-1","-1","-1","-1","-1","-1","-1","213402","-1","-1","-1","0","-1","True","0","0","0","True","True","0","0","0","True","0","0","0","True","True","0","0","0","True","0","0","0","0","0","0","0","0","924"
"True","165366","True","True","1","True","0","0","0","True","-480","240","0","True","0","True","0","0","-1","-1","-1","-1","-1","-1","-1","-1","-1","-1","-1","-1","-1","-1","213402","-1","-1","-1","0","-1","True","0","0","0","True","True","0","0","0","True","0","0","0","True","True","0","0","0","True","0","0","0","0","0","0","0","0","925"
"True","131914","True","True","1","True","0","0","0","True","0","0","0","True","0","True","0","0","19868","-1","-1","-1","-1","-1","-1","-1","-1","-1","-1","-1","-1","-1","50542","-1","-1","-1","0","-1","True","0","0","0","True","True","0","0","0","True","0","0","0","True","True","0","0","0","True","0","0","0","0","0","0","0","0","926"
"True","139479","True","True","1","True","0","0","0","True","0","0","0","True","0","True","0","0","19868","-1","-1","-1","-1","-1","-1","-1","-1","-1","-1","-1","-1","-1","50542","-1","-1","-1","0","-1","True","0","0","0","True","True","0","0","0","True","0","0","0","True","True","0","0","0","True","0","0","0","0","0","0","0","0","927"
"True","1859","True","True","1","True","0","0","0","True","0","0","0","True","0","True","0","0","19876","-1","-1","-1","-1","-1","-1","-1","-1","-1","-1","-1","-1","-1","-1","-1","-1","-1","0","-1","True","0","0","0","True","True","0","0","0","True","0","0","0","True","True","0","0","0","True","0","0","0","0","0","0","0","0","928"
"True","227205","True","True","1","True","0","0","0","True","0","0","0","True","0","True","0","0","19868","-1","-1","-1","-1","-1","-1","-1","-1","-1","-1","-1","-1","-1","103137","-1","-1","-1","0","-1","True","0","0","0","True","True","0","0","0","True","0","0","0","True","True","0","0","0","True","0","0","0","0","0","0","0","0","929"
"True","137451","True","True","1","True","0","0","0","True","0","0","0","True","0","True","0","0","19868","-1","-1","-1","-1","-1","-1","-1","-1","-1","-1","-1","-1","-1","50476","-1","-1","-1","0","-1","True","0","0","0","True","True","0","0","0","True","0","0","0","True","True","0","0","0","True","0","0","0","0","0","0","0","0","930"
"True","112862","True","True","1","True","0","0","0","True","0","0","0","True","0","True","0","0","19868","-1","-1","-1","-1","-1","-1","-1","-1","-1","-1","-1","-1","-1","50473","-1","-1","-1","0","-1","True","0","0","0","True","True","0","0","0","True","0","0","0","True","True","0","0","0","True","0","0","0","0","0","0","0","0","931"
"True","225867","True","True","1","True","0","0","0","True","0","0","0","True","0","True","0","0","19868","-1","-1","-1","-1","-1","-1","-1","-1","-1","-1","-1","-1","-1","-1","-1","-1","-1","0","-1","True","0","0","0","True","True","0","0","0","True","0","0","0","True","True","0","0","0","True","0","0","0","0","0","0","0","0","932"
"True","257550","True","True","1","True","0","0","0","True","0","0","0","True","0","True","0","0","257116","-1","-1","-1","-1","-1","-1","-1","-1","-1","-1","-1","-1","-1","257554","-1","-1","-1","0","-1","True","0","0","0","True","True","0","0","0","True","0","0","0","True","True","0","0","0","True","0","0","0","0","0","0","0","0","933"
"True","273254","True","True","1","True","0","0","0","True","0","0","0","True","0","True","0","0","19868","-1","-1","-1","-1","-1","-1","-1","-1","-1","-1","-1","-1","-1","102973","-1","-1","-1","0","-1","True","0","0","0","True","True","0","0","0","True","0","0","0","True","True","0","0","0","True","0","0","0","0","0","0","0","0","934"
"True","235224","True","True","1","True","0","0","0","True","0","0","0","True","0","True","0","0","19868","-1","-1","-1","-1","-1","-1","-1","-1","-1","-1","-1","-1","-1","149400","-1","-1","-1","0","-1","True","0","0","0","True","True","0","0","0","True","0","0","0","True","True","0","0","0","True","0","0","0","0","0","0","0","0","935"
"True","279623","True","True","1","True","0","0","0","True","-240","-240","0","True","0","True","0","0","270054","-1","-1","-1","-1","-1","-1","-1","-1","-1","-1","-1","-1","-1","317464","-1","-1","-1","0","-1","True","0","0","0","True","True","0","0","0","True","0","0","0","True","True","0","0","0","True","0","0","0","0","0","0","0","0","936"
"True","279624","True","True","1","True","0","0","0","True","0","-240","0","True","0","True","0","0","270054","-1","-1","-1","-1","-1","-1","-1","-1","-1","-1","-1","-1","-1","317464","-1","-1","-1","0","-1","True","0","0","0","True","True","0","0","0","True","0","0","0","True","True","0","0","0","True","0","0","0","0","0","0","0","0","937"
"True","279625","True","True","1","True","0","0","0","True","240","-240","0","True","0","True","0","0","270054","-1","-1","-1","-1","-1","-1","-1","-1","-1","-1","-1","-1","-1","317464","-1","-1","-1","0","-1","True","0","0","0","True","True","0","0","0","True","0","0","0","True","True","0","0","0","True","0","0","0","0","0","0","0","0","938"
"True","279617","True","True","1","True","0","0","0","True","-240","0","0","True","0","True","0","0","270054","-1","-1","-1","-1","-1","-1","-1","-1","-1","-1","-1","-1","-1","317464","-1","-1","-1","0","-1","True","0","0","0","True","True","0","0","0","True","0","0","0","True","True","0","0","0","True","0","0","0","0","0","0","0","0","939"
"True","279618","True","True","1","True","0","0","0","True","0","0","0","True","0","True","0","0","270054","-1","-1","-1","-1","-1","-1","-1","-1","-1","-1","-1","-1","-1","317464","-1","-1","-1","0","-1","True","0","0","0","True","True","0","0","0","True","0","0","0","True","True","0","0","0","True","0","0","0","0","0","0","0","0","940"
"True","279619","True","True","1","True","0","0","0","True","240","0","0","True","0","True","0","0","270054","-1","-1","-1","-1","-1","-1","-1","-1","-1","-1","-1","-1","-1","317464","-1","-1","-1","0","-1","True","0","0","0","True","True","0","0","0","True","0","0","0","True","True","0","0","0","True","0","0","0","0","0","0","0","0","941"
"True","279620","True","True","1","True","0","0","0","True","-240","240","0","True","0","True","0","0","270054","-1","-1","-1","-1","-1","-1","-1","-1","-1","-1","-1","-1","-1","317464","-1","-1","-1","0","-1","True","0","0","0","True","True","0","0","0","True","0","0","0","True","True","0","0","0","True","0","0","0","0","0","0","0","0","942"
"True","279621","True","True","1","True","0","0","0","True","0","240","0","True","0","True","0","0","270054","-1","-1","-1","-1","-1","-1","-1","-1","-1","-1","-1","-1","-1","317464","-1","-1","-1","0","-1","True","0","0","0","True","True","0","0","0","True","0","0","0","True","True","0","0","0","True","0","0","0","0","0","0","0","0","943"
"True","279622","True","True","1","True","0","0","0","True","240","240","0","True","0","True","0","0","270054","-1","-1","-1","-1","-1","-1","-1","-1","-1","-1","-1","-1","-1","317464","-1","-1","-1","0","-1","True","0","0","0","True","True","0","0","0","True","0","0","0","True","True","0","0","0","True","0","0","0","0","0","0","0","0","944"
"True","308698","True","True","1","True","0","0","0","True","0","-240","0","True","0","True","0","0","284069","-1","-1","-1","-1","-1","-1","-1","-1","-1","-1","-1","-1","-1","329162","-1","-1","-1","0","-1","True","0","0","0","True","True","0","0","0","True","0","0","0","True","True","0","0","0","True","0","0","0","0","0","0","0","0","945"
"True","308701","True","True","1","True","0","0","0","True","0","0","0","True","0","True","0","0","284069","-1","-1","-1","-1","-1","-1","-1","-1","-1","-1","-1","-1","-1","329162","-1","-1","-1","0","-1","True","0","0","0","True","True","0","0","0","True","0","0","0","True","True","0","0","0","True","0","0","0","0","0","0","0","0","946"
"True","308704","True","True","1","True","0","0","0","True","0","240","0","True","0","True","0","0","284069","-1","-1","-1","-1","-1","-1","-1","-1","-1","-1","-1","-1","-1","329162","-1","-1","-1","0","-1","True","0","0","0","True","True","0","0","0","True","0","0","0","True","True","0","0","0","True","0","0","0","0","0","0","0","0","947"
"True","312379","True","True","1","True","0","0","0","True","-120","0","0","True","0","True","0","0","284069","-1","-1","-1","-1","-1","-1","-1","-1","-1","-1","-1","-1","-1","329162","-1","-1","-1","0","-1","True","0","0","0","True","True","0","0","0","True","0","0","0","True","True","0","0","0","True","0","0","0","0","0","0","0","0","948"
"True","308671","True","True","1","True","0","0","0","True","-480","0","0","True","0","True","0","0","284069","-1","-1","-1","-1","-1","-1","-1","-1","-1","-1","-1","-1","-1","329162","-1","-1","-1","0","-1","True","0","0","0","True","True","0","0","0","True","0","0","0","True","True","0","0","0","True","0","0","0","0","0","0","0","0","949"
"True","308686","True","True","1","True","0","0","0","True","-240","0","0","True","0","True","0","0","284069","-1","-1","-1","-1","-1","-1","-1","-1","-1","-1","-1","-1","-1","329162","-1","-1","-1","0","-1","True","0","0","0","True","True","0","0","0","True","0","0","0","True","True","0","0","0","True","0","0","0","0","0","0","0","0","950"
"True","308689","True","True","1","True","0","0","0","True","-240","240","0","True","0","True","0","0","284069","-1","-1","-1","-1","-1","-1","-1","-1","-1","-1","-1","-1","-1","329162","-1","-1","-1","0","-1","True","0","0","0","True","True","0","0","0","True","0","0","0","True","True","0","0","0","True","0","0","0","0","0","0","0","0","951"
"True","313974","True","True","1","True","0","0","0","True","0","0","0","True","0","True","0","0","311623","-1","-1","-1","-1","-1","-1","-1","-1","-1","-1","-1","-1","-1","330766","-1","-1","-1","0","-1","True","0","0","0","True","True","0","0","0","True","0","0","0","True","True","0","0","0","True","0","0","0","0","0","0","0","0","952"
"True","313978","True","True","1","True","0","0","0","True","240","0","0","True","0","True","0","0","311623","-1","-1","-1","-1","-1","-1","-1","-1","-1","-1","-1","-1","-1","330766","-1","-1","-1","0","-1","True","0","0","0","True","True","0","0","0","True","0","0","0","True","True","0","0","0","True","0","0","0","0","0","0","0","0","953"
"True","306589","True","True","1","True","0","0","0","True","-240","480","0","True","0","True","0","0","308325","-1","-1","-1","-1","-1","-1","-1","-1","-1","-1","-1","-1","-1","330766","-1","-1","-1","0","-1","True","0","0","0","True","True","0","0","0","True","0","0","0","True","True","0","0","0","True","0","0","0","0","0","0","0","0","954"
"True","306597","True","True","1","True","0","0","0","True","-480","720","0","True","0","True","0","0","311623","-1","-1","-1","-1","-1","-1","-1","-1","-1","-1","-1","-1","-1","330766","-1","-1","-1","0","-1","True","0","0","0","True","True","0","0","0","True","0","0","0","True","True","0","0","0","True","0","0","0","0","0","0","0","0","955"
"True","306601","True","True","1","True","0","0","0","True","0","240","0","True","0","True","0","0","315938","-1","-1","-1","-1","-1","-1","-1","-1","-1","-1","-1","-1","-1","330766","-1","-1","-1","0","-1","True","0","0","0","True","True","0","0","0","True","0","0","0","True","True","0","0","0","True","0","0","0","0","0","0","0","0","956"
"True","306605","True","True","1","True","0","0","0","True","-480","480","0","True","0","True","0","0","308325","-1","-1","-1","-1","-1","-1","-1","-1","-1","-1","-1","-1","-1","330766","-1","-1","-1","0","-1","True","0","0","0","True","True","0","0","0","True","0","0","0","True","True","0","0","0","True","0","0","0","0","0","0","0","0","957"
"True","306609","True","True","1","True","0","0","0","True","0","480","0","True","0","True","0","0","308325","-1","-1","-1","-1","-1","-1","-1","-1","-1","-1","-1","-1","-1","330766","-1","-1","-1","0","-1","True","0","0","0","True","True","0","0","0","True","0","0","0","True","True","0","0","0","True","0","0","0","0","0","0","0","0","958"
"True","306617","True","True","1","True","0","0","0","True","-480","240","0","True","0","True","0","0","311623","-1","-1","-1","-1","-1","-1","-1","-1","-1","-1","-1","-1","-1","330766","-1","-1","-1","0","-1","True","0","0","0","True","True","0","0","0","True","0","0","0","True","True","0","0","0","True","0","0","0","0","0","0","0","0","959"
"True","306621","True","True","1","True","0","0","0","True","-240","240","0","True","0","True","0","0","311623","-1","-1","-1","-1","-1","-1","-1","-1","-1","-1","-1","-1","-1","330766","-1","-1","-1","0","-1","True","0","0","0","True","True","0","0","0","True","0","0","0","True","True","0","0","0","True","0","0","0","0","0","0","0","0","960"
"True","306708","True","True","1","True","0","0","0","True","-720","480","0","True","0","True","0","0","311623","-1","-1","-1","-1","-1","-1","-1","-1","-1","-1","-1","-1","-1","330766","-1","-1","-1","0","-1","True","0","0","0","True","True","0","0","0","True","0","0","0","True","True","0","0","0","True","0","0","0","0","0","0","0","0","961"
"True","306712","True","True","1","True","0","0","0","True","-720","720","0","True","0","True","0","0","311623","-1","-1","-1","-1","-1","-1","-1","-1","-1","-1","-1","-1","-1","330766","-1","-1","-1","0","-1","True","0","0","0","True","True","0","0","0","True","0","0","0","True","True","0","0","0","True","0","0","0","0","0","0","0","0","962"
"True","311474","True","True","1","True","0","0","0","True","240","240","0","True","0","True","0","0","315938","-1","-1","-1","-1","-1","-1","-1","-1","-1","-1","-1","-1","-1","330766","-1","-1","-1","0","-1","True","0","0","0","True","True","0","0","0","True","0","0","0","True","True","0","0","0","True","0","0","0","0","0","0","0","0","963"
"True","311478","True","True","1","True","0","0","0","True","240","480","0","True","0","True","0","0","311623","-1","-1","-1","-1","-1","-1","-1","-1","-1","-1","-1","-1","-1","330766","-1","-1","-1","0","-1","True","0","0","0","True","True","0","0","0","True","0","0","0","True","True","0","0","0","True","0","0","0","0","0","0","0","0","964"
"True","311316","True","True","1","True","0","0","0","True","-960","480","0","True","0","True","0","0","270011","-1","-1","-1","-1","-1","-1","-1","-1","-1","-1","-1","-1","-1","315939","-1","-1","-1","0","-1","True","0","0","0","True","True","0","0","0","True","0","0","0","True","True","0","0","0","True","0","0","0","0","0","0","0","0","965"
"True","313845","True","True","1","True","0","0","0","True","-1200","480","0","True","0","True","0","0","270011","-1","-1","-1","-1","-1","-1","-1","-1","-1","-1","-1","-1","-1","315939","-1","-1","-1","0","-1","True","0","0","0","True","True","0","0","0","True","0","0","0","True","True","0","0","0","True","0","0","0","0","0","0","0","0","966"
"True","315706","True","True","1","True","0","0","0","True","-480","0","0","True","0","True","0","0","270011","-1","-1","-1","-1","-1","-1","-1","-1","-1","-1","-1","-1","-1","315939","-1","-1","-1","0","-1","True","0","0","0","True","True","0","0","0","True","0","0","0","True","True","0","0","0","True","0","0","0","0","0","0","0","0","967"
"True","311307","True","True","1","True","0","0","0","True","-720","0","0","True","0","True","0","0","270011","-1","-1","-1","-1","-1","-1","-1","-1","-1","-1","-1","-1","-1","315939","-1","-1","-1","0","-1","True","0","0","0","True","True","0","0","0","True","0","0","0","True","True","0","0","0","True","0","0","0","0","0","0","0","0","968"
"True","311295","True","True","1","True","0","0","0","True","-960","0","0","True","0","True","0","0","270011","-1","-1","-1","-1","-1","-1","-1","-1","-1","-1","-1","-1","-1","315939","-1","-1","-1","0","-1","True","0","0","0","True","True","0","0","0","True","0","0","0","True","True","0","0","0","True","0","0","0","0","0","0","0","0","969"
"True","313849","True","True","1","True","0","0","0","True","-1200","0","0","True","0","True","0","0","270011","-1","-1","-1","-1","-1","-1","-1","-1","-1","-1","-1","-1","-1","315939","-1","-1","-1","0","-1","True","0","0","0","True","True","0","0","0","True","0","0","0","True","True","0","0","0","True","0","0","0","0","0","0","0","0","970"
"True","315710","True","True","1","True","0","0","0","True","-480","240","0","True","0","True","0","0","270011","-1","-1","-1","-1","-1","-1","-1","-1","-1","-1","-1","-1","-1","315939","-1","-1","-1","0","-1","True","0","0","0","True","True","0","0","0","True","0","0","0","True","True","0","0","0","True","0","0","0","0","0","0","0","0","971"
"True","311310","True","True","1","True","0","0","0","True","-720","240","0","True","0","True","0","0","270011","-1","-1","-1","-1","-1","-1","-1","-1","-1","-1","-1","-1","-1","315939","-1","-1","-1","0","-1","True","0","0","0","True","True","0","0","0","True","0","0","0","True","True","0","0","0","True","0","0","0","0","0","0","0","0","972"
"True","311298","True","True","1","True","0","0","0","True","-960","240","0","True","0","True","0","0","270011","-1","-1","-1","-1","-1","-1","-1","-1","-1","-1","-1","-1","-1","315939","-1","-1","-1","0","-1","True","0","0","0","True","True","0","0","0","True","0","0","0","True","True","0","0","0","True","0","0","0","0","0","0","0","0","973"
"True","313853","True","True","1","True","0","0","0","True","-1200","240","0","True","0","True","0","0","270011","-1","-1","-1","-1","-1","-1","-1","-1","-1","-1","-1","-1","-1","315939","-1","-1","-1","0","-1","True","0","0","0","True","True","0","0","0","True","0","0","0","True","True","0","0","0","True","0","0","0","0","0","0","0","0","974"
"True","311313","True","True","1","True","0","0","0","True","-720","480","0","True","0","True","0","0","270011","-1","-1","-1","-1","-1","-1","-1","-1","-1","-1","-1","-1","-1","315939","-1","-1","-1","0","-1","True","0","0","0","True","True","0","0","0","True","0","0","0","True","True","0","0","0","True","0","0","0","0","0","0","0","0","975"
"True","311301","True","True","1","True","0","0","0","True","-960","480","0","True","0","True","0","0","270011","-1","-1","-1","-1","-1","-1","-1","-1","-1","-1","-1","-1","-1","315939","-1","-1","-1","0","-1","True","0","0","0","True","True","0","0","0","True","0","0","0","True","True","0","0","0","True","0","0","0","0","0","0","0","0","976"
"True","313857","True","True","1","True","0","0","0","True","-1200","480","0","True","0","True","0","0","270011","-1","-1","-1","-1","-1","-1","-1","-1","-1","-1","-1","-1","-1","315939","-1","-1","-1","0","-1","True","0","0","0","True","True","0","0","0","True","0","0","0","True","True","0","0","0","True","0","0","0","0","0","0","0","0","977"
"True","309148","True","True","1","True","0","0","0","True","-480","0","0","True","0","True","0","0","309413","-1","-1","-1","-1","-1","-1","-1","-1","-1","-1","-1","-1","-1","309813","-1","-1","-1","0","-1","True","0","0","0","True","True","0","0","0","True","0","0","0","True","True","0","0","0","True","0","0","0","0","0","0","0","0","978"
"True","309161","True","True","1","True","0","0","0","True","-240","-480","0","True","0","True","0","0","309413","-1","-1","-1","-1","-1","-1","-1","-1","-1","-1","-1","-1","-1","309813","-1","-1","-1","0","-1","True","0","0","0","True","True","0","0","0","True","0","0","0","True","True","0","0","0","True","0","0","0","0","0","0","0","0","979"
"True","309165","True","True","1","True","0","0","0","True","-480","-480","0","True","0","True","0","0","309413","-1","-1","-1","-1","-1","-1","-1","-1","-1","-1","-1","-1","-1","309813","-1","-1","-1","0","-1","True","0","0","0","True","True","0","0","0","True","0","0","0","True","True","0","0","0","True","0","0","0","0","0","0","0","0","980"
"True","309174","True","True","1","True","0","0","0","True","-480","-240","0","True","0","True","0","0","309413","-1","-1","-1","-1","-1","-1","-1","-1","-1","-1","-1","-1","-1","309813","-1","-1","-1","0","-1","True","0","0","0","True","True","0","0","0","True","0","0","0","True","True","0","0","0","True","0","0","0","0","0","0","0","0","981"
"True","308539","True","True","1","True","0","0","0","True","-240","0","0","True","0","True","0","0","309413","-1","-1","-1","-1","-1","-1","-1","-1","-1","-1","-1","-1","-1","309813","-1","-1","-1","0","-1","True","0","0","0","True","True","0","0","0","True","0","0","0","True","True","0","0","0","True","0","0","0","0","0","0","0","0","982"
"True","308542","True","True","1","True","0","0","0","True","0","-240","0","True","0","True","0","0","309413","-1","-1","-1","-1","-1","-1","-1","-1","-1","-1","-1","-1","-1","309813","-1","-1","-1","0","-1","True","0","0","0","True","True","0","0","0","True","0","0","0","True","True","0","0","0","True","0","0","0","0","0","0","0","0","983"
"True","308548","True","True","1","True","0","0","0","True","-240","-240","0","True","0","True","0","0","309413","-1","-1","-1","-1","-1","-1","-1","-1","-1","-1","-1","-1","-1","309813","-1","-1","-1","0","-1","True","0","0","0","True","True","0","0","0","True","0","0","0","True","True","0","0","0","True","0","0","0","0","0","0","0","0","984"
"True","356617","True","True","1","True","0","0","0","True","0","-240","0","True","0","True","0","0","339397","-1","-1","-1","-1","-1","-1","-1","-1","-1","-1","-1","-1","-1","356494","-1","-1","-1","0","-1","True","0","0","0","True","True","0","0","0","True","0","0","0","True","True","0","0","0","True","0","0","0","0","0","0","0","0","985"
"True","339312","True","True","1","True","0","0","0","True","0","0","0","True","0","True","0","0","339397","-1","-1","-1","-1","-1","-1","-1","-1","-1","-1","-1","-1","-1","356494","-1","-1","-1","0","-1","True","0","0","0","True","True","0","0","0","True","0","0","0","True","True","0","0","0","True","0","0","0","0","0","0","0","0","986"
"True","339318","True","True","1","True","0","0","0","True","240","0","0","True","0","True","0","0","339397","-1","-1","-1","-1","-1","-1","-1","-1","-1","-1","-1","-1","-1","356494","-1","-1","-1","0","-1","True","0","0","0","True","True","0","0","0","True","0","0","0","True","True","0","0","0","True","0","0","0","0","0","0","0","0","987"
"True","339315","True","True","1","True","0","0","0","True","0","240","0","True","0","True","0","0","339397","-1","-1","-1","-1","-1","-1","-1","-1","-1","-1","-1","-1","-1","356494","-1","-1","-1","0","-1","True","0","0","0","True","True","0","0","0","True","0","0","0","True","True","0","0","0","True","0","0","0","0","0","0","0","0","988"
"True","339321","True","True","1","True","0","0","0","True","240","240","0","True","0","True","0","0","339397","-1","-1","-1","-1","-1","-1","-1","-1","-1","-1","-1","-1","-1","356494","-1","-1","-1","0","-1","True","0","0","0","True","True","0","0","0","True","0","0","0","True","True","0","0","0","True","0","0","0","0","0","0","0","0","989"
"True","346405","True","True","1","True","0","0","0","True","0","0","0","True","0","True","0","0","349787","-1","-1","-1","-1","-1","-1","-1","-1","-1","-1","-1","-1","-1","346419","-1","-1","-1","0","-1","True","0","0","0","True","True","0","0","0","True","0","0","0","True","True","0","0","0","True","0","0","0","0","0","0","0","0","990"
"True","346396","True","True","1","True","0","0","0","True","0","240","0","True","0","True","0","0","349787","-1","-1","-1","-1","-1","-1","-1","-1","-1","-1","-1","-1","-1","346419","-1","-1","-1","0","-1","True","0","0","0","True","True","0","0","0","True","0","0","0","True","True","0","0","0","True","0","0","0","0","0","0","0","0","991"
"True","346408","True","True","1","True","0","0","0","True","0","480","0","True","0","True","0","0","349787","-1","-1","-1","-1","-1","-1","-1","-1","-1","-1","-1","-1","-1","346419","-1","-1","-1","0","-1","True","0","0","0","True","True","0","0","0","True","0","0","0","True","True","0","0","0","True","0","0","0","0","0","0","0","0","992"
"True","346402","True","True","1","True","0","0","0","True","240","0","0","True","0","True","0","0","349787","-1","-1","-1","-1","-1","-1","-1","-1","-1","-1","-1","-1","-1","346419","-1","-1","-1","0","-1","True","0","0","0","True","True","0","0","0","True","0","0","0","True","True","0","0","0","True","0","0","0","0","0","0","0","0","993"
"True","346393","True","True","1","True","0","0","0","True","240","240","0","True","0","True","0","0","349787","-1","-1","-1","-1","-1","-1","-1","-1","-1","-1","-1","-1","-1","346419","-1","-1","-1","0","-1","True","0","0","0","True","True","0","0","0","True","0","0","0","True","True","0","0","0","True","0","0","0","0","0","0","0","0","994"
"True","346390","True","True","1","True","0","0","0","True","240","480","0","True","0","True","0","0","349787","-1","-1","-1","-1","-1","-1","-1","-1","-1","-1","-1","-1","-1","346419","-1","-1","-1","0","-1","True","0","0","0","True","True","0","0","0","True","0","0","0","True","True","0","0","0","True","0","0","0","0","0","0","0","0","995"
"True","346399","True","True","1","True","0","0","0","True","480","0","0","True","0","True","0","0","349787","-1","-1","-1","-1","-1","-1","-1","-1","-1","-1","-1","-1","-1","346419","-1","-1","-1","0","-1","True","0","0","0","True","True","0","0","0","True","0","0","0","True","True","0","0","0","True","0","0","0","0","0","0","0","0","996"
"True","346387","True","True","1","True","0","0","0","True","480","240","0","True","0","True","0","0","349787","-1","-1","-1","-1","-1","-1","-1","-1","-1","-1","-1","-1","-1","346419","-1","-1","-1","0","-1","True","0","0","0","True","True","0","0","0","True","0","0","0","True","True","0","0","0","True","0","0","0","0","0","0","0","0","997"
"True","346384","True","True","1","True","0","0","0","True","480","480","0","True","0","True","0","0","349787","-1","-1","-1","-1","-1","-1","-1","-1","-1","-1","-1","-1","-1","346419","-1","-1","-1","0","-1","True","0","0","0","True","True","0","0","0","True","0","0","0","True","True","0","0","0","True","0","0","0","0","0","0","0","0","998"
"True","328483","True","True","1","True","0","0","0","True","0","0","0","True","0","True","0","0","330576","-1","-1","-1","-1","-1","-1","-1","-1","-1","-1","-1","-1","-1","356448","-1","-1","-1","0","-1","True","0","0","0","True","True","0","0","0","True","0","0","0","True","True","0","0","0","True","0","0","0","0","0","0","0","0","999"
"True","348980","True","True","1","True","0","0","0","True","0","0","0","True","0","True","0","0","304359","-1","-1","-1","-1","-1","-1","-1","-1","-1","-1","-1","-1","-1","328903","-1","-1","-1","0","-1","True","0","0","0","True","True","0","0","0","True","0","0","0","True","True","0","0","0","True","0","0","0","0","0","0","0","0","1000"
"True","348976","True","True","1","True","0","0","0","True","0","240","0","True","0","True","0","0","304359","-1","-1","-1","-1","-1","-1","-1","-1","-1","-1","-1","-1","-1","328903","-1","-1","-1","0","-1","True","0","0","0","True","True","0","0","0","True","0","0","0","True","True","0","0","0","True","0","0","0","0","0","0","0","0","1001"
"True","348984","True","True","1","True","0","0","0","True","240","0","0","True","0","True","0","0","304359","-1","-1","-1","-1","-1","-1","-1","-1","-1","-1","-1","-1","-1","328903","-1","-1","-1","0","-1","True","0","0","0","True","True","0","0","0","True","0","0","0","True","True","0","0","0","True","0","0","0","0","0","0","0","0","1002"
"True","348988","True","True","1","True","0","0","0","True","240","240","0","True","0","True","0","0","304359","-1","-1","-1","-1","-1","-1","-1","-1","-1","-1","-1","-1","-1","328903","-1","-1","-1","0","-1","True","0","0","0","True","True","0","0","0","True","0","0","0","True","True","0","0","0","True","0","0","0","0","0","0","0","0","1003"
"True","319154","True","True","1","True","0","0","0","True","0","0","0","True","0","True","0","0","287220","-1","-1","-1","-1","-1","-1","-1","-1","-1","-1","-1","-1","-1","355949","-1","-1","-1","0","-1","True","0","0","0","True","True","0","0","0","True","0","0","0","True","True","0","0","0","True","0","0","0","0","0","0","0","0","1004"
"True","319158","True","True","1","True","0","0","0","True","0","240","0","True","0","True","0","0","287220","-1","-1","-1","-1","-1","-1","-1","-1","-1","-1","-1","-1","-1","355949","-1","-1","-1","0","-1","True","0","0","0","True","True","0","0","0","True","0","0","0","True","True","0","0","0","True","0","0","0","0","0","0","0","0","1005"
"True","319138","True","True","1","True","0","0","0","True","0","480","0","True","0","True","0","0","287220","-1","-1","-1","-1","-1","-1","-1","-1","-1","-1","-1","-1","-1","355949","-1","-1","-1","0","-1","True","0","0","0","True","True","0","0","0","True","0","0","0","True","True","0","0","0","True","0","0","0","0","0","0","0","0","1006"
"True","319142","True","True","1","True","0","0","0","True","240","0","0","True","0","True","0","0","287220","-1","-1","-1","-1","-1","-1","-1","-1","-1","-1","-1","-1","-1","355949","-1","-1","-1","0","-1","True","0","0","0","True","True","0","0","0","True","0","0","0","True","True","0","0","0","True","0","0","0","0","0","0","0","0","1007"
"True","319126","True","True","1","True","0","0","0","True","240","240","0","True","0","True","0","0","287220","-1","-1","-1","-1","-1","-1","-1","-1","-1","-1","-1","-1","-1","355949","-1","-1","-1","0","-1","True","0","0","0","True","True","0","0","0","True","0","0","0","True","True","0","0","0","True","0","0","0","0","0","0","0","0","1008"
"True","319146","True","True","1","True","0","0","0","True","240","480","0","True","0","True","0","0","287220","-1","-1","-1","-1","-1","-1","-1","-1","-1","-1","-1","-1","-1","355949","-1","-1","-1","0","-1","True","0","0","0","True","True","0","0","0","True","0","0","0","True","True","0","0","0","True","0","0","0","0","0","0","0","0","1009"
"True","319134","True","True","1","True","0","0","0","True","480","0","0","True","0","True","0","0","287220","-1","-1","-1","-1","-1","-1","-1","-1","-1","-1","-1","-1","-1","355949","-1","-1","-1","0","-1","True","0","0","0","True","True","0","0","0","True","0","0","0","True","True","0","0","0","True","0","0","0","0","0","0","0","0","1010"
"True","319130","True","True","1","True","0","0","0","True","480","240","0","True","0","True","0","0","287220","-1","-1","-1","-1","-1","-1","-1","-1","-1","-1","-1","-1","-1","355949","-1","-1","-1","0","-1","True","0","0","0","True","True","0","0","0","True","0","0","0","True","True","0","0","0","True","0","0","0","0","0","0","0","0","1011"
"True","319150","True","True","1","True","0","0","0","True","480","480","0","True","0","True","0","0","287220","-1","-1","-1","-1","-1","-1","-1","-1","-1","-1","-1","-1","-1","355949","-1","-1","-1","0","-1","True","0","0","0","True","True","0","0","0","True","0","0","0","True","True","0","0","0","True","0","0","0","0","0","0","0","0","1012"
"True","295373","True","True","1","True","0","0","0","True","0","0","0","True","0","True","0","0","295228","-1","-1","-1","-1","-1","-1","-1","-1","-1","-1","-1","-1","-1","284826","-1","-1","-1","0","-1","True","0","0","0","True","True","0","0","0","True","0","0","0","True","True","0","0","0","True","0","0","0","0","0","0","0","0","1013"
"True","269868","True","True","1","True","0","0","0","True","0","0","0","True","0","True","0","0","335815","-1","-1","-1","-1","-1","-1","-1","-1","-1","-1","-1","-1","-1","246475","-1","-1","-1","0","-1","True","0","0","0","True","True","0","0","0","True","0","0","0","True","True","0","0","0","True","0","0","0","0","0","0","0","0","1014"
"True","271532","True","True","1","True","0","0","0","True","0","0","0","True","0","True","0","0","337313","-1","-1","-1","-1","-1","-1","-1","-1","-1","-1","-1","-1","-1","246475","-1","-1","-1","0","-1","True","0","0","0","True","True","0","0","0","True","0","0","0","True","True","0","0","0","True","0","0","0","0","0","0","0","0","1015"
"True","249654","True","True","1","True","0","0","0","True","0","0","0","True","0","True","0","0","335811","-1","-1","-1","-1","-1","-1","-1","-1","-1","-1","-1","-1","-1","246475","-1","-1","-1","0","-1","True","0","0","0","True","True","0","0","0","True","0","0","0","True","True","0","0","0","True","0","0","0","0","0","0","0","0","1016"
"True","307082","True","True","1","True","0","0","0","True","0","0","0","True","0","True","0","0","308487","-1","-1","-1","-1","-1","-1","-1","-1","-1","-1","-1","-1","-1","333844","-1","-1","-1","0","-1","True","0","0","0","True","True","0","0","0","True","0","0","0","True","True","0","0","0","True","0","0","0","0","0","0","0","0","1017"
"True","307072","True","True","1","True","0","0","0","True","0","240","0","True","0","True","0","0","308487","-1","-1","-1","-1","-1","-1","-1","-1","-1","-1","-1","-1","-1","333844","-1","-1","-1","0","-1","True","0","0","0","True","True","0","0","0","True","0","0","0","True","True","0","0","0","True","0","0","0","0","0","0","0","0","1018"
"True","307066","True","True","1","True","0","0","0","True","0","480","0","True","0","True","0","0","308487","-1","-1","-1","-1","-1","-1","-1","-1","-1","-1","-1","-1","-1","333844","-1","-1","-1","0","-1","True","0","0","0","True","True","0","0","0","True","0","0","0","True","True","0","0","0","True","0","0","0","0","0","0","0","0","1019"
"True","307085","True","True","1","True","0","0","0","True","240","0","0","True","0","True","0","0","308487","-1","-1","-1","-1","-1","-1","-1","-1","-1","-1","-1","-1","-1","333844","-1","-1","-1","0","-1","True","0","0","0","True","True","0","0","0","True","0","0","0","True","True","0","0","0","True","0","0","0","0","0","0","0","0","1020"
"True","307076","True","True","1","True","0","0","0","True","240","240","0","True","0","True","0","0","308487","-1","-1","-1","-1","-1","-1","-1","-1","-1","-1","-1","-1","-1","333844","-1","-1","-1","0","-1","True","0","0","0","True","True","0","0","0","True","0","0","0","True","True","0","0","0","True","0","0","0","0","0","0","0","0","1021"
"True","307088","True","True","1","True","0","0","0","True","240","480","0","True","0","True","0","0","308487","-1","-1","-1","-1","-1","-1","-1","-1","-1","-1","-1","-1","-1","333844","-1","-1","-1","0","-1","True","0","0","0","True","True","0","0","0","True","0","0","0","True","True","0","0","0","True","0","0","0","0","0","0","0","0","1022"
"True","335733","True","True","1","True","0","0","0","True","240","-240","0","True","0","True","0","0","338956","-1","-1","-1","-1","-1","-1","-1","-1","-1","-1","-1","-1","-1","314637","-1","-1","-1","0","-1","True","0","0","0","True","True","0","0","0","True","0","0","0","True","True","0","0","0","True","0","0","0","0","0","0","0","0","1023"
"True","335742","True","True","1","True","0","0","0","True","0","-240","0","True","0","True","0","0","338956","-1","-1","-1","-1","-1","-1","-1","-1","-1","-1","-1","-1","-1","314637","-1","-1","-1","0","-1","True","0","0","0","True","True","0","0","0","True","0","0","0","True","True","0","0","0","True","0","0","0","0","0","0","0","0","1024"
"True","335724","True","True","1","True","0","0","0","True","480","0","0","True","0","True","0","0","338956","-1","-1","-1","-1","-1","-1","-1","-1","-1","-1","-1","-1","-1","314637","-1","-1","-1","0","-1","True","0","0","0","True","True","0","0","0","True","0","0","0","True","True","0","0","0","True","0","0","0","0","0","0","0","0","1025"
"True","335730","True","True","1","True","0","0","0","True","240","0","0","True","0","True","0","0","338956","-1","-1","-1","-1","-1","-1","-1","-1","-1","-1","-1","-1","-1","314637","-1","-1","-1","0","-1","True","0","0","0","True","True","0","0","0","True","0","0","0","True","True","0","0","0","True","0","0","0","0","0","0","0","0","1026"
"True","335739","True","True","1","True","0","0","0","True","0","0","0","True","0","True","0","0","338956","-1","-1","-1","-1","-1","-1","-1","-1","-1","-1","-1","-1","-1","314637","-1","-1","-1","0","-1","True","0","0","0","True","True","0","0","0","True","0","0","0","True","True","0","0","0","True","0","0","0","0","0","0","0","0","1027"
"True","335721","True","True","1","True","0","0","0","True","480","240","0","True","0","True","0","0","338956","-1","-1","-1","-1","-1","-1","-1","-1","-1","-1","-1","-1","-1","314637","-1","-1","-1","0","-1","True","0","0","0","True","True","0","0","0","True","0","0","0","True","True","0","0","0","True","0","0","0","0","0","0","0","0","1028"
"True","335727","True","True","1","True","0","0","0","True","240","240","0","True","0","True","0","0","338956","-1","-1","-1","-1","-1","-1","-1","-1","-1","-1","-1","-1","-1","314637","-1","-1","-1","0","-1","True","0","0","0","True","True","0","0","0","True","0","0","0","True","True","0","0","0","True","0","0","0","0","0","0","0","0","1029"
"True","339058","True","True","1","True","0","0","0","True","0","480","0","True","0","True","0","0","339158","-1","-1","-1","-1","-1","-1","-1","-1","-1","-1","-1","-1","-1","314637","-1","-1","-1","0","-1","True","0","0","0","True","True","0","0","0","True","0","0","0","True","True","0","0","0","True","0","0","0","0","0","0","0","0","1030"
"True","339052","True","True","1","True","0","0","0","True","240","480","0","True","0","True","0","0","339158","-1","-1","-1","-1","-1","-1","-1","-1","-1","-1","-1","-1","-1","314637","-1","-1","-1","0","-1","True","0","0","0","True","True","0","0","0","True","0","0","0","True","True","0","0","0","True","0","0","0","0","0","0","0","0","1031"
"True","339374","True","True","1","True","0","0","0","True","480","480","0","True","0","True","0","0","339158","-1","-1","-1","-1","-1","-1","-1","-1","-1","-1","-1","-1","-1","314637","-1","-1","-1","0","-1","True","0","0","0","True","True","0","0","0","True","0","0","0","True","True","0","0","0","True","0","0","0","0","0","0","0","0","1032"
"True","339064","True","True","1","True","0","0","0","True","0","480","0","True","0","True","0","0","339158","-1","-1","-1","-1","-1","-1","-1","-1","-1","-1","-1","-1","-1","314637","-1","-1","-1","0","-1","True","0","0","0","True","True","0","0","0","True","0","0","0","True","True","0","0","0","True","0","0","0","0","0","0","0","0","1033"
"True","339061","True","True","1","True","0","0","0","True","0","240","0","True","0","True","0","0","339158","-1","-1","-1","-1","-1","-1","-1","-1","-1","-1","-1","-1","-1","314637","-1","-1","-1","0","-1","True","0","0","0","True","True","0","0","0","True","0","0","0","True","True","0","0","0","True","0","0","0","0","0","0","0","0","1034"
"True","339055","True","True","1","True","0","0","0","True","240","240","0","True","0","True","0","0","339158","-1","-1","-1","-1","-1","-1","-1","-1","-1","-1","-1","-1","-1","314637","-1","-1","-1","0","-1","True","0","0","0","True","True","0","0","0","True","0","0","0","True","True","0","0","0","True","0","0","0","0","0","0","0","0","1035"
"True","339070","True","True","1","True","0","0","0","True","-240","240","0","True","0","True","0","0","339158","-1","-1","-1","-1","-1","-1","-1","-1","-1","-1","-1","-1","-1","314637","-1","-1","-1","0","-1","True","0","0","0","True","True","0","0","0","True","0","0","0","True","True","0","0","0","True","0","0","0","0","0","0","0","0","1036"
"True","339371","True","True","1","True","0","0","0","True","480","0","0","True","0","True","0","0","339158","-1","-1","-1","-1","-1","-1","-1","-1","-1","-1","-1","-1","-1","314637","-1","-1","-1","0","-1","True","0","0","0","True","True","0","0","0","True","0","0","0","True","True","0","0","0","True","0","0","0","0","0","0","0","0","1037"
"True","337780","True","True","1","True","0","0","0","True","240","0","0","True","0","True","0","0","282487","-1","-1","-1","-1","-1","-1","-1","-1","-1","-1","-1","-1","-1","274956","-1","-1","-1","0","-1","True","0","0","0","True","True","0","0","0","True","0","0","0","True","True","0","0","0","True","0","0","0","0","0","0","0","0","1038"
"True","337783","True","True","1","True","0","0","0","True","0","0","0","True","0","True","0","0","282487","-1","-1","-1","-1","-1","-1","-1","-1","-1","-1","-1","-1","-1","274956","-1","-1","-1","0","-1","True","0","0","0","True","True","0","0","0","True","0","0","0","True","True","0","0","0","True","0","0","0","0","0","0","0","0","1039"
"True","235710","True","True","1","True","0","0","0","True","480","0","0","True","0","True","0","0","282487","-1","-1","-1","-1","-1","-1","-1","-1","-1","-1","-1","-1","-1","274956","-1","-1","-1","0","-1","True","0","0","0","True","True","0","0","0","True","0","0","0","True","True","0","0","0","True","0","0","0","0","0","0","0","0","1040"
"True","235631","True","True","1","True","0","0","0","True","480","120","0","True","0","True","0","0","282487","-1","-1","-1","-1","-1","-1","-1","-1","-1","-1","-1","-1","-1","274956","-1","-1","-1","0","-1","True","0","0","0","True","True","0","0","0","True","0","0","0","True","True","0","0","0","True","0","0","0","0","0","0","0","0","1041"
"True","235676","True","True","1","True","0","0","0","True","120","240","0","True","0","True","0","0","282487","-1","-1","-1","-1","-1","-1","-1","-1","-1","-1","-1","-1","-1","274956","-1","-1","-1","0","-1","True","0","0","0","True","True","0","0","0","True","0","0","0","True","True","0","0","0","True","0","0","0","0","0","0","0","0","1042"
"True","235619","True","True","1","True","0","0","0","True","240","240","0","True","0","True","0","0","282487","-1","-1","-1","-1","-1","-1","-1","-1","-1","-1","-1","-1","-1","274956","-1","-1","-1","0","-1","True","0","0","0","True","True","0","0","0","True","0","0","0","True","True","0","0","0","True","0","0","0","0","0","0","0","0","1043"
"True","235698","True","True","1","True","0","0","0","True","480","240","0","True","0","True","0","0","282487","-1","-1","-1","-1","-1","-1","-1","-1","-1","-1","-1","-1","-1","274956","-1","-1","-1","0","-1","True","0","0","0","True","True","0","0","0","True","0","0","0","True","True","0","0","0","True","0","0","0","0","0","0","0","0","1044"
"True","332073","True","True","1","True","0","0","0","True","360","240","0","True","0","True","0","0","282487","-1","-1","-1","-1","-1","-1","-1","-1","-1","-1","-1","-1","-1","274956","-1","-1","-1","0","-1","True","0","0","0","True","True","0","0","0","True","0","0","0","True","True","0","0","0","True","0","0","0","0","0","0","0","0","1045"
"True","340208","True","True","1","True","0","0","0","True","0","240","0","True","0","True","0","0","339468","-1","-1","-1","-1","-1","-1","-1","-1","-1","-1","-1","-1","-1","337943","-1","-1","-1","0","-1","True","0","0","0","True","True","0","0","0","True","0","0","0","True","True","0","0","0","True","0","0","0","0","0","0","0","0","1046"
"True","339208","True","True","1","True","0","0","0","True","0","480","0","True","0","True","0","0","339468","-1","-1","-1","-1","-1","-1","-1","-1","-1","-1","-1","-1","-1","337943","-1","-1","-1","0","-1","True","0","0","0","True","True","0","0","0","True","0","0","0","True","True","0","0","0","True","0","0","0","0","0","0","0","0","1047"
"True","340205","True","True","1","True","0","0","0","True","240","0","0","True","0","True","0","0","339468","-1","-1","-1","-1","-1","-1","-1","-1","-1","-1","-1","-1","-1","337943","-1","-1","-1","0","-1","True","0","0","0","True","True","0","0","0","True","0","0","0","True","True","0","0","0","True","0","0","0","0","0","0","0","0","1048"
"True","339205","True","True","1","True","0","0","0","True","240","240","0","True","0","True","0","0","339468","-1","-1","-1","-1","-1","-1","-1","-1","-1","-1","-1","-1","-1","337943","-1","-1","-1","0","-1","True","0","0","0","True","True","0","0","0","True","0","0","0","True","True","0","0","0","True","0","0","0","0","0","0","0","0","1049"
"True","339202","True","True","1","True","0","0","0","True","240","480","0","True","0","True","0","0","339468","-1","-1","-1","-1","-1","-1","-1","-1","-1","-1","-1","-1","-1","337943","-1","-1","-1","0","-1","True","0","0","0","True","True","0","0","0","True","0","0","0","True","True","0","0","0","True","0","0","0","0","0","0","0","0","1050"
"True","339211","True","True","1","True","0","0","0","True","480","0","0","True","0","True","0","0","339468","-1","-1","-1","-1","-1","-1","-1","-1","-1","-1","-1","-1","-1","337943","-1","-1","-1","0","-1","True","0","0","0","True","True","0","0","0","True","0","0","0","True","True","0","0","0","True","0","0","0","0","0","0","0","0","1051"
"True","339199","True","True","1","True","0","0","0","True","480","240","0","True","0","True","0","0","339468","-1","-1","-1","-1","-1","-1","-1","-1","-1","-1","-1","-1","-1","337943","-1","-1","-1","0","-1","True","0","0","0","True","True","0","0","0","True","0","0","0","True","True","0","0","0","True","0","0","0","0","0","0","0","0","1052"
"True","339214","True","True","1","True","0","0","0","True","480","480","0","True","0","True","0","0","339468","-1","-1","-1","-1","-1","-1","-1","-1","-1","-1","-1","-1","-1","337943","-1","-1","-1","0","-1","True","0","0","0","True","True","0","0","0","True","0","0","0","True","True","0","0","0","True","0","0","0","0","0","0","0","0","1053"
"True","291931","True","True","1","True","0","0","0","True","0","240","0","True","0","True","0","0","299453","-1","-1","-1","-1","-1","-1","-1","-1","-1","-1","-1","-1","-1","351448","-1","-1","-1","0","-1","True","0","0","0","True","True","0","0","0","True","0","0","0","True","True","0","0","0","True","0","0","0","0","0","0","0","0","1054"
"True","291928","True","True","1","True","0","0","0","True","0","480","0","True","0","True","0","0","299453","-1","-1","-1","-1","-1","-1","-1","-1","-1","-1","-1","-1","-1","351448","-1","-1","-1","0","-1","True","0","0","0","True","True","0","0","0","True","0","0","0","True","True","0","0","0","True","0","0","0","0","0","0","0","0","1055"
"True","291925","True","True","1","True","0","0","0","True","240","0","0","True","0","True","0","0","279169","-1","-1","-1","-1","-1","-1","-1","-1","-1","-1","-1","-1","-1","351448","-1","-1","-1","0","-1","True","0","0","0","True","True","0","0","0","True","0","0","0","True","True","0","0","0","True","0","0","0","0","0","0","0","0","1056"
"True","291922","True","True","1","True","0","0","0","True","240","240","0","True","0","True","0","0","279169","-1","-1","-1","-1","-1","-1","-1","-1","-1","-1","-1","-1","-1","351448","-1","-1","-1","0","-1","True","0","0","0","True","True","0","0","0","True","0","0","0","True","True","0","0","0","True","0","0","0","0","0","0","0","0","1057"
"True","291919","True","True","1","True","0","0","0","True","240","480","0","True","0","True","0","0","299453","-1","-1","-1","-1","-1","-1","-1","-1","-1","-1","-1","-1","-1","351448","-1","-1","-1","0","-1","True","0","0","0","True","True","0","0","0","True","0","0","0","True","True","0","0","0","True","0","0","0","0","0","0","0","0","1058"
"True","291938","True","True","1","True","0","0","0","True","480","0","0","True","0","True","0","0","299453","-1","-1","-1","-1","-1","-1","-1","-1","-1","-1","-1","-1","-1","351448","-1","-1","-1","0","-1","True","0","0","0","True","True","0","0","0","True","0","0","0","True","True","0","0","0","True","0","0","0","0","0","0","0","0","1059"
"True","291913","True","True","1","True","0","0","0","True","480","480","0","True","0","True","0","0","299453","-1","-1","-1","-1","-1","-1","-1","-1","-1","-1","-1","-1","-1","351448","-1","-1","-1","0","-1","True","0","0","0","True","True","0","0","0","True","0","0","0","True","True","0","0","0","True","0","0","0","0","0","0","0","0","1060"
"True","339695","True","True","1","True","0","0","0","True","480","720","0","True","0","True","0","0","299453","-1","-1","-1","-1","-1","-1","-1","-1","-1","-1","-1","-1","-1","351448","-1","-1","-1","0","-1","True","0","0","0","True","True","0","0","0","True","0","0","0","True","True","0","0","0","True","0","0","0","0","0","0","0","0","1061"
"True","339731","True","True","1","True","0","0","0","True","720","480","0","True","0","True","0","0","299453","-1","-1","-1","-1","-1","-1","-1","-1","-1","-1","-1","-1","-1","351448","-1","-1","-1","0","-1","True","0","0","0","True","True","0","0","0","True","0","0","0","True","True","0","0","0","True","0","0","0","0","0","0","0","0","1062"
"True","339728","True","True","1","True","0","0","0","True","720","720","0","True","0","True","0","0","299453","-1","-1","-1","-1","-1","-1","-1","-1","-1","-1","-1","-1","-1","351448","-1","-1","-1","0","-1","True","0","0","0","True","True","0","0","0","True","0","0","0","True","True","0","0","0","True","0","0","0","0","0","0","0","0","1063"
"True","352017","True","True","1","True","0","0","0","True","480","240","0","True","0","True","0","0","299453","-1","-1","-1","-1","-1","-1","-1","-1","-1","-1","-1","-1","-1","351448","-1","-1","-1","0","-1","True","0","0","0","True","True","0","0","0","True","0","0","0","True","True","0","0","0","True","0","0","0","0","0","0","0","0","1064"
"True","33336","True","True","1","True","0","0","0","True","0","0","0","True","0","True","0","0","332339","-1","-1","-1","-1","-1","-1","-1","-1","-1","-1","-1","-1","-1","360921","-1","-1","-1","0","-1","True","0","0","0","True","True","0","0","0","True","0","0","0","True","True","0","0","0","True","0","0","0","0","0","0","0","0","1065"
"True","356249","True","True","1","True","0","0","0","True","240","0","0","True","0","True","0","0","332339","-1","-1","-1","-1","-1","-1","-1","-1","-1","-1","-1","-1","-1","360921","-1","-1","-1","0","-1","True","0","0","0","True","True","0","0","0","True","0","0","0","True","True","0","0","0","True","0","0","0","0","0","0","0","0","1066"
"True","33338","True","True","1","True","0","0","0","True","480","0","0","True","0","True","0","0","332339","-1","-1","-1","-1","-1","-1","-1","-1","-1","-1","-1","-1","-1","360921","-1","-1","-1","0","-1","True","0","0","0","True","True","0","0","0","True","0","0","0","True","True","0","0","0","True","0","0","0","0","0","0","0","0","1067"
"True","1904","True","True","1","True","0","0","0","True","0","240","0","True","0","True","0","0","332339","-1","-1","-1","-1","-1","-1","-1","-1","-1","-1","-1","-1","-1","360921","-1","-1","-1","0","-1","True","0","0","0","True","True","0","0","0","True","0","0","0","True","True","0","0","0","True","0","0","0","0","0","0","0","0","1068"
"True","33342","True","True","1","True","0","0","0","True","240","240","0","True","0","True","0","0","332339","-1","-1","-1","-1","-1","-1","-1","-1","-1","-1","-1","-1","-1","360921","-1","-1","-1","0","-1","True","0","0","0","True","True","0","0","0","True","0","0","0","True","True","0","0","0","True","0","0","0","0","0","0","0","0","1069"
"True","33343","True","True","1","True","0","0","0","True","480","240","0","True","0","True","0","0","332339","-1","-1","-1","-1","-1","-1","-1","-1","-1","-1","-1","-1","-1","360921","-1","-1","-1","0","-1","True","0","0","0","True","True","0","0","0","True","0","0","0","True","True","0","0","0","True","0","0","0","0","0","0","0","0","1070"
"True","33347","True","True","1","True","0","0","0","True","0","480","0","True","0","True","0","0","332339","-1","-1","-1","-1","-1","-1","-1","-1","-1","-1","-1","-1","-1","360921","-1","-1","-1","0","-1","True","0","0","0","True","True","0","0","0","True","0","0","0","True","True","0","0","0","True","0","0","0","0","0","0","0","0","1071"
"True","33348","True","True","1","True","0","0","0","True","240","480","0","True","0","True","0","0","332339","-1","-1","-1","-1","-1","-1","-1","-1","-1","-1","-1","-1","-1","360921","-1","-1","-1","0","-1","True","0","0","0","True","True","0","0","0","True","0","0","0","True","True","0","0","0","True","0","0","0","0","0","0","0","0","1072"
"True","33349","True","True","1","True","0","0","0","True","480","480","0","True","0","True","0","0","332339","-1","-1","-1","-1","-1","-1","-1","-1","-1","-1","-1","-1","-1","360921","-1","-1","-1","0","-1","True","0","0","0","True","True","0","0","0","True","0","0","0","True","True","0","0","0","True","0","0","0","0","0","0","0","0","1073"
"True","33355","True","True","1","True","0","0","0","True","0","720","0","True","0","True","0","0","332339","-1","-1","-1","-1","-1","-1","-1","-1","-1","-1","-1","-1","-1","360921","-1","-1","-1","0","-1","True","0","0","0","True","True","0","0","0","True","0","0","0","True","True","0","0","0","True","0","0","0","0","0","0","0","0","1074"
"True","33356","True","True","1","True","0","0","0","True","240","720","0","True","0","True","0","0","332339","-1","-1","-1","-1","-1","-1","-1","-1","-1","-1","-1","-1","-1","360921","-1","-1","-1","0","-1","True","0","0","0","True","True","0","0","0","True","0","0","0","True","True","0","0","0","True","0","0","0","0","0","0","0","0","1075"
"True","33357","True","True","1","True","0","0","0","True","480","720","0","True","0","True","0","0","332339","-1","-1","-1","-1","-1","-1","-1","-1","-1","-1","-1","-1","-1","360921","-1","-1","-1","0","-1","True","0","0","0","True","True","0","0","0","True","0","0","0","True","True","0","0","0","True","0","0","0","0","0","0","0","0","1076"
"True","470668","True","True","1","True","0","0","0","True","0","0","0","True","0","True","0","0","415369","-1","-1","-1","-1","-1","-1","-1","-1","-1","-1","-1","-1","-1","470402","-1","-1","-1","0","-1","True","0","0","0","True","True","0","0","0","True","0","0","0","True","True","0","0","0","True","0","0","0","0","0","0","0","0","1077"
"True","470668","True","True","1","True","0","0","0","True","240","0","0","True","0","True","0","0","415369","-1","-1","-1","-1","-1","-1","-1","-1","-1","-1","-1","-1","-1","470402","-1","-1","-1","0","-1","True","0","0","0","True","True","0","0","0","True","0","0","0","True","True","0","0","0","True","0","0","0","0","0","0","0","0","1078"
"True","470668","True","True","1","True","0","0","0","True","480","0","0","True","0","True","0","0","415369","-1","-1","-1","-1","-1","-1","-1","-1","-1","-1","-1","-1","-1","470402","-1","-1","-1","0","-1","True","0","0","0","True","True","0","0","0","True","0","0","0","True","True","0","0","0","True","0","0","0","0","0","0","0","0","1079"
"True","470668","True","True","1","True","0","0","0","True","0","240","0","True","0","True","0","0","415369","-1","-1","-1","-1","-1","-1","-1","-1","-1","-1","-1","-1","-1","470402","-1","-1","-1","0","-1","True","0","0","0","True","True","0","0","0","True","0","0","0","True","True","0","0","0","True","0","0","0","0","0","0","0","0","1080"
"True","470125","True","True","1","True","0","0","0","True","240","240","0","True","0","True","0","0","415369","-1","-1","-1","-1","-1","-1","-1","-1","-1","-1","-1","-1","-1","470402","-1","-1","-1","0","-1","True","0","0","0","True","True","0","0","0","True","0","0","0","True","True","0","0","0","True","0","0","0","0","0","0","0","0","1081"
"True","470668","True","True","1","True","0","0","0","True","480","240","0","True","0","True","0","0","415369","-1","-1","-1","-1","-1","-1","-1","-1","-1","-1","-1","-1","-1","470402","-1","-1","-1","0","-1","True","0","0","0","True","True","0","0","0","True","0","0","0","True","True","0","0","0","True","0","0","0","0","0","0","0","0","1082"
"True","470668","True","True","1","True","0","0","0","True","0","480","0","True","0","True","0","0","415369","-1","-1","-1","-1","-1","-1","-1","-1","-1","-1","-1","-1","-1","470402","-1","-1","-1","0","-1","True","0","0","0","True","True","0","0","0","True","0","0","0","True","True","0","0","0","True","0","0","0","0","0","0","0","0","1083"
"True","470668","True","True","1","True","0","0","0","True","240","480","0","True","0","True","0","0","415369","-1","-1","-1","-1","-1","-1","-1","-1","-1","-1","-1","-1","-1","470402","-1","-1","-1","0","-1","True","0","0","0","True","True","0","0","0","True","0","0","0","True","True","0","0","0","True","0","0","0","0","0","0","0","0","1084"
"True","470668","True","True","1","True","0","0","0","True","480","480","0","True","0","True","0","0","415369","-1","-1","-1","-1","-1","-1","-1","-1","-1","-1","-1","-1","-1","470402","-1","-1","-1","0","-1","True","0","0","0","True","True","0","0","0","True","0","0","0","True","True","0","0","0","True","0","0","0","0","0","0","0","0","1085"
"True","356249","True","True","1","True","0","0","0","True","0","240","0","True","0","True","0","0","332339","-1","-1","-1","-1","-1","-1","-1","-1","-1","-1","-1","-1","-1","-1","-1","-1","-1","0","-1","True","0","0","0","True","True","0","0","0","True","0","0","0","True","True","0","0","0","True","0","0","0","0","0","0","0","0","1086"
"True","33342","True","True","1","True","0","0","0","True","240","240","0","True","0","True","0","0","332339","-1","-1","-1","-1","-1","-1","-1","-1","-1","-1","-1","-1","-1","-1","-1","-1","-1","0","-1","True","0","0","0","True","True","0","0","0","True","0","0","0","True","True","0","0","0","True","0","0","0","0","0","0","0","0","1087"
"True","33343","True","True","1","True","0","0","0","True","480","240","0","True","0","True","0","0","332339","-1","-1","-1","-1","-1","-1","-1","-1","-1","-1","-1","-1","-1","-1","-1","-1","-1","0","-1","True","0","0","0","True","True","0","0","0","True","0","0","0","True","True","0","0","0","True","0","0","0","0","0","0","0","0","1088"
"True","33347","True","True","1","True","0","0","0","True","0","480","0","True","0","True","0","0","332339","-1","-1","-1","-1","-1","-1","-1","-1","-1","-1","-1","-1","-1","-1","-1","-1","-1","0","-1","True","0","0","0","True","True","0","0","0","True","0","0","0","True","True","0","0","0","True","0","0","0","0","0","0","0","0","1089"
"True","414798","True","True","1","True","0","0","0","True","240","480","0","True","0","True","0","0","332339","-1","-1","-1","-1","-1","-1","-1","-1","-1","-1","-1","-1","-1","-1","-1","-1","-1","0","-1","True","0","0","0","True","True","0","0","0","True","0","0","0","True","True","0","0","0","True","0","0","0","0","0","0","0","0","1090"
"True","33349","True","True","1","True","0","0","0","True","480","480","0","True","0","True","0","0","332339","-1","-1","-1","-1","-1","-1","-1","-1","-1","-1","-1","-1","-1","-1","-1","-1","-1","0","-1","True","0","0","0","True","True","0","0","0","True","0","0","0","True","True","0","0","0","True","0","0","0","0","0","0","0","0","1091"
"True","78824","True","True","1","True","0","0","0","True","0","0","0","True","0","True","0","0","19776","-1","-1","-1","94676","-1","94672","78839","-1","90881","-1","-1","-1","-1","50467","-1","-1","-1","0","-1","True","0","0","0","True","True","0","0","0","True","0","0","0","True","True","0","0","0","True","0","0","0","0","0","0","0","0","1092"
"True","52682","True","True","1","True","0","0","0","True","240","0","0","True","0","True","0","0","19776","-1","-1","-1","94676","-1","94672","78839","-1","90881","-1","-1","-1","-1","50467","-1","-1","-1","0","-1","True","0","0","0","True","True","0","0","0","True","0","0","0","True","True","0","0","0","True","0","0","0","0","0","0","0","0","1093"
"True","30956","True","True","1","True","0","0","0","True","240","240","0","True","0","True","0","0","19776","-1","-1","-1","94676","-1","94672","78839","-1","90881","-1","-1","-1","-1","50467","-1","-1","-1","0","-1","True","0","0","0","True","True","0","0","0","True","0","0","0","True","True","0","0","0","True","0","0","0","0","0","0","0","0","1094"
"True","30927","True","True","1","True","0","0","0","True","240","-240","0","True","0","True","0","0","19776","-1","-1","-1","94676","-1","94672","78839","-1","90881","-1","-1","-1","-1","50467","-1","-1","-1","0","-1","True","0","0","0","True","True","0","0","0","True","0","0","0","True","True","0","0","0","True","0","0","0","0","0","0","0","0","1095"
"True","30944","True","True","1","True","0","0","0","True","480","0","0","True","0","True","0","0","19776","-1","-1","-1","94676","-1","94672","78839","-1","90881","-1","-1","-1","-1","50467","-1","-1","-1","0","-1","True","0","0","0","True","True","0","0","0","True","0","0","0","True","True","0","0","0","True","0","0","0","0","0","0","0","0","1096"
"True","30928","True","True","1","True","0","0","0","True","0","0","0","True","0","True","0","0","19775","-1","-1","-1","-1","-1","-1","-1","-1","-1","-1","-1","-1","-1","50467","-1","-1","-1","0","-1","True","0","0","0","True","True","0","0","0","True","0","0","0","True","True","0","0","0","True","0","0","0","0","0","0","0","0","1097"
"True","52681","True","True","1","True","0","0","0","True","0","240","0","True","0","True","0","0","19775","-1","-1","-1","-1","-1","-1","-1","-1","-1","-1","-1","-1","-1","50467","-1","-1","-1","0","-1","True","0","0","0","True","True","0","0","0","True","0","0","0","True","True","0","0","0","True","0","0","0","0","0","0","0","0","1098"
"True","30935","True","True","1","True","0","0","0","True","0","480","0","True","0","True","0","0","19775","-1","-1","-1","-1","-1","-1","-1","-1","-1","-1","-1","-1","-1","50467","-1","-1","-1","0","-1","True","0","0","0","True","True","0","0","0","True","0","0","0","True","True","0","0","0","True","0","0","0","0","0","0","0","0","1099"
"True","30944","True","True","1","True","0","0","0","True","240","480","0","True","0","True","0","0","19775","-1","-1","-1","-1","-1","-1","-1","-1","-1","-1","-1","-1","-1","50467","-1","-1","-1","0","-1","True","0","0","0","True","True","0","0","0","True","0","0","0","True","True","0","0","0","True","0","0","0","0","0","0","0","0","1100"
"True","30952","True","True","1","True","0","0","0","True","-240","480","0","True","0","True","0","0","19775","-1","-1","-1","-1","-1","-1","-1","-1","-1","-1","-1","-1","-1","50467","-1","-1","-1","0","-1","True","0","0","0","True","True","0","0","0","True","0","0","0","True","True","0","0","0","True","0","0","0","0","0","0","0","0","1101"
"True","80422","True","True","1","True","0","0","0","True","0","720","0","True","0","True","0","0","19775","-1","-1","-1","-1","-1","-1","-1","-1","-1","-1","-1","-1","-1","50467","-1","-1","-1","0","-1","True","0","0","0","True","True","0","0","0","True","0","0","0","True","True","0","0","0","True","0","0","0","0","0","0","0","0","1102"
"True","435768","True","True","1","True","0","0","0","True","0","0","0","True","0","True","0","0","428494","-1","-1","-1","-1","-1","-1","-1","-1","-1","143298","-1","164122","-1","-1","-1","-1","-1","0","-1","True","0","0","0","True","True","0","0","0","True","0","0","0","True","True","0","0","0","True","0","0","0","0","0","0","0","0","1103"
"True","435772","True","True","1","True","0","0","0","True","0","240","0","True","0","True","0","0","428494","-1","-1","-1","-1","-1","-1","-1","-1","-1","143298","-1","164122","-1","-1","-1","-1","-1","0","-1","True","0","0","0","True","True","0","0","0","True","0","0","0","True","True","0","0","0","True","0","0","0","0","0","0","0","0","1104"
"True","404319","True","True","1","True","0","0","0","True","0","-240","0","True","0","True","0","0","428494","-1","-1","-1","-1","-1","-1","-1","-1","-1","143298","-1","164122","-1","-1","-1","-1","-1","0","-1","True","0","0","0","True","True","0","0","0","True","0","0","0","True","True","0","0","0","True","0","0","0","0","0","0","0","0","1105"
"True","404398","True","True","1","True","0","0","0","True","-240","-240","0","True","0","True","0","0","428494","-1","-1","-1","-1","-1","-1","-1","-1","-1","143298","-1","164122","-1","-1","-1","-1","-1","0","-1","True","0","0","0","True","True","0","0","0","True","0","0","0","True","True","0","0","0","True","0","0","0","0","0","0","0","0","1106"
"True","404398","True","True","1","True","0","0","0","True","240","-240","0","True","0","True","0","0","428494","-1","-1","-1","-1","-1","-1","-1","-1","-1","143298","-1","164122","-1","-1","-1","-1","-1","0","-1","True","0","0","0","True","True","0","0","0","True","0","0","0","True","True","0","0","0","True","0","0","0","0","0","0","0","0","1107"
"True","405855","True","True","1","True","0","0","0","True","0","-480","0","True","0","True","0","0","428494","-1","-1","-1","-1","-1","-1","-1","-1","-1","143298","-1","164122","-1","-1","-1","-1","-1","0","-1","True","0","0","0","True","True","0","0","0","True","0","0","0","True","True","0","0","0","True","0","0","0","0","0","0","0","0","1108"
"True","455631","True","True","1","True","0","0","0","True","720","0","0","True","0","True","0","0","455466","-1","-1","-1","-1","-1","-1","-1","-1","-1","-1","-1","-1","-1","470402","-1","-1","-1","0","-1","True","0","0","0","True","True","0","0","0","True","0","0","0","True","True","0","0","0","True","0","0","0","0","0","0","0","0","1109"
"True","455641","True","True","1","True","0","0","0","True","960","0","0","True","0","True","0","0","455466","-1","-1","-1","-1","-1","-1","-1","-1","-1","-1","-1","-1","-1","470402","-1","-1","-1","0","-1","True","0","0","0","True","True","0","0","0","True","0","0","0","True","True","0","0","0","True","0","0","0","0","0","0","0","0","1110"
"True","455521","True","True","1","True","0","0","0","True","240","240","0","True","0","True","0","0","455466","-1","-1","-1","-1","-1","-1","-1","-1","-1","-1","-1","-1","-1","470402","-1","-1","-1","0","-1","True","0","0","0","True","True","0","0","0","True","0","0","0","True","True","0","0","0","True","0","0","0","0","0","0","0","0","1111"
"True","455519","True","True","1","True","0","0","0","True","480","240","0","True","0","True","0","0","455466","-1","-1","-1","-1","-1","-1","-1","-1","-1","-1","-1","-1","-1","470402","-1","-1","-1","0","-1","True","0","0","0","True","True","0","0","0","True","0","0","0","True","True","0","0","0","True","0","0","0","0","0","0","0","0","1112"
"True","455506","True","True","1","True","0","0","0","True","720","240","0","True","0","True","0","0","455466","-1","-1","-1","-1","-1","-1","-1","-1","-1","-1","-1","-1","-1","470402","-1","-1","-1","0","-1","True","0","0","0","True","True","0","0","0","True","0","0","0","True","True","0","0","0","True","0","0","0","0","0","0","0","0","1113"
"True","455503","True","True","1","True","0","0","0","True","960","240","0","True","0","True","0","0","455466","-1","-1","-1","-1","-1","-1","-1","-1","-1","-1","-1","-1","-1","470402","-1","-1","-1","0","-1","True","0","0","0","True","True","0","0","0","True","0","0","0","True","True","0","0","0","True","0","0","0","0","0","0","0","0","1114"
"True","455522","True","True","1","True","0","0","0","True","240","480","0","True","0","True","0","0","455466","-1","-1","-1","-1","-1","-1","-1","-1","-1","-1","-1","-1","-1","470402","-1","-1","-1","0","-1","True","0","0","0","True","True","0","0","0","True","0","0","0","True","True","0","0","0","True","0","0","0","0","0","0","0","0","1115"
"True","459239","True","True","1","True","0","0","0","True","0","480","0","True","0","True","0","0","455466","-1","-1","-1","-1","-1","-1","-1","-1","-1","-1","-1","-1","-1","470402","-1","-1","-1","0","-1","True","0","0","0","True","True","0","0","0","True","0","0","0","True","True","0","0","0","True","0","0","0","0","0","0","0","0","1116"
"True","455520","True","True","1","True","0","0","0","True","480","480","0","True","0","True","0","0","455466","-1","-1","-1","-1","-1","-1","-1","-1","-1","-1","-1","-1","-1","470402","-1","-1","-1","0","-1","True","0","0","0","True","True","0","0","0","True","0","0","0","True","True","0","0","0","True","0","0","0","0","0","0","0","0","1117"
"True","455505","True","True","1","True","0","0","0","True","720","480","0","True","0","True","0","0","455466","-1","-1","-1","-1","-1","-1","-1","-1","-1","-1","-1","-1","-1","470402","-1","-1","-1","0","-1","True","0","0","0","True","True","0","0","0","True","0","0","0","True","True","0","0","0","True","0","0","0","0","0","0","0","0","1118"
"True","455504","True","True","1","True","0","0","0","True","960","480","0","True","0","True","0","0","455466","-1","-1","-1","-1","-1","-1","-1","-1","-1","-1","-1","-1","-1","470402","-1","-1","-1","0","-1","True","0","0","0","True","True","0","0","0","True","0","0","0","True","True","0","0","0","True","0","0","0","0","0","0","0","0","1119"
"True","31004","True","True","1","True","0","0","0","True","0","0","0","True","0","True","0","0","19791","-1","-1","-1","-1","-1","-1","-1","-1","-1","-1","-1","-1","-1","-1","-1","-1","-1","0","-1","True","0","0","0","True","True","0","0","0","True","0","0","0","True","True","0","0","0","True","0","0","0","0","0","0","0","0","1120"
"True","31004","True","True","1","True","0","0","0","True","120","0","0","True","0","True","0","0","19791","-1","-1","-1","-1","-1","-1","-1","-1","-1","-1","-1","-1","-1","-1","-1","-1","-1","0","-1","True","0","0","0","True","True","0","0","0","True","0","0","0","True","True","0","0","0","True","0","0","0","0","0","0","0","0","1121"
"True","31004","True","True","1","True","0","0","0","True","240","0","0","True","0","True","0","0","19791","-1","-1","-1","-1","-1","-1","-1","-1","-1","-1","-1","-1","-1","-1","-1","-1","-1","0","-1","True","0","0","0","True","True","0","0","0","True","0","0","0","True","True","0","0","0","True","0","0","0","0","0","0","0","0","1122"
"True","31004","True","True","1","True","0","0","0","True","360","0","0","True","0","True","0","0","19791","-1","-1","-1","-1","-1","-1","-1","-1","-1","-1","-1","-1","-1","-1","-1","-1","-1","0","-1","True","0","0","0","True","True","0","0","0","True","0","0","0","True","True","0","0","0","True","0","0","0","0","0","0","0","0","1123"
"True","31004","True","True","1","True","0","0","0","True","0","120","0","True","0","True","0","0","19791","-1","-1","-1","-1","-1","-1","-1","-1","-1","-1","-1","-1","-1","-1","-1","-1","-1","0","-1","True","0","0","0","True","True","0","0","0","True","0","0","0","True","True","0","0","0","True","0","0","0","0","0","0","0","0","1124"
"True","31035","True","True","1","True","0","0","0","True","120","120","0","True","0","True","0","0","19791","-1","-1","-1","-1","-1","-1","-1","-1","-1","-1","-1","-1","-1","-1","-1","-1","-1","0","-1","True","0","0","0","True","True","0","0","0","True","0","0","0","True","True","0","0","0","True","0","0","0","0","0","0","0","0","1125"
"True","31020","True","True","1","True","0","0","0","True","240","120","0","True","0","True","0","0","19791","-1","-1","-1","-1","-1","-1","-1","-1","-1","-1","-1","-1","-1","-1","-1","-1","-1","0","-1","True","0","0","0","True","True","0","0","0","True","0","0","0","True","True","0","0","0","True","0","0","0","0","0","0","0","0","1126"
"True","31026","True","True","1","True","0","0","0","True","360","120","0","True","0","True","0","0","19791","-1","-1","-1","-1","-1","-1","-1","-1","-1","-1","-1","-1","-1","-1","-1","-1","-1","0","-1","True","0","0","0","True","True","0","0","0","True","0","0","0","True","True","0","0","0","True","0","0","0","0","0","0","0","0","1127"
"True","31004","True","True","1","True","0","0","0","True","0","240","0","True","0","True","0","0","19791","-1","-1","-1","-1","-1","-1","-1","-1","-1","-1","-1","-1","-1","-1","-1","-1","-1","0","-1","True","0","0","0","True","True","0","0","0","True","0","0","0","True","True","0","0","0","True","0","0","0","0","0","0","0","0","1128"
"True","31004","True","True","1","True","0","0","0","True","120","240","0","True","0","True","0","0","19791","-1","-1","-1","-1","-1","-1","-1","-1","-1","-1","-1","-1","-1","-1","-1","-1","-1","0","-1","True","0","0","0","True","True","0","0","0","True","0","0","0","True","True","0","0","0","True","0","0","0","0","0","0","0","0","1129"
"True","31007","True","True","1","True","0","0","0","True","240","240","0","True","0","True","0","0","19791","-1","-1","-1","-1","-1","-1","-1","-1","-1","-1","-1","-1","-1","-1","-1","-1","-1","0","-1","True","0","0","0","True","True","0","0","0","True","0","0","0","True","True","0","0","0","True","0","0","0","0","0","0","0","0","1130"
"True","31004","True","True","1","True","0","0","0","True","360","240","0","True","0","True","0","0","19791","-1","-1","-1","-1","-1","-1","-1","-1","-1","-1","-1","-1","-1","-1","-1","-1","-1","0","-1","True","0","0","0","True","True","0","0","0","True","0","0","0","True","True","0","0","0","True","0","0","0","0","0","0","0","0","1131"
"True","31004","True","True","1","True","0","0","0","True","0","360","0","True","0","True","0","0","19791","-1","-1","-1","-1","-1","-1","-1","-1","-1","-1","-1","-1","-1","-1","-1","-1","-1","0","-1","True","0","0","0","True","True","0","0","0","True","0","0","0","True","True","0","0","0","True","0","0","0","0","0","0","0","0","1132"
"True","31004","True","True","1","True","0","0","0","True","120","360","0","True","0","True","0","0","19791","-1","-1","-1","-1","-1","-1","-1","-1","-1","-1","-1","-1","-1","-1","-1","-1","-1","0","-1","True","0","0","0","True","True","0","0","0","True","0","0","0","True","True","0","0","0","True","0","0","0","0","0","0","0","0","1133"
"True","31007","True","True","1","True","0","0","0","True","240","360","0","True","0","True","0","0","19791","-1","-1","-1","-1","-1","-1","-1","-1","-1","-1","-1","-1","-1","-1","-1","-1","-1","0","-1","True","0","0","0","True","True","0","0","0","True","0","0","0","True","True","0","0","0","True","0","0","0","0","0","0","0","0","1134"
"True","31004","True","True","1","True","0","0","0","True","360","360","0","True","0","True","0","0","19791","-1","-1","-1","-1","-1","-1","-1","-1","-1","-1","-1","-1","-1","-1","-1","-1","-1","0","-1","True","0","0","0","True","True","0","0","0","True","0","0","0","True","True","0","0","0","True","0","0","0","0","0","0","0","0","1135"
"True","31004","True","True","1","True","0","0","0","True","0","480","0","True","0","True","0","0","19791","-1","-1","-1","-1","-1","-1","-1","-1","-1","-1","-1","-1","-1","-1","-1","-1","-1","0","-1","True","0","0","0","True","True","0","0","0","True","0","0","0","True","True","0","0","0","True","0","0","0","0","0","0","0","0","1136"
"True","31034","True","True","1","True","0","0","0","True","120","480","0","True","0","True","0","0","19791","-1","-1","-1","-1","-1","-1","-1","-1","-1","-1","-1","-1","-1","-1","-1","-1","-1","0","-1","True","0","0","0","True","True","0","0","0","True","0","0","0","True","True","0","0","0","True","0","0","0","0","0","0","0","0","1137"
"True","31017","True","True","1","True","0","0","0","True","240","480","0","True","0","True","0","0","19791","-1","-1","-1","-1","-1","-1","-1","-1","-1","-1","-1","-1","-1","-1","-1","-1","-1","0","-1","True","0","0","0","True","True","0","0","0","True","0","0","0","True","True","0","0","0","True","0","0","0","0","0","0","0","0","1138"
"True","31023","True","True","1","True","0","0","0","True","360","480","0","True","0","True","0","0","19791","-1","-1","-1","-1","-1","-1","-1","-1","-1","-1","-1","-1","-1","-1","-1","-1","-1","0","-1","True","0","0","0","True","True","0","0","0","True","0","0","0","True","True","0","0","0","True","0","0","0","0","0","0","0","0","1139"
"True","31013","True","True","1","True","0","0","0","True","480","480","0","True","0","True","0","0","19791","-1","-1","-1","-1","-1","-1","-1","-1","-1","-1","-1","-1","-1","-1","-1","-1","-1","0","-1","True","0","0","0","True","True","0","0","0","True","0","0","0","True","True","0","0","0","True","0","0","0","0","0","0","0","0","1140"
"True","31004","True","True","1","True","0","0","0","True","480","360","0","True","0","True","0","0","19791","-1","-1","-1","-1","-1","-1","-1","-1","-1","-1","-1","-1","-1","-1","-1","-1","-1","0","-1","True","0","0","0","True","True","0","0","0","True","0","0","0","True","True","0","0","0","True","0","0","0","0","0","0","0","0","1141"
"True","31004","True","True","1","True","0","0","0","True","600","360","0","True","0","True","0","0","19791","-1","-1","-1","-1","-1","-1","-1","-1","-1","-1","-1","-1","-1","-1","-1","-1","-1","0","-1","True","0","0","0","True","True","0","0","0","True","0","0","0","True","True","0","0","0","True","0","0","0","0","0","0","0","0","1142"
"True","31004","True","True","1","True","0","0","0","True","600","480","0","True","0","True","0","0","19791","-1","-1","-1","-1","-1","-1","-1","-1","-1","-1","-1","-1","-1","-1","-1","-1","-1","0","-1","True","0","0","0","True","True","0","0","0","True","0","0","0","True","True","0","0","0","True","0","0","0","0","0","0","0","0","1143"
"True","31004","True","True","1","True","0","0","0","True","0","600","0","True","0","True","0","0","19791","-1","-1","-1","-1","-1","-1","-1","-1","-1","-1","-1","-1","-1","-1","-1","-1","-1","0","-1","True","0","0","0","True","True","0","0","0","True","0","0","0","True","True","0","0","0","True","0","0","0","0","0","0","0","0","1144"
"True","31004","True","True","1","True","0","0","0","True","120","600","0","True","0","True","0","0","19791","-1","-1","-1","-1","-1","-1","-1","-1","-1","-1","-1","-1","-1","-1","-1","-1","-1","0","-1","True","0","0","0","True","True","0","0","0","True","0","0","0","True","True","0","0","0","True","0","0","0","0","0","0","0","0","1145"
"True","31033","True","True","1","True","0","0","0","True","240","600","0","True","0","True","0","0","19791","-1","-1","-1","-1","-1","-1","-1","-1","-1","-1","-1","-1","-1","-1","-1","-1","-1","0","-1","True","0","0","0","True","True","0","0","0","True","0","0","0","True","True","0","0","0","True","0","0","0","0","0","0","0","0","1146"
"True","31020","True","True","1","True","0","0","0","True","360","600","0","True","0","True","0","0","19791","-1","-1","-1","-1","-1","-1","-1","-1","-1","-1","-1","-1","-1","-1","-1","-1","-1","0","-1","True","0","0","0","True","True","0","0","0","True","0","0","0","True","True","0","0","0","True","0","0","0","0","0","0","0","0","1147"
"True","31025","True","True","1","True","0","0","0","True","480","600","0","True","0","True","0","0","19791","-1","-1","-1","-1","-1","-1","-1","-1","-1","-1","-1","-1","-1","-1","-1","-1","-1","0","-1","True","0","0","0","True","True","0","0","0","True","0","0","0","True","True","0","0","0","True","0","0","0","0","0","0","0","0","1148"
"True","31004","True","True","1","True","0","0","0","True","600","600","0","True","0","True","0","0","19791","-1","-1","-1","-1","-1","-1","-1","-1","-1","-1","-1","-1","-1","-1","-1","-1","-1","0","-1","True","0","0","0","True","True","0","0","0","True","0","0","0","True","True","0","0","0","True","0","0","0","0","0","0","0","0","1149"
"True","31004","True","True","1","True","0","0","0","True","0","720","0","True","0","True","0","0","19791","-1","-1","-1","-1","-1","-1","-1","-1","-1","-1","-1","-1","-1","-1","-1","-1","-1","0","-1","True","0","0","0","True","True","0","0","0","True","0","0","0","True","True","0","0","0","True","0","0","0","0","0","0","0","0","1150"
"True","31004","True","True","1","True","0","0","0","True","120","720","0","True","0","True","0","0","19791","-1","-1","-1","-1","-1","-1","-1","-1","-1","-1","-1","-1","-1","-1","-1","-1","-1","0","-1","True","0","0","0","True","True","0","0","0","True","0","0","0","True","True","0","0","0","True","0","0","0","0","0","0","0","0","1151"
"True","31004","True","True","1","True","0","0","0","True","240","720","0","True","0","True","0","0","19791","-1","-1","-1","-1","-1","-1","-1","-1","-1","-1","-1","-1","-1","-1","-1","-1","-1","0","-1","True","0","0","0","True","True","0","0","0","True","0","0","0","True","True","0","0","0","True","0","0","0","0","0","0","0","0","1152"
"True","174057","True","True","1","True","0","0","0","True","360","720","0","True","0","True","0","0","19791","-1","-1","-1","-1","-1","-1","-1","-1","-1","-1","-1","-1","-1","-1","-1","-1","-1","0","-1","True","0","0","0","True","True","0","0","0","True","0","0","0","True","True","0","0","0","True","0","0","0","0","0","0","0","0","1153"
"True","53759","True","True","1","True","0","0","0","True","480","720","0","True","0","True","0","0","19791","-1","-1","-1","-1","-1","-1","-1","-1","-1","-1","-1","-1","-1","-1","-1","-1","-1","0","-1","True","0","0","0","True","True","0","0","0","True","0","0","0","True","True","0","0","0","True","0","0","0","0","0","0","0","0","1154"
"True","31084","True","True","1","True","0","0","0","True","0","0","0","True","0","True","0","0","61632","-1","-1","-1","-1","-1","-1","-1","-1","-1","-1","-1","-1","-1","50476","-1","-1","-1","0","-1","True","0","0","0","True","True","0","0","0","True","0","0","0","True","True","0","0","0","True","0","0","0","0","0","0","0","0","1155"
"True","31084","True","True","1","True","0","0","0","True","200","0","0","True","0","True","0","0","61632","-1","-1","-1","-1","-1","-1","-1","-1","-1","-1","-1","-1","-1","50476","-1","-1","-1","0","-1","True","0","0","0","True","True","0","0","0","True","0","0","0","True","True","0","0","0","True","0","0","0","0","0","0","0","0","1156"
"True","31084","True","True","1","True","0","0","0","True","400","0","0","True","0","True","0","0","61632","-1","-1","-1","-1","-1","-1","-1","-1","-1","-1","-1","-1","-1","50476","-1","-1","-1","0","-1","True","0","0","0","True","True","0","0","0","True","0","0","0","True","True","0","0","0","True","0","0","0","0","0","0","0","0","1157"
"True","31084","True","True","1","True","0","0","0","True","600","0","0","True","0","True","0","0","61632","-1","-1","-1","-1","-1","-1","-1","-1","-1","-1","-1","-1","-1","50476","-1","-1","-1","0","-1","True","0","0","0","True","True","0","0","0","True","0","0","0","True","True","0","0","0","True","0","0","0","0","0","0","0","0","1158"
"True","31084","True","True","1","True","0","0","0","True","800","0","0","True","0","True","0","0","61632","-1","-1","-1","-1","-1","-1","-1","-1","-1","-1","-1","-1","-1","50476","-1","-1","-1","0","-1","True","0","0","0","True","True","0","0","0","True","0","0","0","True","True","0","0","0","True","0","0","0","0","0","0","0","0","1159"
"True","31084","True","True","1","True","0","0","0","True","1000","0","0","True","0","True","0","0","61632","-1","-1","-1","-1","-1","-1","-1","-1","-1","-1","-1","-1","-1","50476","-1","-1","-1","0","-1","True","0","0","0","True","True","0","0","0","True","0","0","0","True","True","0","0","0","True","0","0","0","0","0","0","0","0","1160"
"True","31084","True","True","1","True","0","0","0","True","1200","0","0","True","0","True","0","0","61632","-1","-1","-1","-1","-1","-1","-1","-1","-1","-1","-1","-1","-1","50476","-1","-1","-1","0","-1","True","0","0","0","True","True","0","0","0","True","0","0","0","True","True","0","0","0","True","0","0","0","0","0","0","0","0","1161"
"True","31084","True","True","1","True","0","0","0","True","0","200","0","True","0","True","0","0","61632","-1","-1","-1","-1","-1","-1","-1","-1","-1","-1","-1","-1","-1","50476","-1","-1","-1","0","-1","True","0","0","0","True","True","0","0","0","True","0","0","0","True","True","0","0","0","True","0","0","0","0","0","0","0","0","1162"
"True","31084","True","True","1","True","0","0","0","True","200","200","0","True","0","True","0","0","61632","-1","-1","-1","-1","-1","-1","-1","-1","-1","-1","-1","-1","-1","50476","-1","-1","-1","0","-1","True","0","0","0","True","True","0","0","0","True","0","0","0","True","True","0","0","0","True","0","0","0","0","0","0","0","0","1163"
"True","31100","True","True","1","True","0","0","0","True","400","200","0","True","0","True","0","0","61632","-1","-1","-1","-1","-1","-1","-1","-1","-1","-1","-1","-1","-1","50476","-1","-1","-1","0","-1","True","0","0","0","True","True","0","0","0","True","0","0","0","True","True","0","0","0","True","0","0","0","0","0","0","0","0","1164"
"True","31091","True","True","1","True","0","0","0","True","600","200","0","True","0","True","0","0","61632","-1","-1","-1","-1","-1","-1","-1","-1","-1","-1","-1","-1","-1","50476","-1","-1","-1","0","-1","True","0","0","0","True","True","0","0","0","True","0","0","0","True","True","0","0","0","True","0","0","0","0","0","0","0","0","1165"
"True","31091","True","True","1","True","0","0","0","True","800","200","0","True","0","True","0","0","61632","-1","-1","-1","-1","-1","-1","-1","-1","-1","-1","-1","-1","-1","50476","-1","-1","-1","0","-1","True","0","0","0","True","True","0","0","0","True","0","0","0","True","True","0","0","0","True","0","0","0","0","0","0","0","0","1166"
"True","184809","True","True","1","True","0","0","0","True","1000","200","0","True","0","True","0","0","61632","-1","-1","-1","-1","-1","-1","-1","-1","-1","-1","-1","-1","-1","50476","-1","-1","-1","0","-1","True","0","0","0","True","True","0","0","0","True","0","0","0","True","True","0","0","0","True","0","0","0","0","0","0","0","0","1167"
"True","31084","True","True","1","True","0","0","0","True","1200","200","0","True","0","True","0","0","61632","-1","-1","-1","-1","-1","-1","-1","-1","-1","-1","-1","-1","-1","50476","-1","-1","-1","0","-1","True","0","0","0","True","True","0","0","0","True","0","0","0","True","True","0","0","0","True","0","0","0","0","0","0","0","0","1168"
"True","31084","True","True","1","True","0","0","0","True","0","400","0","True","0","True","0","0","61632","-1","-1","-1","-1","-1","-1","-1","-1","-1","-1","-1","-1","-1","50476","-1","-1","-1","0","-1","True","0","0","0","True","True","0","0","0","True","0","0","0","True","True","0","0","0","True","0","0","0","0","0","0","0","0","1169"
"True","31084","True","True","1","True","0","0","0","True","200","400","0","True","0","True","0","0","61632","-1","-1","-1","-1","-1","-1","-1","-1","-1","-1","-1","-1","-1","50476","-1","-1","-1","0","-1","True","0","0","0","True","True","0","0","0","True","0","0","0","True","True","0","0","0","True","0","0","0","0","0","0","0","0","1170"
"True","31084","True","True","1","True","0","0","0","True","400","400","0","True","0","True","0","0","61632","-1","-1","-1","-1","-1","-1","-1","-1","-1","-1","-1","-1","-1","50476","-1","-1","-1","0","-1","True","0","0","0","True","True","0","0","0","True","0","0","0","True","True","0","0","0","True","0","0","0","0","0","0","0","0","1171"
"True","31084","True","True","1","True","0","0","0","True","600","400","0","True","0","True","0","0","61632","-1","-1","-1","-1","-1","-1","-1","-1","-1","-1","-1","-1","-1","50476","-1","-1","-1","0","-1","True","0","0","0","True","True","0","0","0","True","0","0","0","True","True","0","0","0","True","0","0","0","0","0","0","0","0","1172"
"True","31084","True","True","1","True","0","0","0","True","800","400","0","True","0","True","0","0","61632","-1","-1","-1","-1","-1","-1","-1","-1","-1","-1","-1","-1","-1","50476","-1","-1","-1","0","-1","True","0","0","0","True","True","0","0","0","True","0","0","0","True","True","0","0","0","True","0","0","0","0","0","0","0","0","1173"
"True","31084","True","True","1","True","0","0","0","True","1000","400","0","True","0","True","0","0","61632","-1","-1","-1","-1","-1","-1","-1","-1","-1","-1","-1","-1","-1","50476","-1","-1","-1","0","-1","True","0","0","0","True","True","0","0","0","True","0","0","0","True","True","0","0","0","True","0","0","0","0","0","0","0","0","1174"
"True","31084","True","True","1","True","0","0","0","True","1200","400","0","True","0","True","0","0","61632","-1","-1","-1","-1","-1","-1","-1","-1","-1","-1","-1","-1","-1","50476","-1","-1","-1","0","-1","True","0","0","0","True","True","0","0","0","True","0","0","0","True","True","0","0","0","True","0","0","0","0","0","0","0","0","1175"
"True","118312","True","True","1","True","0","0","0","True","0","0","0","True","0","True","0","0","86080","-1","-1","-1","-1","-1","-1","-1","-1","-1","-1","-1","-1","-1","-1","-1","-1","-1","0","-1","True","0","0","0","True","True","0","0","0","True","0","0","0","True","True","0","0","0","True","0","0","0","0","0","0","0","0","1176"
"True","118309","True","True","1","True","0","0","0","True","0","240","0","True","0","True","0","0","86080","-1","-1","-1","-1","-1","-1","-1","-1","-1","-1","-1","-1","-1","-1","-1","-1","-1","0","-1","True","0","0","0","True","True","0","0","0","True","0","0","0","True","True","0","0","0","True","0","0","0","0","0","0","0","0","1177"
"True","148105","True","True","1","True","0","0","0","True","0","960","0","True","0","True","0","0","86080","-1","-1","-1","-1","-1","-1","-1","-1","-1","-1","-1","-1","-1","-1","-1","-1","-1","0","-1","True","0","0","0","True","True","0","0","0","True","0","0","0","True","True","0","0","0","True","0","0","0","0","0","0","0","0","1178"
"True","148100","True","True","1","True","0","0","0","True","0","1200","0","True","0","True","0","0","86080","-1","-1","-1","-1","-1","-1","-1","-1","-1","-1","-1","-1","-1","-1","-1","-1","-1","0","-1","True","0","0","0","True","True","0","0","0","True","0","0","0","True","True","0","0","0","True","0","0","0","0","0","0","0","0","1179"
"True","118315","True","True","1","True","0","0","0","True","240","0","0","True","0","True","0","0","86080","-1","-1","-1","-1","-1","-1","-1","-1","-1","-1","-1","-1","-1","-1","-1","-1","-1","0","-1","True","0","0","0","True","True","0","0","0","True","0","0","0","True","True","0","0","0","True","0","0","0","0","0","0","0","0","1180"
"True","118318","True","True","1","True","0","0","0","True","240","240","0","True","0","True","0","0","86080","-1","-1","-1","-1","-1","-1","-1","-1","-1","-1","-1","-1","-1","-1","-1","-1","-1","0","-1","True","0","0","0","True","True","0","0","0","True","0","0","0","True","True","0","0","0","True","0","0","0","0","0","0","0","0","1181"
"True","148095","True","True","1","True","0","0","0","True","240","960","0","True","0","True","0","0","86080","-1","-1","-1","-1","-1","-1","-1","-1","-1","-1","-1","-1","-1","-1","-1","-1","-1","0","-1","True","0","0","0","True","True","0","0","0","True","0","0","0","True","True","0","0","0","True","0","0","0","0","0","0","0","0","1182"
"True","148089","True","True","1","True","0","0","0","True","240","1200","0","True","0","True","0","0","86080","-1","-1","-1","-1","-1","-1","-1","-1","-1","-1","-1","-1","-1","-1","-1","-1","-1","0","-1","True","0","0","0","True","True","0","0","0","True","0","0","0","True","True","0","0","0","True","0","0","0","0","0","0","0","0","1183"
"True","115458","True","True","1","True","0","0","0","True","480","0","0","True","0","True","0","0","86080","-1","-1","-1","-1","-1","-1","-1","-1","-1","-1","-1","-1","-1","-1","-1","-1","-1","0","-1","True","0","0","0","True","True","0","0","0","True","0","0","0","True","True","0","0","0","True","0","0","0","0","0","0","0","0","1184"
"True","115454","True","True","1","True","0","0","0","True","480","240","0","True","0","True","0","0","86080","-1","-1","-1","-1","-1","-1","-1","-1","-1","-1","-1","-1","-1","-1","-1","-1","-1","0","-1","True","0","0","0","True","True","0","0","0","True","0","0","0","True","True","0","0","0","True","0","0","0","0","0","0","0","0","1185"
"True","116329","True","True","1","True","0","0","0","True","480","480","0","True","0","True","0","0","86080","-1","-1","-1","-1","-1","-1","-1","-1","-1","-1","-1","-1","-1","-1","-1","-1","-1","0","-1","True","0","0","0","True","True","0","0","0","True","0","0","0","True","True","0","0","0","True","0","0","0","0","0","0","0","0","1186"
"True","116325","True","True","1","True","0","0","0","True","480","720","0","True","0","True","0","0","86080","-1","-1","-1","-1","-1","-1","-1","-1","-1","-1","-1","-1","-1","-1","-1","-1","-1","0","-1","True","0","0","0","True","True","0","0","0","True","0","0","0","True","True","0","0","0","True","0","0","0","0","0","0","0","0","1187"
"True","107263","True","True","1","True","0","0","0","True","480","960","0","True","0","True","0","0","86080","-1","-1","-1","-1","-1","-1","-1","-1","-1","-1","-1","-1","-1","-1","-1","-1","-1","0","-1","True","0","0","0","True","True","0","0","0","True","0","0","0","True","True","0","0","0","True","0","0","0","0","0","0","0","0","1188"
"True","107258","True","True","1","True","0","0","0","True","480","1200","0","True","0","True","0","0","86080","-1","-1","-1","-1","-1","-1","-1","-1","-1","-1","-1","-1","-1","-1","-1","-1","-1","0","-1","True","0","0","0","True","True","0","0","0","True","0","0","0","True","True","0","0","0","True","0","0","0","0","0","0","0","0","1189"
"True","115450","True","True","1","True","0","0","0","True","720","0","0","True","0","True","0","0","86080","-1","-1","-1","-1","-1","-1","-1","-1","-1","-1","-1","-1","-1","-1","-1","-1","-1","0","-1","True","0","0","0","True","True","0","0","0","True","0","0","0","True","True","0","0","0","True","0","0","0","0","0","0","0","0","1190"
"True","115462","True","True","1","True","0","0","0","True","720","240","0","True","0","True","0","0","86080","-1","-1","-1","-1","-1","-1","-1","-1","-1","-1","-1","-1","-1","-1","-1","-1","-1","0","-1","True","0","0","0","True","True","0","0","0","True","0","0","0","True","True","0","0","0","True","0","0","0","0","0","0","0","0","1191"
"True","116321","True","True","1","True","0","0","0","True","720","480","0","True","0","True","0","0","86080","-1","-1","-1","-1","-1","-1","-1","-1","-1","-1","-1","-1","-1","-1","-1","-1","-1","0","-1","True","0","0","0","True","True","0","0","0","True","0","0","0","True","True","0","0","0","True","0","0","0","0","0","0","0","0","1192"
"True","116333","True","True","1","True","0","0","0","True","720","720","0","True","0","True","0","0","86080","-1","-1","-1","-1","-1","-1","-1","-1","-1","-1","-1","-1","-1","-1","-1","-1","-1","0","-1","True","0","0","0","True","True","0","0","0","True","0","0","0","True","True","0","0","0","True","0","0","0","0","0","0","0","0","1193"
"True","107253","True","True","1","True","0","0","0","True","720","960","0","True","0","True","0","0","86080","-1","-1","-1","-1","-1","-1","-1","-1","-1","-1","-1","-1","-1","-1","-1","-1","-1","0","-1","True","0","0","0","True","True","0","0","0","True","0","0","0","True","True","0","0","0","True","0","0","0","0","0","0","0","0","1194"
"True","107248","True","True","1","True","0","0","0","True","720","1200","0","True","0","True","0","0","86080","-1","-1","-1","-1","-1","-1","-1","-1","-1","-1","-1","-1","-1","-1","-1","-1","-1","0","-1","True","0","0","0","True","True","0","0","0","True","0","0","0","True","True","0","0","0","True","0","0","0","0","0","0","0","0","1195"
"True","142387","True","True","1","True","0","0","0","True","960","0","0","True","0","True","0","0","86080","-1","-1","-1","-1","-1","-1","-1","-1","-1","-1","-1","-1","-1","-1","-1","-1","-1","0","-1","True","0","0","0","True","True","0","0","0","True","0","0","0","True","True","0","0","0","True","0","0","0","0","0","0","0","0","1196"
"True","142380","True","True","1","True","0","0","0","True","960","240","0","True","0","True","0","0","86080","-1","-1","-1","-1","-1","-1","-1","-1","-1","-1","-1","-1","-1","-1","-1","-1","-1","0","-1","True","0","0","0","True","True","0","0","0","True","0","0","0","True","True","0","0","0","True","0","0","0","0","0","0","0","0","1197"
"True","142375","True","True","1","True","0","0","0","True","1200","0","0","True","0","True","0","0","86080","-1","-1","-1","-1","-1","-1","-1","-1","-1","-1","-1","-1","-1","-1","-1","-1","-1","0","-1","True","0","0","0","True","True","0","0","0","True","0","0","0","True","True","0","0","0","True","0","0","0","0","0","0","0","0","1198"
"True","142370","True","True","1","True","0","0","0","True","1200","240","0","True","0","True","0","0","86080","-1","-1","-1","-1","-1","-1","-1","-1","-1","-1","-1","-1","-1","-1","-1","-1","-1","0","-1","True","0","0","0","True","True","0","0","0","True","0","0","0","True","True","0","0","0","True","0","0","0","0","0","0","0","0","1199"
"True","443280","True","True","1","True","0","0","0","True","0","0","0","True","0","True","0","0","444307","-1","-1","-1","-1","-1","-1","-1","-1","-1","-1","-1","-1","-1","344455","-1","-1","-1","0","-1","True","0","0","0","True","True","0","0","0","True","0","0","0","True","True","0","0","0","True","0","0","0","0","0","0","0","0","1200"
"True","443280","True","True","1","True","0","0","0","True","0","120","0","True","0","True","0","0","444307","-1","-1","-1","-1","-1","-1","-1","-1","-1","-1","-1","-1","-1","344455","-1","-1","-1","0","-1","True","0","0","0","True","True","0","0","0","True","0","0","0","True","True","0","0","0","True","0","0","0","0","0","0","0","0","1201"
"True","443280","True","True","1","True","0","0","0","True","0","240","0","True","0","True","0","0","444307","-1","-1","-1","-1","-1","-1","-1","-1","-1","-1","-1","-1","-1","344455","-1","-1","-1","0","-1","True","0","0","0","True","True","0","0","0","True","0","0","0","True","True","0","0","0","True","0","0","0","0","0","0","0","0","1202"
"True","443280","True","True","1","True","0","0","0","True","0","360","0","True","0","True","0","0","444307","-1","-1","-1","-1","-1","-1","-1","-1","-1","-1","-1","-1","-1","344455","-1","-1","-1","0","-1","True","0","0","0","True","True","0","0","0","True","0","0","0","True","True","0","0","0","True","0","0","0","0","0","0","0","0","1203"
"True","443280","True","True","1","True","0","0","0","True","0","480","0","True","0","True","0","0","444307","-1","-1","-1","-1","-1","-1","-1","-1","-1","-1","-1","-1","-1","344455","-1","-1","-1","0","-1","True","0","0","0","True","True","0","0","0","True","0","0","0","True","True","0","0","0","True","0","0","0","0","0","0","0","0","1204"
"True","443280","True","True","1","True","0","0","0","True","0","600","0","True","0","True","0","0","444307","-1","-1","-1","-1","-1","-1","-1","-1","-1","-1","-1","-1","-1","344455","-1","-1","-1","0","-1","True","0","0","0","True","True","0","0","0","True","0","0","0","True","True","0","0","0","True","0","0","0","0","0","0","0","0","1205"
"True","443280","True","True","1","True","0","0","0","True","0","720","0","True","0","True","0","0","444307","-1","-1","-1","-1","-1","-1","-1","-1","-1","-1","-1","-1","-1","344455","-1","-1","-1","0","-1","True","0","0","0","True","True","0","0","0","True","0","0","0","True","True","0","0","0","True","0","0","0","0","0","0","0","0","1206"
"True","443280","True","True","1","True","0","0","0","True","120","0","0","True","0","True","0","0","444307","-1","-1","-1","-1","-1","-1","-1","-1","-1","-1","-1","-1","-1","344455","-1","-1","-1","0","-1","True","0","0","0","True","True","0","0","0","True","0","0","0","True","True","0","0","0","True","0","0","0","0","0","0","0","0","1207"
"True","443084","True","True","1","True","0","0","0","True","120","120","0","True","0","True","0","0","444307","-1","-1","-1","-1","-1","-1","-1","-1","-1","-1","-1","-1","-1","344455","-1","-1","-1","0","-1","True","0","0","0","True","True","0","0","0","True","0","0","0","True","True","0","0","0","True","0","0","0","0","0","0","0","0","1208"
"True","443075","True","True","1","True","0","0","0","True","120","240","0","True","0","True","0","0","444307","-1","-1","-1","-1","-1","-1","-1","-1","-1","-1","-1","-1","-1","344455","-1","-1","-1","0","-1","True","0","0","0","True","True","0","0","0","True","0","0","0","True","True","0","0","0","True","0","0","0","0","0","0","0","0","1209"
"True","445345","True","True","1","True","0","0","0","True","120","360","0","True","0","True","0","0","444307","-1","-1","-1","-1","-1","-1","-1","-1","-1","-1","-1","-1","-1","344455","-1","-1","-1","0","-1","True","0","0","0","True","True","0","0","0","True","0","0","0","True","True","0","0","0","True","0","0","0","0","0","0","0","0","1210"
"True","443075","True","True","1","True","0","0","0","True","120","480","0","True","0","True","0","0","444307","-1","-1","-1","-1","-1","-1","-1","-1","-1","-1","-1","-1","-1","344455","-1","-1","-1","0","-1","True","0","0","0","True","True","0","0","0","True","0","0","0","True","True","0","0","0","True","0","0","0","0","0","0","0","0","1211"
"True","443093","True","True","1","True","0","0","0","True","120","600","0","True","0","True","0","0","444307","-1","-1","-1","-1","-1","-1","-1","-1","-1","-1","-1","-1","-1","344455","-1","-1","-1","0","-1","True","0","0","0","True","True","0","0","0","True","0","0","0","True","True","0","0","0","True","0","0","0","0","0","0","0","0","1212"
"True","443280","True","True","1","True","0","0","0","True","120","720","0","True","0","True","0","0","444307","-1","-1","-1","-1","-1","-1","-1","-1","-1","-1","-1","-1","-1","344455","-1","-1","-1","0","-1","True","0","0","0","True","True","0","0","0","True","0","0","0","True","True","0","0","0","True","0","0","0","0","0","0","0","0","1213"
"True","443280","True","True","1","True","0","0","0","True","240","0","0","True","0","True","0","0","444307","-1","-1","-1","-1","-1","-1","-1","-1","-1","-1","-1","-1","-1","344455","-1","-1","-1","0","-1","True","0","0","0","True","True","0","0","0","True","0","0","0","True","True","0","0","0","True","0","0","0","0","0","0","0","0","1214"
"True","443057","True","True","1","True","0","0","0","True","240","120","0","True","0","True","0","0","444307","-1","-1","-1","-1","-1","-1","-1","-1","-1","-1","-1","-1","-1","344455","-1","-1","-1","0","-1","True","0","0","0","True","True","0","0","0","True","0","0","0","True","True","0","0","0","True","0","0","0","0","0","0","0","0","1215"
"True","442947","True","True","1","True","0","0","0","True","240","240","0","True","0","True","0","0","444307","-1","-1","-1","-1","-1","-1","-1","-1","-1","-1","-1","-1","-1","344455","-1","-1","-1","0","-1","True","0","0","0","True","True","0","0","0","True","0","0","0","True","True","0","0","0","True","0","0","0","0","0","0","0","0","1216"
"True","445615","True","True","1","True","0","0","0","True","240","360","0","True","0","True","0","0","444307","-1","-1","-1","-1","-1","-1","-1","-1","-1","-1","-1","-1","-1","344455","-1","-1","-1","0","-1","True","0","0","0","True","True","0","0","0","True","0","0","0","True","True","0","0","0","True","0","0","0","0","0","0","0","0","1217"
"True","445690","True","True","1","True","0","0","0","True","240","480","0","True","0","True","0","0","444307","-1","-1","-1","-1","-1","-1","-1","-1","-1","-1","-1","-1","-1","344455","-1","-1","-1","0","-1","True","0","0","0","True","True","0","0","0","True","0","0","0","True","True","0","0","0","True","0","0","0","0","0","0","0","0","1218"
"True","442986","True","True","1","True","0","0","0","True","240","600","0","True","0","True","0","0","444307","-1","-1","-1","-1","-1","-1","-1","-1","-1","-1","-1","-1","-1","344455","-1","-1","-1","0","-1","True","0","0","0","True","True","0","0","0","True","0","0","0","True","True","0","0","0","True","0","0","0","0","0","0","0","0","1219"
"True","443093","True","True","1","True","0","0","0","True","240","720","0","True","0","True","0","0","444307","-1","-1","-1","-1","-1","-1","-1","-1","-1","-1","-1","-1","-1","344455","-1","-1","-1","0","-1","True","0","0","0","True","True","0","0","0","True","0","0","0","True","True","0","0","0","True","0","0","0","0","0","0","0","0","1220"
"True","443280","True","True","1","True","0","0","0","True","240","840","0","True","0","True","0","0","444307","-1","-1","-1","-1","-1","-1","-1","-1","-1","-1","-1","-1","-1","344455","-1","-1","-1","0","-1","True","0","0","0","True","True","0","0","0","True","0","0","0","True","True","0","0","0","True","0","0","0","0","0","0","0","0","1221"
"True","443280","True","True","1","True","0","0","0","True","360","0","0","True","0","True","0","0","444307","-1","-1","-1","-1","-1","-1","-1","-1","-1","-1","-1","-1","-1","344455","-1","-1","-1","0","-1","True","0","0","0","True","True","0","0","0","True","0","0","0","True","True","0","0","0","True","0","0","0","0","0","0","0","0","1222"
"True","443012","True","True","1","True","0","0","0","True","360","120","0","True","0","True","0","0","444307","-1","-1","-1","-1","-1","-1","-1","-1","-1","-1","-1","-1","-1","344455","-1","-1","-1","0","-1","True","0","0","0","True","True","0","0","0","True","0","0","0","True","True","0","0","0","True","0","0","0","0","0","0","0","0","1223"
"True","443108","True","True","1","True","0","0","0","True","360","240","0","True","0","True","0","0","444307","-1","-1","-1","-1","-1","-1","-1","-1","-1","-1","-1","-1","-1","344455","-1","-1","-1","0","-1","True","0","0","0","True","True","0","0","0","True","0","0","0","True","True","0","0","0","True","0","0","0","0","0","0","0","0","1224"
"True","442947","True","True","1","True","0","0","0","True","360","360","0","True","0","True","0","0","444307","-1","-1","-1","-1","-1","-1","-1","-1","-1","-1","-1","-1","-1","344455","-1","-1","-1","0","-1","True","0","0","0","True","True","0","0","0","True","0","0","0","True","True","0","0","0","True","0","0","0","0","0","0","0","0","1225"
"True","445629","True","True","1","True","0","0","0","True","360","480","0","True","0","True","0","0","444307","-1","-1","-1","-1","-1","-1","-1","-1","-1","-1","-1","-1","-1","344455","-1","-1","-1","0","-1","True","0","0","0","True","True","0","0","0","True","0","0","0","True","True","0","0","0","True","0","0","0","0","0","0","0","0","1226"
"True","442947","True","True","1","True","0","0","0","True","360","600","0","True","0","True","0","0","444307","-1","-1","-1","-1","-1","-1","-1","-1","-1","-1","-1","-1","-1","344455","-1","-1","-1","0","-1","True","0","0","0","True","True","0","0","0","True","0","0","0","True","True","0","0","0","True","0","0","0","0","0","0","0","0","1227"
"True","442957","True","True","1","True","0","0","0","True","360","720","0","True","0","True","0","0","444307","-1","-1","-1","-1","-1","-1","-1","-1","-1","-1","-1","-1","-1","344455","-1","-1","-1","0","-1","True","0","0","0","True","True","0","0","0","True","0","0","0","True","True","0","0","0","True","0","0","0","0","0","0","0","0","1228"
"True","443280","True","True","1","True","0","0","0","True","360","840","0","True","0","True","0","0","444307","-1","-1","-1","-1","-1","-1","-1","-1","-1","-1","-1","-1","-1","344455","-1","-1","-1","0","-1","True","0","0","0","True","True","0","0","0","True","0","0","0","True","True","0","0","0","True","0","0","0","0","0","0","0","0","1229"
"True","443280","True","True","1","True","0","0","0","True","480","0","0","True","0","True","0","0","444307","-1","-1","-1","-1","-1","-1","-1","-1","-1","-1","-1","-1","-1","344455","-1","-1","-1","0","-1","True","0","0","0","True","True","0","0","0","True","0","0","0","True","True","0","0","0","True","0","0","0","0","0","0","0","0","1230"
"True","443057","True","True","1","True","0","0","0","True","480","120","0","True","0","True","0","0","444307","-1","-1","-1","-1","-1","-1","-1","-1","-1","-1","-1","-1","-1","344455","-1","-1","-1","0","-1","True","0","0","0","True","True","0","0","0","True","0","0","0","True","True","0","0","0","True","0","0","0","0","0","0","0","0","1231"
"True","443117","True","True","1","True","0","0","0","True","480","240","0","True","0","True","0","0","444307","-1","-1","-1","-1","-1","-1","-1","-1","-1","-1","-1","-1","-1","344455","-1","-1","-1","0","-1","True","0","0","0","True","True","0","0","0","True","0","0","0","True","True","0","0","0","True","0","0","0","0","0","0","0","0","1232"
"True","445690","True","True","1","True","0","0","0","True","480","360","0","True","0","True","0","0","444307","-1","-1","-1","-1","-1","-1","-1","-1","-1","-1","-1","-1","-1","344455","-1","-1","-1","0","-1","True","0","0","0","True","True","0","0","0","True","0","0","0","True","True","0","0","0","True","0","0","0","0","0","0","0","0","1233"
"True","445335","True","True","1","True","0","0","0","True","480","480","0","True","0","True","0","0","444307","-1","-1","-1","-1","-1","-1","-1","-1","-1","-1","-1","-1","-1","344455","-1","-1","-1","0","-1","True","0","0","0","True","True","0","0","0","True","0","0","0","True","True","0","0","0","True","0","0","0","0","0","0","0","0","1234"
"True","442994","True","True","1","True","0","0","0","True","480","600","0","True","0","True","0","0","444307","-1","-1","-1","-1","-1","-1","-1","-1","-1","-1","-1","-1","-1","344455","-1","-1","-1","0","-1","True","0","0","0","True","True","0","0","0","True","0","0","0","True","True","0","0","0","True","0","0","0","0","0","0","0","0","1235"
"True","443066","True","True","1","True","0","0","0","True","480","720","0","True","0","True","0","0","444307","-1","-1","-1","-1","-1","-1","-1","-1","-1","-1","-1","-1","-1","344455","-1","-1","-1","0","-1","True","0","0","0","True","True","0","0","0","True","0","0","0","True","True","0","0","0","True","0","0","0","0","0","0","0","0","1236"
"True","443280","True","True","1","True","0","0","0","True","480","840","0","True","0","True","0","0","444307","-1","-1","-1","-1","-1","-1","-1","-1","-1","-1","-1","-1","-1","344455","-1","-1","-1","0","-1","True","0","0","0","True","True","0","0","0","True","0","0","0","True","True","0","0","0","True","0","0","0","0","0","0","0","0","1237"
"True","443280","True","True","1","True","0","0","0","True","600","0","0","True","0","True","0","0","444307","-1","-1","-1","-1","-1","-1","-1","-1","-1","-1","-1","-1","-1","344455","-1","-1","-1","0","-1","True","0","0","0","True","True","0","0","0","True","0","0","0","True","True","0","0","0","True","0","0","0","0","0","0","0","0","1238"
"True","443057","True","True","1","True","0","0","0","True","600","120","0","True","0","True","0","0","444307","-1","-1","-1","-1","-1","-1","-1","-1","-1","-1","-1","-1","-1","344455","-1","-1","-1","0","-1","True","0","0","0","True","True","0","0","0","True","0","0","0","True","True","0","0","0","True","0","0","0","0","0","0","0","0","1239"
"True","445372","True","True","1","True","0","0","0","True","600","240","0","True","0","True","0","0","444307","-1","-1","-1","-1","-1","-1","-1","-1","-1","-1","-1","-1","-1","344455","-1","-1","-1","0","-1","True","0","0","0","True","True","0","0","0","True","0","0","0","True","True","0","0","0","True","0","0","0","0","0","0","0","0","1240"
"True","442994","True","True","1","True","0","0","0","True","600","360","0","True","0","True","0","0","444307","-1","-1","-1","-1","-1","-1","-1","-1","-1","-1","-1","-1","-1","344455","-1","-1","-1","0","-1","True","0","0","0","True","True","0","0","0","True","0","0","0","True","True","0","0","0","True","0","0","0","0","0","0","0","0","1241"
"True","443039","True","True","1","True","0","0","0","True","600","480","0","True","0","True","0","0","444307","-1","-1","-1","-1","-1","-1","-1","-1","-1","-1","-1","-1","-1","344455","-1","-1","-1","0","-1","True","0","0","0","True","True","0","0","0","True","0","0","0","True","True","0","0","0","True","0","0","0","0","0","0","0","0","1242"
"True","443066","True","True","1","True","0","0","0","True","600","600","0","True","0","True","0","0","444307","-1","-1","-1","-1","-1","-1","-1","-1","-1","-1","-1","-1","-1","344455","-1","-1","-1","0","-1","True","0","0","0","True","True","0","0","0","True","0","0","0","True","True","0","0","0","True","0","0","0","0","0","0","0","0","1243"
"True","443280","True","True","1","True","0","0","0","True","600","720","0","True","0","True","0","0","444307","-1","-1","-1","-1","-1","-1","-1","-1","-1","-1","-1","-1","-1","344455","-1","-1","-1","0","-1","True","0","0","0","True","True","0","0","0","True","0","0","0","True","True","0","0","0","True","0","0","0","0","0","0","0","0","1244"
"True","443280","True","True","1","True","0","0","0","True","720","0","0","True","0","True","0","0","444307","-1","-1","-1","-1","-1","-1","-1","-1","-1","-1","-1","-1","-1","344455","-1","-1","-1","0","-1","True","0","0","0","True","True","0","0","0","True","0","0","0","True","True","0","0","0","True","0","0","0","0","0","0","0","0","1245"
"True","443048","True","True","1","True","0","0","0","True","720","120","0","True","0","True","0","0","444307","-1","-1","-1","-1","-1","-1","-1","-1","-1","-1","-1","-1","-1","344455","-1","-1","-1","0","-1","True","0","0","0","True","True","0","0","0","True","0","0","0","True","True","0","0","0","True","0","0","0","0","0","0","0","0","1246"
"True","443039","True","True","1","True","0","0","0","True","720","240","0","True","0","True","0","0","444307","-1","-1","-1","-1","-1","-1","-1","-1","-1","-1","-1","-1","-1","344455","-1","-1","-1","0","-1","True","0","0","0","True","True","0","0","0","True","0","0","0","True","True","0","0","0","True","0","0","0","0","0","0","0","0","1247"
"True","443066","True","True","1","True","0","0","0","True","720","360","0","True","0","True","0","0","444307","-1","-1","-1","-1","-1","-1","-1","-1","-1","-1","-1","-1","-1","344455","-1","-1","-1","0","-1","True","0","0","0","True","True","0","0","0","True","0","0","0","True","True","0","0","0","True","0","0","0","0","0","0","0","0","1248"
"True","443280","True","True","1","True","0","0","0","True","720","480","0","True","0","True","0","0","444307","-1","-1","-1","-1","-1","-1","-1","-1","-1","-1","-1","-1","-1","344455","-1","-1","-1","0","-1","True","0","0","0","True","True","0","0","0","True","0","0","0","True","True","0","0","0","True","0","0","0","0","0","0","0","0","1249"
"True","443280","True","True","1","True","0","0","0","True","720","600","0","True","0","True","0","0","444307","-1","-1","-1","-1","-1","-1","-1","-1","-1","-1","-1","-1","-1","344455","-1","-1","-1","0","-1","True","0","0","0","True","True","0","0","0","True","0","0","0","True","True","0","0","0","True","0","0","0","0","0","0","0","0","1250"
"True","443280","True","True","1","True","0","0","0","True","840","360","0","True","0","True","0","0","444307","-1","-1","-1","-1","-1","-1","-1","-1","-1","-1","-1","-1","-1","344455","-1","-1","-1","0","-1","True","0","0","0","True","True","0","0","0","True","0","0","0","True","True","0","0","0","True","0","0","0","0","0","0","0","0","1251"
"True","445919","True","True","1","True","0","0","0","True","0","0","0","True","0","True","0","0","446719","-1","-1","-1","-1","-1","-1","-1","-1","-1","-1","-1","-1","-1","445978","-1","-1","-1","0","-1","True","0","0","0","True","True","0","0","0","True","0","0","0","True","True","0","0","0","True","0","0","0","0","0","0","0","0","1252"
"True","410676","True","True","1","True","0","0","0","True","0","480","0","True","0","True","0","0","428494","-1","-1","-1","-1","-1","-1","-1","-1","-1","427768","-1","426161","338894","-1","-1","-1","-1","0","-1","True","0","0","0","True","True","0","0","0","True","0","0","0","True","True","0","0","0","True","0","0","0","0","0","0","0","0","1253"
"True","410676","True","True","1","True","0","0","0","True","0","720","0","True","0","True","0","0","428494","-1","-1","-1","-1","-1","-1","-1","-1","-1","427768","-1","426161","338894","-1","-1","-1","-1","0","-1","True","0","0","0","True","True","0","0","0","True","0","0","0","True","True","0","0","0","True","0","0","0","0","0","0","0","0","1254"
"True","410676","True","True","1","True","0","0","0","True","240","240","0","True","0","True","0","0","428494","-1","-1","-1","-1","-1","-1","-1","-1","-1","427768","-1","426161","338894","-1","-1","-1","-1","0","-1","True","0","0","0","True","True","0","0","0","True","0","0","0","True","True","0","0","0","True","0","0","0","0","0","0","0","0","1255"
"True","405827","True","True","1","True","0","0","0","True","240","480","0","True","0","True","0","0","428494","-1","-1","-1","-1","-1","-1","-1","-1","-1","427768","-1","426161","338894","-1","-1","-1","-1","0","-1","True","0","0","0","True","True","0","0","0","True","0","0","0","True","True","0","0","0","True","0","0","0","0","0","0","0","0","1256"
"True","410676","True","True","1","True","0","0","0","True","240","720","0","True","0","True","0","0","428494","-1","-1","-1","-1","-1","-1","-1","-1","-1","427768","-1","426161","338894","-1","-1","-1","-1","0","-1","True","0","0","0","True","True","0","0","0","True","0","0","0","True","True","0","0","0","True","0","0","0","0","0","0","0","0","1257"
"True","410676","True","True","1","True","0","0","0","True","240","960","0","True","0","True","0","0","428494","-1","-1","-1","-1","-1","-1","-1","-1","-1","427768","-1","426161","338894","-1","-1","-1","-1","0","-1","True","0","0","0","True","True","0","0","0","True","0","0","0","True","True","0","0","0","True","0","0","0","0","0","0","0","0","1258"
"True","410676","True","True","1","True","0","0","0","True","240","1200","0","True","0","True","0","0","428494","-1","-1","-1","-1","-1","-1","-1","-1","-1","427768","-1","426161","338894","-1","-1","-1","-1","0","-1","True","0","0","0","True","True","0","0","0","True","0","0","0","True","True","0","0","0","True","0","0","0","0","0","0","0","0","1259"
"True","410676","True","True","1","True","0","0","0","True","240","1440","0","True","0","True","0","0","428494","-1","-1","-1","-1","-1","-1","-1","-1","-1","427768","-1","426161","338894","-1","-1","-1","-1","0","-1","True","0","0","0","True","True","0","0","0","True","0","0","0","True","True","0","0","0","True","0","0","0","0","0","0","0","0","1260"
"True","410676","True","True","1","True","0","0","0","True","240","1680","0","True","0","True","0","0","428494","-1","-1","-1","-1","-1","-1","-1","-1","-1","427768","-1","426161","338894","-1","-1","-1","-1","0","-1","True","0","0","0","True","True","0","0","0","True","0","0","0","True","True","0","0","0","True","0","0","0","0","0","0","0","0","1261"
"True","410676","True","True","1","True","0","0","0","True","480","0","0","True","0","True","0","0","428494","-1","-1","-1","-1","-1","-1","-1","-1","-1","427768","-1","426161","338894","-1","-1","-1","-1","0","-1","True","0","0","0","True","True","0","0","0","True","0","0","0","True","True","0","0","0","True","0","0","0","0","0","0","0","0","1262"
"True","405855","True","True","1","True","0","0","0","True","480","240","0","True","0","True","0","0","428494","-1","-1","-1","-1","-1","-1","-1","-1","-1","427768","-1","426161","338894","-1","-1","-1","-1","0","-1","True","0","0","0","True","True","0","0","0","True","0","0","0","True","True","0","0","0","True","0","0","0","0","0","0","0","0","1263"
"True","430021","True","True","1","True","0","0","0","True","480","480","0","True","0","True","0","0","428494","-1","-1","-1","-1","-1","-1","-1","-1","-1","427768","-1","426161","338894","-1","-1","-1","-1","0","-1","True","0","0","0","True","True","0","0","0","True","0","0","0","True","True","0","0","0","True","0","0","0","0","0","0","0","0","1264"
"True","405582","True","True","1","True","0","0","0","True","480","720","0","True","0","True","0","0","428494","-1","-1","-1","-1","-1","-1","-1","-1","-1","427768","-1","426161","338894","-1","-1","-1","-1","0","-1","True","0","0","0","True","True","0","0","0","True","0","0","0","True","True","0","0","0","True","0","0","0","0","0","0","0","0","1265"
"True","433720","True","True","1","True","0","0","0","True","480","960","0","True","0","True","0","0","428494","-1","-1","-1","-1","-1","-1","-1","-1","-1","427768","-1","426161","338894","-1","-1","-1","-1","0","-1","True","0","0","0","True","True","0","0","0","True","0","0","0","True","True","0","0","0","True","0","0","0","0","0","0","0","0","1266"
"True","435768","True","True","1","True","0","0","0","True","480","1200","0","True","0","True","0","0","428494","-1","-1","-1","-1","-1","-1","-1","-1","-1","427768","-1","426161","338894","-1","-1","-1","-1","0","-1","True","0","0","0","True","True","0","0","0","True","0","0","0","True","True","0","0","0","True","0","0","0","0","0","0","0","0","1267"
"True","435772","True","True","1","True","0","0","0","True","480","1440","0","True","0","True","0","0","428494","-1","-1","-1","-1","-1","-1","-1","-1","-1","427768","-1","426161","338894","-1","-1","-1","-1","0","-1","True","0","0","0","True","True","0","0","0","True","0","0","0","True","True","0","0","0","True","0","0","0","0","0","0","0","0","1268"
"True","410676","True","True","1","True","0","0","0","True","480","1680","0","True","0","True","0","0","428494","-1","-1","-1","-1","-1","-1","-1","-1","-1","427768","-1","426161","338894","-1","-1","-1","-1","0","-1","True","0","0","0","True","True","0","0","0","True","0","0","0","True","True","0","0","0","True","0","0","0","0","0","0","0","0","1269"
"True","410676","True","True","1","True","0","0","0","True","720","0","0","True","0","True","0","0","428494","-1","-1","-1","-1","-1","-1","-1","-1","-1","427768","-1","426161","338894","-1","-1","-1","-1","0","-1","True","0","0","0","True","True","0","0","0","True","0","0","0","True","True","0","0","0","True","0","0","0","0","0","0","0","0","1270"
"True","410676","True","True","1","True","0","0","0","True","720","240","0","True","0","True","0","0","428494","-1","-1","-1","-1","-1","-1","-1","-1","-1","427768","-1","426161","338894","-1","-1","-1","-1","0","-1","True","0","0","0","True","True","0","0","0","True","0","0","0","True","True","0","0","0","True","0","0","0","0","0","0","0","0","1271"
"True","404398","True","True","1","True","0","0","0","True","720","480","0","True","0","True","0","0","428494","-1","-1","-1","-1","-1","-1","-1","-1","-1","427768","-1","426161","338894","-1","-1","-1","-1","0","-1","True","0","0","0","True","True","0","0","0","True","0","0","0","True","True","0","0","0","True","0","0","0","0","0","0","0","0","1272"
"True","405540","True","True","1","True","0","0","0","True","720","720","0","True","0","True","0","0","428494","-1","-1","-1","-1","-1","-1","-1","-1","-1","427768","-1","426161","338894","-1","-1","-1","-1","0","-1","True","0","0","0","True","True","0","0","0","True","0","0","0","True","True","0","0","0","True","0","0","0","0","0","0","0","0","1273"
"True","405648","True","True","1","True","0","0","0","True","720","960","0","True","0","True","0","0","428494","-1","-1","-1","-1","-1","-1","-1","-1","-1","427768","-1","426161","338894","-1","-1","-1","-1","0","-1","True","0","0","0","True","True","0","0","0","True","0","0","0","True","True","0","0","0","True","0","0","0","0","0","0","0","0","1274"
"True","410676","True","True","1","True","0","0","0","True","720","1200","0","True","0","True","0","0","428494","-1","-1","-1","-1","-1","-1","-1","-1","-1","427768","-1","426161","338894","-1","-1","-1","-1","0","-1","True","0","0","0","True","True","0","0","0","True","0","0","0","True","True","0","0","0","True","0","0","0","0","0","0","0","0","1275"
"True","410676","True","True","1","True","0","0","0","True","720","1440","0","True","0","True","0","0","428494","-1","-1","-1","-1","-1","-1","-1","-1","-1","427768","-1","426161","338894","-1","-1","-1","-1","0","-1","True","0","0","0","True","True","0","0","0","True","0","0","0","True","True","0","0","0","True","0","0","0","0","0","0","0","0","1276"
"True","410676","True","True","1","True","0","0","0","True","960","240","0","True","0","True","0","0","428494","-1","-1","-1","-1","-1","-1","-1","-1","-1","427768","-1","426161","338894","-1","-1","-1","-1","0","-1","True","0","0","0","True","True","0","0","0","True","0","0","0","True","True","0","0","0","True","0","0","0","0","0","0","0","0","1277"
"True","430332","True","True","1","True","0","0","0","True","960","480","0","True","0","True","0","0","428494","-1","-1","-1","-1","-1","-1","-1","-1","-1","427768","-1","426161","338894","-1","-1","-1","-1","0","-1","True","0","0","0","True","True","0","0","0","True","0","0","0","True","True","0","0","0","True","0","0","0","0","0","0","0","0","1278"
"True","410676","True","True","1","True","0","0","0","True","960","720","0","True","0","True","0","0","428494","-1","-1","-1","-1","-1","-1","-1","-1","-1","427768","-1","426161","338894","-1","-1","-1","-1","0","-1","True","0","0","0","True","True","0","0","0","True","0","0","0","True","True","0","0","0","True","0","0","0","0","0","0","0","0","1279"
"True","410676","True","True","1","True","0","0","0","True","960","960","0","True","0","True","0","0","428494","-1","-1","-1","-1","-1","-1","-1","-1","-1","427768","-1","426161","338894","-1","-1","-1","-1","0","-1","True","0","0","0","True","True","0","0","0","True","0","0","0","True","True","0","0","0","True","0","0","0","0","0","0","0","0","1280"
"True","410676","True","True","1","True","0","0","0","True","1200","480","0","True","0","True","0","0","428494","-1","-1","-1","-1","-1","-1","-1","-1","-1","427768","-1","426161","338894","-1","-1","-1","-1","0","-1","True","0","0","0","True","True","0","0","0","True","0","0","0","True","True","0","0","0","True","0","0","0","0","0","0","0","0","1281"
"True","410676","True","True","1","True","0","0","0","True","0","480","0","True","0","True","0","0","430336","-1","-1","-1","-1","-1","-1","-1","-1","-1","427768","-1","426161","338894","-1","-1","-1","-1","0","-1","True","0","0","0","True","True","0","0","0","True","0","0","0","True","True","0","0","0","True","0","0","0","0","0","0","0","0","1282"
"True","410676","True","True","1","True","0","0","0","True","0","720","0","True","0","True","0","0","430336","-1","-1","-1","-1","-1","-1","-1","-1","-1","427768","-1","426161","338894","-1","-1","-1","-1","0","-1","True","0","0","0","True","True","0","0","0","True","0","0","0","True","True","0","0","0","True","0","0","0","0","0","0","0","0","1283"
"True","410676","True","True","1","True","0","0","0","True","0","960","0","True","0","True","0","0","430336","-1","-1","-1","-1","-1","-1","-1","-1","-1","427768","-1","426161","338894","-1","-1","-1","-1","0","-1","True","0","0","0","True","True","0","0","0","True","0","0","0","True","True","0","0","0","True","0","0","0","0","0","0","0","0","1284"
"True","410676","True","True","1","True","0","0","0","True","240","0","0","True","0","True","0","0","430336","-1","-1","-1","-1","-1","-1","-1","-1","-1","427768","-1","426161","338894","-1","-1","-1","-1","0","-1","True","0","0","0","True","True","0","0","0","True","0","0","0","True","True","0","0","0","True","0","0","0","0","0","0","0","0","1285"
"True","410676","True","True","1","True","0","0","0","True","240","240","0","True","0","True","0","0","430336","-1","-1","-1","-1","-1","-1","-1","-1","-1","427768","-1","426161","338894","-1","-1","-1","-1","0","-1","True","0","0","0","True","True","0","0","0","True","0","0","0","True","True","0","0","0","True","0","0","0","0","0","0","0","0","1286"
"True","410676","True","True","1","True","0","0","0","True","240","480","0","True","0","True","0","0","430336","-1","-1","-1","-1","-1","-1","-1","-1","-1","427768","-1","426161","338894","-1","-1","-1","-1","0","-1","True","0","0","0","True","True","0","0","0","True","0","0","0","True","True","0","0","0","True","0","0","0","0","0","0","0","0","1287"
"True","437242","True","True","1","True","0","0","0","True","240","720","0","True","0","True","0","0","430336","-1","-1","-1","-1","-1","-1","-1","-1","-1","427768","-1","426161","338894","-1","-1","-1","-1","0","-1","True","0","0","0","True","True","0","0","0","True","0","0","0","True","True","0","0","0","True","0","0","0","0","0","0","0","0","1288"
"True","410676","True","True","1","True","0","0","0","True","240","960","0","True","0","True","0","0","430336","-1","-1","-1","-1","-1","-1","-1","-1","-1","427768","-1","426161","338894","-1","-1","-1","-1","0","-1","True","0","0","0","True","True","0","0","0","True","0","0","0","True","True","0","0","0","True","0","0","0","0","0","0","0","0","1289"
"True","410676","True","True","1","True","0","0","0","True","480","0","0","True","0","True","0","0","430336","-1","-1","-1","-1","-1","-1","-1","-1","-1","427768","-1","426161","338894","-1","-1","-1","-1","0","-1","True","0","0","0","True","True","0","0","0","True","0","0","0","True","True","0","0","0","True","0","0","0","0","0","0","0","0","1290"
"True","437174","True","True","1","True","0","0","0","True","480","240","0","True","0","True","0","0","430336","-1","-1","-1","-1","-1","-1","-1","-1","-1","427768","-1","426161","338894","-1","-1","-1","-1","0","-1","True","0","0","0","True","True","0","0","0","True","0","0","0","True","True","0","0","0","True","0","0","0","0","0","0","0","0","1291"
"True","437171","True","True","1","True","0","0","0","True","480","480","0","True","0","True","0","0","430336","-1","-1","-1","-1","-1","-1","-1","-1","-1","427768","-1","426161","338894","-1","-1","-1","-1","0","-1","True","0","0","0","True","True","0","0","0","True","0","0","0","True","True","0","0","0","True","0","0","0","0","0","0","0","0","1292"
"True","405622","True","True","1","True","0","0","0","True","480","720","0","True","0","True","0","0","430336","-1","-1","-1","-1","-1","-1","-1","-1","-1","427768","-1","426161","338894","-1","-1","-1","-1","0","-1","True","0","0","0","True","True","0","0","0","True","0","0","0","True","True","0","0","0","True","0","0","0","0","0","0","0","0","1293"
"True","405714","True","True","1","True","0","0","0","True","480","960","0","True","0","True","0","0","430336","-1","-1","-1","-1","-1","-1","-1","-1","-1","427768","-1","426161","338894","-1","-1","-1","-1","0","-1","True","0","0","0","True","True","0","0","0","True","0","0","0","True","True","0","0","0","True","0","0","0","0","0","0","0","0","1294"
"True","410676","True","True","1","True","0","0","0","True","480","1200","0","True","0","True","0","0","430336","-1","-1","-1","-1","-1","-1","-1","-1","-1","427768","-1","426161","338894","-1","-1","-1","-1","0","-1","True","0","0","0","True","True","0","0","0","True","0","0","0","True","True","0","0","0","True","0","0","0","0","0","0","0","0","1295"
"True","410676","True","True","1","True","0","0","0","True","720","240","0","True","0","True","0","0","430336","-1","-1","-1","-1","-1","-1","-1","-1","-1","427768","-1","426161","338894","-1","-1","-1","-1","0","-1","True","0","0","0","True","True","0","0","0","True","0","0","0","True","True","0","0","0","True","0","0","0","0","0","0","0","0","1296"
"True","410676","True","True","1","True","0","0","0","True","720","480","0","True","0","True","0","0","430336","-1","-1","-1","-1","-1","-1","-1","-1","-1","427768","-1","426161","338894","-1","-1","-1","-1","0","-1","True","0","0","0","True","True","0","0","0","True","0","0","0","True","True","0","0","0","True","0","0","0","0","0","0","0","0","1297"
"True","410676","True","True","1","True","0","0","0","True","720","720","0","True","0","True","0","0","430336","-1","-1","-1","-1","-1","-1","-1","-1","-1","427768","-1","426161","338894","-1","-1","-1","-1","0","-1","True","0","0","0","True","True","0","0","0","True","0","0","0","True","True","0","0","0","True","0","0","0","0","0","0","0","0","1298"
"True","404398","True","True","1","True","0","0","0","True","720","960","0","True","0","True","0","0","430336","-1","-1","-1","-1","-1","-1","-1","-1","-1","427768","-1","426161","338894","-1","-1","-1","-1","0","-1","True","0","0","0","True","True","0","0","0","True","0","0","0","True","True","0","0","0","True","0","0","0","0","0","0","0","0","1299"
"True","410676","True","True","1","True","0","0","0","True","720","1200","0","True","0","True","0","0","430336","-1","-1","-1","-1","-1","-1","-1","-1","-1","427768","-1","426161","338894","-1","-1","-1","-1","0","-1","True","0","0","0","True","True","0","0","0","True","0","0","0","True","True","0","0","0","True","0","0","0","0","0","0","0","0","1300"
"True","410676","True","True","1","True","0","0","0","True","960","480","0","True","0","True","0","0","430336","-1","-1","-1","-1","-1","-1","-1","-1","-1","427768","-1","426161","338894","-1","-1","-1","-1","0","-1","True","0","0","0","True","True","0","0","0","True","0","0","0","True","True","0","0","0","True","0","0","0","0","0","0","0","0","1301"
"True","410676","True","True","1","True","0","0","0","True","960","720","0","True","0","True","0","0","430336","-1","-1","-1","-1","-1","-1","-1","-1","-1","427768","-1","426161","338894","-1","-1","-1","-1","0","-1","True","0","0","0","True","True","0","0","0","True","0","0","0","True","True","0","0","0","True","0","0","0","0","0","0","0","0","1302"
"True","404398","True","True","1","True","0","0","0","True","960","960","0","True","0","True","0","0","430336","-1","-1","-1","-1","-1","-1","-1","-1","-1","427768","-1","426161","338894","-1","-1","-1","-1","0","-1","True","0","0","0","True","True","0","0","0","True","0","0","0","True","True","0","0","0","True","0","0","0","0","0","0","0","0","1303"
"True","410676","True","True","1","True","0","0","0","True","960","1200","0","True","0","True","0","0","430336","-1","-1","-1","-1","-1","-1","-1","-1","-1","427768","-1","426161","338894","-1","-1","-1","-1","0","-1","True","0","0","0","True","True","0","0","0","True","0","0","0","True","True","0","0","0","True","0","0","0","0","0","0","0","0","1304"
"True","410676","True","True","1","True","0","0","0","True","1200","480","0","True","0","True","0","0","430336","-1","-1","-1","-1","-1","-1","-1","-1","-1","427768","-1","426161","338894","-1","-1","-1","-1","0","-1","True","0","0","0","True","True","0","0","0","True","0","0","0","True","True","0","0","0","True","0","0","0","0","0","0","0","0","1305"
"True","427842","True","True","1","True","0","0","0","True","1200","720","0","True","0","True","0","0","430336","-1","-1","-1","-1","-1","-1","-1","-1","-1","427768","-1","426161","338894","-1","-1","-1","-1","0","-1","True","0","0","0","True","True","0","0","0","True","0","0","0","True","True","0","0","0","True","0","0","0","0","0","0","0","0","1306"
"True","405741","True","True","1","True","0","0","0","True","1200","960","0","True","0","True","0","0","430336","-1","-1","-1","-1","-1","-1","-1","-1","-1","427768","-1","426161","338894","-1","-1","-1","-1","0","-1","True","0","0","0","True","True","0","0","0","True","0","0","0","True","True","0","0","0","True","0","0","0","0","0","0","0","0","1307"
"True","410676","True","True","1","True","0","0","0","True","1200","1200","0","True","0","True","0","0","430336","-1","-1","-1","-1","-1","-1","-1","-1","-1","427768","-1","426161","338894","-1","-1","-1","-1","0","-1","True","0","0","0","True","True","0","0","0","True","0","0","0","True","True","0","0","0","True","0","0","0","0","0","0","0","0","1308"
"True","410676","True","True","1","True","0","0","0","True","1440","480","0","True","0","True","0","0","430336","-1","-1","-1","-1","-1","-1","-1","-1","-1","427768","-1","426161","338894","-1","-1","-1","-1","0","-1","True","0","0","0","True","True","0","0","0","True","0","0","0","True","True","0","0","0","True","0","0","0","0","0","0","0","0","1309"
"True","410676","True","True","1","True","0","0","0","True","1440","720","0","True","0","True","0","0","430336","-1","-1","-1","-1","-1","-1","-1","-1","-1","427768","-1","426161","338894","-1","-1","-1","-1","0","-1","True","0","0","0","True","True","0","0","0","True","0","0","0","True","True","0","0","0","True","0","0","0","0","0","0","0","0","1310"
"True","405836","True","True","1","True","0","0","0","True","1440","960","0","True","0","True","0","0","430336","-1","-1","-1","-1","-1","-1","-1","-1","-1","427768","-1","426161","338894","-1","-1","-1","-1","0","-1","True","0","0","0","True","True","0","0","0","True","0","0","0","True","True","0","0","0","True","0","0","0","0","0","0","0","0","1311"
"True","410676","True","True","1","True","0","0","0","True","1440","1200","0","True","0","True","0","0","430336","-1","-1","-1","-1","-1","-1","-1","-1","-1","427768","-1","426161","338894","-1","-1","-1","-1","0","-1","True","0","0","0","True","True","0","0","0","True","0","0","0","True","True","0","0","0","True","0","0","0","0","0","0","0","0","1312"
"True","154775","True","True","1","True","0","0","0","True","0","480","0","True","0","True","0","0","161964","-1","-1","-1","-1","-1","-1","-1","-1","-1","-1","-1","-1","-1","-1","-1","-1","-1","0","-1","True","0","0","0","True","True","0","0","0","True","0","0","0","True","True","0","0","0","True","0","0","0","0","0","0","0","0","1313"
"True","154775","True","True","1","True","0","0","0","True","240","240","0","True","0","True","0","0","161964","-1","-1","-1","-1","-1","-1","-1","-1","-1","-1","-1","-1","-1","-1","-1","-1","-1","0","-1","True","0","0","0","True","True","0","0","0","True","0","0","0","True","True","0","0","0","True","0","0","0","0","0","0","0","0","1314"
"True","132263","True","True","1","True","0","0","0","True","240","480","0","True","0","True","0","0","161964","-1","-1","-1","-1","-1","-1","-1","-1","-1","-1","-1","-1","-1","-1","-1","-1","-1","0","-1","True","0","0","0","True","True","0","0","0","True","0","0","0","True","True","0","0","0","True","0","0","0","0","0","0","0","0","1315"
"True","154775","True","True","1","True","0","0","0","True","240","720","0","True","0","True","0","0","161964","-1","-1","-1","-1","-1","-1","-1","-1","-1","-1","-1","-1","-1","-1","-1","-1","-1","0","-1","True","0","0","0","True","True","0","0","0","True","0","0","0","True","True","0","0","0","True","0","0","0","0","0","0","0","0","1316"
"True","154775","True","True","1","True","0","0","0","True","480","0","0","True","0","True","0","0","161964","-1","-1","-1","-1","-1","-1","-1","-1","-1","-1","-1","-1","-1","-1","-1","-1","-1","0","-1","True","0","0","0","True","True","0","0","0","True","0","0","0","True","True","0","0","0","True","0","0","0","0","0","0","0","0","1317"
"True","132203","True","True","1","True","0","0","0","True","480","240","0","True","0","True","0","0","161964","-1","-1","-1","-1","-1","-1","-1","-1","-1","-1","-1","-1","-1","-1","-1","-1","-1","0","-1","True","0","0","0","True","True","0","0","0","True","0","0","0","True","True","0","0","0","True","0","0","0","0","0","0","0","0","1318"
"True","131902","True","True","1","True","0","0","0","True","480","480","0","True","0","True","0","0","161964","-1","-1","-1","-1","-1","-1","-1","-1","-1","-1","-1","-1","-1","-1","-1","-1","-1","0","-1","True","0","0","0","True","True","0","0","0","True","0","0","0","True","True","0","0","0","True","0","0","0","0","0","0","0","0","1319"
"True","132293","True","True","1","True","0","0","0","True","480","720","0","True","0","True","0","0","161964","-1","-1","-1","-1","-1","-1","-1","-1","-1","-1","-1","-1","-1","-1","-1","-1","-1","0","-1","True","0","0","0","True","True","0","0","0","True","0","0","0","True","True","0","0","0","True","0","0","0","0","0","0","0","0","1320"
"True","154775","True","True","1","True","0","0","0","True","720","240","0","True","0","True","0","0","161964","-1","-1","-1","-1","-1","-1","-1","-1","-1","-1","-1","-1","-1","-1","-1","-1","-1","0","-1","True","0","0","0","True","True","0","0","0","True","0","0","0","True","True","0","0","0","True","0","0","0","0","0","0","0","0","1321"
"True","132218","True","True","1","True","0","0","0","True","720","480","0","True","0","True","0","0","161964","-1","-1","-1","-1","-1","-1","-1","-1","-1","-1","-1","-1","-1","-1","-1","-1","-1","0","-1","True","0","0","0","True","True","0","0","0","True","0","0","0","True","True","0","0","0","True","0","0","0","0","0","0","0","0","1322"
"True","380605","True","True","1","True","0","0","0","True","0","0","0","True","0","True","0","0","378681","-1","-1","-1","-1","-1","-1","-1","-1","-1","-1","-1","-1","-1","-1","-1","-1","-1","0","-1","True","0","0","0","True","True","0","0","0","True","0","0","0","True","True","0","0","0","True","0","0","0","0","0","0","0","0","1323"
"True","380613","True","True","1","True","0","0","0","True","240","0","0","True","0","True","0","0","378681","-1","-1","-1","-1","-1","-1","-1","-1","-1","-1","-1","-1","-1","-1","-1","-1","-1","0","-1","True","0","0","0","True","True","0","0","0","True","0","0","0","True","True","0","0","0","True","0","0","0","0","0","0","0","0","1324"
"True","380642","True","True","1","True","0","0","0","True","480","0","0","True","0","True","0","0","378681","-1","-1","-1","-1","-1","-1","-1","-1","-1","-1","-1","-1","-1","-1","-1","-1","-1","0","-1","True","0","0","0","True","True","0","0","0","True","0","0","0","True","True","0","0","0","True","0","0","0","0","0","0","0","0","1325"
"True","380609","True","True","1","True","0","0","0","True","0","240","0","True","0","True","0","0","378681","-1","-1","-1","-1","-1","-1","-1","-1","-1","-1","-1","-1","-1","-1","-1","-1","-1","0","-1","True","0","0","0","True","True","0","0","0","True","0","0","0","True","True","0","0","0","True","0","0","0","0","0","0","0","0","1326"
"True","380601","True","True","1","True","0","0","0","True","240","240","0","True","0","True","0","0","378681","-1","-1","-1","-1","-1","-1","-1","-1","-1","-1","-1","-1","-1","-1","-1","-1","-1","0","-1","True","0","0","0","True","True","0","0","0","True","0","0","0","True","True","0","0","0","True","0","0","0","0","0","0","0","0","1327"
"True","380638","True","True","1","True","0","0","0","True","480","240","0","True","0","True","0","0","378681","-1","-1","-1","-1","-1","-1","-1","-1","-1","-1","-1","-1","-1","-1","-1","-1","-1","0","-1","True","0","0","0","True","True","0","0","0","True","0","0","0","True","True","0","0","0","True","0","0","0","0","0","0","0","0","1328"
"True","380716","True","True","1","True","0","0","0","True","240","480","0","True","0","True","0","0","378681","-1","-1","-1","-1","-1","-1","-1","-1","-1","-1","-1","-1","-1","-1","-1","-1","-1","0","-1","True","0","0","0","True","True","0","0","0","True","0","0","0","True","True","0","0","0","True","0","0","0","0","0","0","0","0","1329"
"True","380720","True","True","1","True","0","0","0","True","480","480","0","True","0","True","0","0","378681","-1","-1","-1","-1","-1","-1","-1","-1","-1","-1","-1","-1","-1","-1","-1","-1","-1","0","-1","True","0","0","0","True","True","0","0","0","True","0","0","0","True","True","0","0","0","True","0","0","0","0","0","0","0","0","1330"
"True","483080","True","True","1","True","0","0","0","True","0","0","0","True","0","True","0","0","483484","-1","-1","-1","-1","-1","-1","-1","-1","-1","-1","-1","-1","-1","-1","-1","-1","-1","0","-1","True","0","0","0","True","True","0","0","0","True","0","0","0","True","True","0","0","0","True","0","0","0","0","0","0","0","0","1331"
"True","483072","True","True","1","True","0","0","0","True","240","0","0","True","0","True","0","0","483484","-1","-1","-1","-1","-1","-1","-1","-1","-1","-1","-1","-1","-1","-1","-1","-1","-1","0","-1","True","0","0","0","True","True","0","0","0","True","0","0","0","True","True","0","0","0","True","0","0","0","0","0","0","0","0","1332"
"True","483069","True","True","1","True","0","0","0","True","240","240","0","True","0","True","0","0","483484","-1","-1","-1","-1","-1","-1","-1","-1","-1","-1","-1","-1","-1","-1","-1","-1","-1","0","-1","True","0","0","0","True","True","0","0","0","True","0","0","0","True","True","0","0","0","True","0","0","0","0","0","0","0","0","1333"
"True","483070","True","True","1","True","0","0","0","True","480","240","0","True","0","True","0","0","483484","-1","-1","-1","-1","-1","-1","-1","-1","-1","-1","-1","-1","-1","-1","-1","-1","-1","0","-1","True","0","0","0","True","True","0","0","0","True","0","0","0","True","True","0","0","0","True","0","0","0","0","0","0","0","0","1334"
"True","483071","True","True","1","True","0","0","0","True","480","480","0","True","0","True","0","0","483484","-1","-1","-1","-1","-1","-1","-1","-1","-1","-1","-1","-1","-1","-1","-1","-1","-1","0","-1","True","0","0","0","True","True","0","0","0","True","0","0","0","True","True","0","0","0","True","0","0","0","0","0","0","0","0","1335"
"True","380605","True","True","1","True","0","0","0","True","0","0","0","True","0","True","0","0","378681","-1","-1","-1","-1","-1","-1","-1","-1","-1","-1","-1","-1","-1","-1","-1","-1","-1","0","-1","True","0","0","0","True","True","0","0","0","True","0","0","0","True","True","0","0","0","True","0","0","0","0","0","0","0","0","1336"
"True","380609","True","True","1","True","0","0","0","True","0","240","0","True","0","True","0","0","378681","-1","-1","-1","-1","-1","-1","-1","-1","-1","-1","-1","-1","-1","-1","-1","-1","-1","0","-1","True","0","0","0","True","True","0","0","0","True","0","0","0","True","True","0","0","0","True","0","0","0","0","0","0","0","0","1337"