"Int0","Int1","SNOScene","Int2","TagMap_","CustomTileInfo_","CustomTileInfo_I0","CustomTileInfo_I1","CustomTileInfo_I2","CustomTileInfo_V0_","CustomTileInfo_V0_X","CustomTileInfo_V0_Y","Id"
"0","401","32936","100","True","True","0","0","0","True","0","0","1"
"12","100","32939","75","True","True","0","0","0","True","0","0","2"
"12","100","32941","100","True","True","0","0","0","True","0","0","3"
"5","100","32954","100","True","True","0","0","0","True","0","0","4"
"13","100","32951","100","True","True","0","0","0","True","0","0","5"
"3","100","32961","100","True","True","0","0","0","True","0","0","6"
"3","100","32963","100","True","True","0","0","0","True","0","0","7"
"7","100","32960","100","True","True","0","0","0","True","0","0","8"
"15","100","32958","100","True","True","0","0","0","True","0","0","9"
"11","100","1884","100","True","True","0","0","0","True","0","0","10"
"9","100","32965","100","True","True","0","0","0","True","0","0","11"
"2","200","32990","100","True","True","0","0","0","True","0","0","12"
"6","100","32982","25","True","True","0","0","0","True","0","0","13"
"14","100","32979","100","True","True","0","0","0","True","0","0","14"
"10","100","32986","100","True","True","0","0","0","True","0","0","15"
"10","100","32987","100","True","True","0","0","0","True","0","0","16"
"5","100","66589","100","True","True","0","0","0","True","0","0","17"
"4","101","32943","100","True","True","0","0","0","True","0","0","18"
"1","101","32971","100","True","True","0","0","0","True","0","0","19"
"2","101","32991","100","True","True","0","0","0","True","0","0","20"
"8","101","32999","100","True","True","0","0","0","True","0","0","21"
"4","300","174633","100","True","True","0","0","0","True","0","0","22"
"1","300","174643","100","True","True","0","0","0","True","0","0","23"
"2","300","174657","100","True","True","0","0","0","True","0","0","24"
"8","300","174663","100","True","True","0","0","0","True","0","0","25"
"12","101","67021","100","True","True","0","0","0","True","0","0","26"
"5","100","32956","100","True","True","0","0","0","True","0","0","27"
"9","100","32968","100","True","True","0","0","0","True","0","0","28"
"6","100","66925","75","True","True","0","0","0","True","0","0","29"
"0","401","32936","100","True","True","0","0","0","True","0","0","30"
"5","100","32952","100","True","True","0","0","0","True","0","0","31"
"5","100","32954","100","True","True","0","0","0","True","0","0","32"
"5","100","32956","100","True","True","0","0","0","True","0","0","33"
"13","100","32951","100","True","True","0","0","0","True","0","0","34"
"3","100","32963","20","True","True","0","0","0","True","0","0","35"
"7","100","32960","100","True","True","0","0","0","True","0","0","36"
"11","100","1884","100","True","True","0","0","0","True","0","0","37"
"9","100","32967","100","True","True","0","0","0","True","0","0","38"
"10","100","32986","100","True","True","0","0","0","True","0","0","39"
"8","300","33001","100","True","True","0","0","0","True","0","0","40"
"3","100","32964","40","True","True","0","0","0","True","0","0","41"
"10","100","32987","100","True","True","0","0","0","True","0","0","42"
"5","102","32957","100","True","True","0","0","0","True","0","0","43"
"4","101","32943","100","True","True","0","0","0","True","0","0","44"
"1","101","32971","100","True","True","0","0","0","True","0","0","45"
"2","101","32991","100","True","True","0","0","0","True","0","0","46"
"8","101","32999","100","True","True","0","0","0","True","0","0","47"
"12","101","67021","100","True","True","0","0","0","True","0","0","48"
"9","100","32968","100","True","True","0","0","0","True","0","0","49"
"4","100","32938","100","True","True","0","0","0","True","0","0","50"
"1","100","32969","100","True","True","0","0","0","True","0","0","51"
"2","100","32989","100","True","True","0","0","0","True","0","0","52"
"8","100","1886","100","True","True","0","0","0","True","0","0","53"
"6","102","32984","100","True","True","0","0","0","True","0","0","54"
"4","200","32945","100","True","True","0","0","0","True","0","0","55"
"1","200","32974","100","True","True","0","0","0","True","0","0","56"
"1","200","32975","100","True","True","0","0","0","True","0","0","57"
"2","200","32992","100","True","True","0","0","0","True","0","0","58"
"8","200","33000","100","True","True","0","0","0","True","0","0","59"
"2","300","32995","100","True","True","0","0","0","True","0","0","60"
"4","300","32947","100","True","True","0","0","0","True","0","0","61"
"6","100","66925","100","True","True","0","0","0","True","0","0","62"
"14","100","1885","100","True","True","0","0","0","True","0","0","63"
"3","100","32961","40","True","True","0","0","0","True","0","0","64"
"0","401","32936","100","True","True","0","0","0","True","0","0","65"
"4","100","32938","100","True","True","0","0","0","True","0","0","66"
"4","300","32948","100","True","True","0","0","0","True","0","0","67"
"12","100","32941","100","True","True","0","0","0","True","0","0","68"
"1","100","32969","100","True","True","0","0","0","True","0","0","69"
"1","100","32970","100","True","True","0","0","0","True","0","0","70"
"5","100","32954","100","True","True","0","0","0","True","0","0","71"
"5","100","32956","100","True","True","0","0","0","True","0","0","72"
"13","100","32951","100","True","True","0","0","0","True","0","0","73"
"3","100","32961","30","True","True","0","0","0","True","0","0","74"
"3","100","32963","30","True","True","0","0","0","True","0","0","75"
"7","100","32960","100","True","True","0","0","0","True","0","0","76"
"15","100","32958","100","True","True","0","0","0","True","0","0","77"
"11","100","1884","100","True","True","0","0","0","True","0","0","78"
"9","100","32965","100","True","True","0","0","0","True","0","0","79"
"9","100","32967","100","True","True","0","0","0","True","0","0","80"
"2","100","32989","100","True","True","0","0","0","True","0","0","81"
"2","300","32997","100","True","True","0","0","0","True","0","0","82"
"6","100","32981","100","True","True","0","0","0","True","0","0","83"
"14","100","32979","100","True","True","0","0","0","True","0","0","84"
"10","100","32985","50","True","True","0","0","0","True","0","0","85"
"10","100","32986","25","True","True","0","0","0","True","0","0","86"
"8","100","1886","100","True","True","0","0","0","True","0","0","87"
"8","300","33002","100","True","True","0","0","0","True","0","0","88"
"12","100","1883","100","True","True","0","0","0","True","0","0","89"
"3","100","32964","303","True","True","0","0","0","True","0","0","90"
"9","100","32968","100","True","True","0","0","0","True","0","0","91"
"10","100","32987","25","True","True","0","0","0","True","0","0","92"
"6","102","32984","100","True","True","0","0","0","True","0","0","93"
"8","101","32999","100","True","True","0","0","0","True","0","0","94"
"5","102","32957","100","True","True","0","0","0","True","0","0","95"
"12","200","32940","100","True","True","0","0","0","True","0","0","96"
"12","101","67021","100","True","True","0","0","0","True","0","0","97"
"5","100","66589","100","True","True","0","0","0","True","0","0","98"
"3","100","66919","10","True","True","0","0","0","True","0","0","99"
"11","100","1890","100","True","True","0","0","0","True","0","0","100"
"4","200","33057","100","True","True","0","0","0","True","0","0","101"
"0","401","33060","100","True","True","0","0","0","True","0","0","102"
"13","100","33066","100","True","True","0","0","0","True","0","0","103"
"7","100","33073","100","True","True","0","0","0","True","0","0","104"
"9","100","33077","100","True","True","0","0","0","True","0","0","105"
"9","100","33078","100","True","True","0","0","0","True","0","0","106"
"6","100","33086","100","True","True","0","0","0","True","0","0","107"
"6","100","33087","100","True","True","0","0","0","True","0","0","108"
"10","100","33091","100","True","True","0","0","0","True","0","0","109"
"10","100","33092","100","True","True","0","0","0","True","0","0","110"
"2","200","33094","100","True","True","0","0","0","True","0","0","111"
"14","100","61126","100","True","True","0","0","0","True","0","0","112"
"4","100","61403","100","True","True","0","0","0","True","0","0","113"
"2","100","61428","100","True","True","0","0","0","True","0","0","114"
"1","100","61449","100","True","True","0","0","0","True","0","0","115"
"2","200","61489","100","True","True","0","0","0","True","0","0","116"
"1","200","61567","100","True","True","0","0","0","True","0","0","117"
"8","200","61650","100","True","True","0","0","0","True","0","0","118"
"5","100","33068","100","True","True","0","0","0","True","0","0","119"
"5","100","33070","100","True","True","0","0","0","True","0","0","120"
"8","100","61237","100","True","True","0","0","0","True","0","0","121"
"15","101","82768","100","True","True","0","0","0","True","0","0","122"
"15","100","33071","100","True","True","0","0","0","True","0","0","123"
"15","100","61748","100","True","True","0","0","0","True","0","0","124"
"12","102","82107","100","True","True","0","0","0","True","0","0","125"
"4","300","175016","100","True","True","0","0","0","True","0","0","126"
"1","300","175018","100","True","True","0","0","0","True","0","0","127"
"2","300","175020","100","True","True","0","0","0","True","0","0","128"
"8","300","175021","100","True","True","0","0","0","True","0","0","129"
"11","100","1890","100","True","True","0","0","0","True","0","0","130"
"12","100","33051","100","True","True","0","0","0","True","0","0","131"
"12","100","33054","100","True","True","0","0","0","True","0","0","132"
"0","401","33060","100","True","True","0","0","0","True","0","0","133"
"13","100","33066","100","True","True","0","0","0","True","0","0","134"
"5","100","33068","100","True","True","0","0","0","True","0","0","135"
"5","100","33070","100","True","True","0","0","0","True","0","0","136"
"7","100","33073","100","True","True","0","0","0","True","0","0","137"
"3","100","33075","100","True","True","0","0","0","True","0","0","138"
"3","100","33076","100","True","True","0","0","0","True","0","0","139"
"9","100","33077","100","True","True","0","0","0","True","0","0","140"
"9","100","33078","100","True","True","0","0","0","True","0","0","141"
"6","100","33086","100","True","True","0","0","0","True","0","0","142"
"6","100","33087","100","True","True","0","0","0","True","0","0","143"
"10","100","33091","100","True","True","0","0","0","True","0","0","144"
"10","100","33092","100","True","True","0","0","0","True","0","0","145"
"14","100","61126","100","True","True","0","0","0","True","0","0","146"
"8","100","61237","100","True","True","0","0","0","True","0","0","147"
"4","100","61403","100","True","True","0","0","0","True","0","0","148"
"2","100","61428","100","True","True","0","0","0","True","0","0","149"
"1","100","61449","100","True","True","0","0","0","True","0","0","150"
"4","200","33057","100","True","True","0","0","0","True","0","0","151"
"1","200","61567","100","True","True","0","0","0","True","0","0","152"
"2","200","33094","100","True","True","0","0","0","True","0","0","153"
"2","200","61489","100","True","True","0","0","0","True","0","0","154"
"8","200","61650","100","True","True","0","0","0","True","0","0","155"
"4","300","175016","100","True","True","0","0","0","True","0","0","156"
"1","300","175018","100","True","True","0","0","0","True","0","0","157"
"2","300","175020","100","True","True","0","0","0","True","0","0","158"
"8","300","175021","100","True","True","0","0","0","True","0","0","159"
"0","401","32936","100","True","True","0","0","0","True","0","0","160"
"1","100","32970","100","True","True","0","0","0","True","0","0","161"
"6","100","32982","100","True","True","0","0","0","True","0","0","162"
"10","100","32985","100","True","True","0","0","0","True","0","0","163"
"4","200","32944","100","True","True","0","0","0","True","0","0","164"
"9","100","32965","100","True","True","0","0","0","True","0","0","165"
"4","201","33057","100","True","True","0","0","0","True","0","0","166"
"12","100","33051","100","True","True","0","0","0","True","0","0","167"
"12","100","33054","100","True","True","0","0","0","True","0","0","168"
"0","401","33060","100","True","True","0","0","0","True","0","0","169"
"5","100","33068","100","True","True","0","0","0","True","0","0","170"
"5","100","33070","100","True","True","0","0","0","True","0","0","171"
"13","100","33066","100","True","True","0","0","0","True","0","0","172"
"3","100","33075","100","True","True","0","0","0","True","0","0","173"
"3","100","33076","100","True","True","0","0","0","True","0","0","174"
"7","100","33073","100","True","True","0","0","0","True","0","0","175"
"15","100","33071","100","True","True","0","0","0","True","0","0","176"
"11","100","1890","100","True","True","0","0","0","True","0","0","177"
"9","100","33077","100","True","True","0","0","0","True","0","0","178"
"9","100","33078","100","True","True","0","0","0","True","0","0","179"
"2","201","33094","100","True","True","0","0","0","True","0","0","180"
"6","100","33086","100","True","True","0","0","0","True","0","0","181"
"6","100","33087","100","True","True","0","0","0","True","0","0","182"
"10","100","33091","100","True","True","0","0","0","True","0","0","183"
"10","100","33092","100","True","True","0","0","0","True","0","0","184"
"8","201","33099","100","True","True","0","0","0","True","0","0","185"
"4","300","84766","100","True","True","0","0","0","True","0","0","186"
"1","300","84775","100","True","True","0","0","0","True","0","0","187"
"8","300","84787","100","True","True","0","0","0","True","0","0","188"
"4","100","61403","100","True","True","0","0","0","True","0","0","189"
"1","100","61449","100","True","True","0","0","0","True","0","0","190"
"1","201","61567","100","True","True","0","0","0","True","0","0","191"
"2","100","61428","100","True","True","0","0","0","True","0","0","192"
"14","100","61126","100","True","True","0","0","0","True","0","0","193"
"8","100","61237","100","True","True","0","0","0","True","0","0","194"
"2","201","61489","100","True","True","0","0","0","True","0","0","195"
"2","300","84784","100","True","True","0","0","0","True","0","0","196"
"2","200","74349","100","True","True","0","0","0","True","0","0","197"
"15","101","61748","100","True","True","0","0","0","True","0","0","198"
"15","102","91612","100","True","True","0","0","0","True","0","0","199"
"2","300","32993","100","True","True","0","0","0","True","0","0","200"
"3","100","32963","100","True","True","0","0","0","True","0","0","201"
"3","100","66919","100","True","True","0","0","0","True","0","0","202"
"8","200","33000","100","True","True","0","0","0","True","0","0","203"
"5","100","32952","30","True","True","0","0","0","True","0","0","204"
"5","100","32954","10","True","True","0","0","0","True","0","0","205"
"5","100","32955","30","True","True","0","0","0","True","0","0","206"
"5","100","66589","30","True","True","0","0","0","True","0","0","207"
"0","401","32936","100","True","True","0","0","0","True","0","0","208"
"4","100","32943","100","True","True","0","0","0","True","0","0","209"
"1","100","32971","100","True","True","0","0","0","True","0","0","210"
"2","100","32991","100","True","True","0","0","0","True","0","0","211"
"12","101","67021","100","True","True","0","0","0","True","0","0","212"
"4","100","33014","100","True","True","0","0","0","True","0","0","213"
"4","200","33015","100","True","True","0","0","0","True","0","0","214"
"12","100","33011","100","True","True","0","0","0","True","0","0","215"
"1","100","33032","100","True","True","0","0","0","True","0","0","216"
"1","200","33033","100","True","True","0","0","0","True","0","0","217"
"5","100","33025","100","True","True","0","0","0","True","0","0","218"
"13","100","33024","100","True","True","0","0","0","True","0","0","219"
"3","100","33030","100","True","True","0","0","0","True","0","0","220"
"7","100","33027","100","True","True","0","0","0","True","0","0","221"
"15","100","33026","100","True","True","0","0","0","True","0","0","222"
"11","100","33029","100","True","True","0","0","0","True","0","0","223"
"9","100","33031","100","True","True","0","0","0","True","0","0","224"
"2","100","33039","100","True","True","0","0","0","True","0","0","225"
"2","200","33040","100","True","True","0","0","0","True","0","0","226"
"6","100","33037","100","True","True","0","0","0","True","0","0","227"
"14","100","1888","100","True","True","0","0","0","True","0","0","228"
"10","100","33038","100","True","True","0","0","0","True","0","0","229"
"8","100","33044","100","True","True","0","0","0","True","0","0","230"
"8","200","33045","100","True","True","0","0","0","True","0","0","231"
"0","401","154775","100","True","True","0","0","0","True","0","0","232"
"4","300","33016","100","True","True","0","0","0","True","0","0","233"
"1","300","33034","100","True","True","0","0","0","True","0","0","234"
"2","300","33041","100","True","True","0","0","0","True","0","0","235"
"8","300","33046","100","True","True","0","0","0","True","0","0","236"
"11","100","1890","100","True","True","0","0","0","True","0","0","237"
"12","100","33051","100","True","True","0","0","0","True","0","0","238"
"0","401","33060","100","True","True","0","0","0","True","0","0","239"
"13","100","33066","100","True","True","0","0","0","True","0","0","240"
"5","100","33070","100","True","True","0","0","0","True","0","0","241"
"7","100","33073","100","True","True","0","0","0","True","0","0","242"
"3","100","33075","100","True","True","0","0","0","True","0","0","243"
"9","100","33078","100","True","True","0","0","0","True","0","0","244"
"6","100","33087","100","True","True","0","0","0","True","0","0","245"
"10","100","33091","100","True","True","0","0","0","True","0","0","246"
"14","100","61126","100","True","True","0","0","0","True","0","0","247"
"8","100","61237","100","True","True","0","0","0","True","0","0","248"
"4","100","61403","100","True","True","0","0","0","True","0","0","249"
"2","100","61428","100","True","True","0","0","0","True","0","0","250"
"1","100","61449","100","True","True","0","0","0","True","0","0","251"
"4","200","33057","100","True","True","0","0","0","True","0","0","252"
"1","200","61567","100","True","True","0","0","0","True","0","0","253"
"2","200","33094","100","True","True","0","0","0","True","0","0","254"
"2","200","61489","100","True","True","0","0","0","True","0","0","255"
"8","200","61650","100","True","True","0","0","0","True","0","0","256"
"4","300","84766","100","True","True","0","0","0","True","0","0","257"
"1","300","84775","100","True","True","0","0","0","True","0","0","258"
"2","300","84784","100","True","True","0","0","0","True","0","0","259"
"8","300","84787","100","True","True","0","0","0","True","0","0","260"
"4","100","132203","100","True","True","0","0","0","True","0","0","261"
"1","100","132218","100","True","True","0","0","0","True","0","0","262"
"15","100","131902","100","True","True","0","0","0","True","0","0","263"
"2","100","132263","100","True","True","0","0","0","True","0","0","264"
"8","100","132293","100","True","True","0","0","0","True","0","0","265"
"0","401","154775","100","True","True","0","0","0","True","0","0","266"
"4","200","33057","100","True","True","0","0","0","True","0","0","267"
"0","401","33060","100","True","True","0","0","0","True","0","0","268"
"15","101","33071","100","True","True","0","0","0","True","0","0","269"
"2","200","33094","100","True","True","0","0","0","True","0","0","270"
"4","300","175016","100","True","True","0","0","0","True","0","0","271"
"1","300","175018","100","True","True","0","0","0","True","0","0","272"
"2","300","175020","100","True","True","0","0","0","True","0","0","273"
"8","300","175021","100","True","True","0","0","0","True","0","0","274"
"1","100","61449","100","True","True","0","0","0","True","0","0","275"
"4","100","61403","100","True","True","0","0","0","True","0","0","276"
"2","100","61428","100","True","True","0","0","0","True","0","0","277"
"8","100","61237","100","True","True","0","0","0","True","0","0","278"
"1","200","61567","100","True","True","0","0","0","True","0","0","279"
"8","200","61650","100","True","True","0","0","0","True","0","0","280"
"4","100","33014","100","True","True","0","0","0","True","0","0","281"
"4","200","33015","100","True","True","0","0","0","True","0","0","282"
"12","100","33011","100","True","True","0","0","0","True","0","0","283"
"1","100","33032","100","True","True","0","0","0","True","0","0","284"
"1","200","33033","100","True","True","0","0","0","True","0","0","285"
"5","100","33025","100","True","True","0","0","0","True","0","0","286"
"13","101","33024","100","True","True","0","0","0","True","0","0","287"
"3","100","33030","100","True","True","0","0","0","True","0","0","288"
"7","101","33027","100","True","True","0","0","0","True","0","0","289"
"11","101","33029","100","True","True","0","0","0","True","0","0","290"
"9","100","33031","100","True","True","0","0","0","True","0","0","291"
"2","100","33039","100","True","True","0","0","0","True","0","0","292"
"2","200","33040","100","True","True","0","0","0","True","0","0","293"
"6","100","33037","100","True","True","0","0","0","True","0","0","294"
"14","101","1888","100","True","True","0","0","0","True","0","0","295"
"10","100","33038","100","True","True","0","0","0","True","0","0","296"
"8","100","33044","100","True","True","0","0","0","True","0","0","297"
"8","200","33045","100","True","True","0","0","0","True","0","0","298"
"4","300","92967","100","True","True","0","0","0","True","0","0","299"
"1","300","92971","100","True","True","0","0","0","True","0","0","300"
"2","300","92968","100","True","True","0","0","0","True","0","0","301"
"8","300","92969","100","True","True","0","0","0","True","0","0","302"
"0","401","154775","100","True","True","0","0","0","True","0","0","303"
"13","100","33024","100","True","True","0","0","0","True","0","0","304"
"7","100","33027","100","True","True","0","0","0","True","0","0","305"
"11","100","33029","100","True","True","0","0","0","True","0","0","306"
"14","100","1888","100","True","True","0","0","0","True","0","0","307"
"15","100","71938","100","True","True","0","0","0","True","0","0","308"
"0","401","74880","100","True","True","0","0","0","True","0","0","309"
"0","401","182753","100","True","True","0","0","0","True","0","0","310"
"4","200","30994","100","True","True","0","0","0","True","0","0","311"
"2","300","182475","100","True","True","0","0","0","True","0","0","312"
"15","100","71536","100","True","True","0","0","0","True","0","0","313"
"4","100","69669","100","True","True","0","0","0","True","0","0","314"
"3","101","123573","100","True","True","0","0","0","True","0","0","315"
"2","100","69953","100","True","True","0","0","0","True","0","0","316"
"8","100","70282","100","True","True","0","0","0","True","0","0","317"
"12","100","30992","100","True","True","0","0","0","True","0","0","318"
"4","100","30993","100","True","True","0","0","0","True","0","0","319"
"15","100","30995","100","True","True","0","0","0","True","0","0","320"
"15","100","30997","100","True","True","0","0","0","True","0","0","321"
"15","100","30998","100","True","True","0","0","0","True","0","0","322"
"3","100","30999","100","True","True","0","0","0","True","0","0","323"
"1","100","31000","100","True","True","0","0","0","True","0","0","324"
"1","100","31001","100","True","True","0","0","0","True","0","0","325"
"2","100","31002","100","True","True","0","0","0","True","0","0","326"
"8","100","31003","100","True","True","0","0","0","True","0","0","327"
"0","401","31129","100","True","True","0","0","0","True","0","0","328"
"4","300","183706","100","True","True","0","0","0","True","0","0","329"
"4","300","73912","100","True","True","0","0","0","True","0","0","330"
"4","200","74014","100","True","True","0","0","0","True","0","0","331"
"12","101","87483","50","True","True","0","0","0","True","0","0","332"
"12","100","31127","100","True","True","0","0","0","True","0","0","333"
"12","100","31128","100","True","True","0","0","0","True","0","0","334"
"1","300","183715","100","True","True","0","0","0","True","0","0","335"
"15","100","72815","100","True","True","0","0","0","True","0","0","336"
"7","100","1788","100","True","True","0","0","0","True","0","0","337"
"1","300","73792","100","True","True","0","0","0","True","0","0","338"
"1","200","87482","100","True","True","0","0","0","True","0","0","339"
"13","100","87484","100","True","True","0","0","0","True","0","0","340"
"13","100","87486","100","True","True","0","0","0","True","0","0","341"
"3","100","87487","100","True","True","0","0","0","True","0","0","342"
"3","100","87488","100","True","True","0","0","0","True","0","0","343"
"15","100","87490","100","True","True","0","0","0","True","0","0","344"
"15","100","87491","100","True","True","0","0","0","True","0","0","345"
"15","100","87492","100","True","True","0","0","0","True","0","0","346"
"15","100","87493","100","True","True","0","0","0","True","0","0","347"
"15","100","87494","100","True","True","0","0","0","True","0","0","348"
"15","100","87800","100","True","True","0","0","0","True","0","0","349"
"1","100","65907","100","True","True","0","0","0","True","0","0","350"
"11","100","71107","100","True","True","0","0","0","True","0","0","351"
"13","100","31130","100","True","True","0","0","0","True","0","0","352"
"13","100","31131","100","True","True","0","0","0","True","0","0","353"
"5","100","31132","100","True","True","0","0","0","True","0","0","354"
"5","100","31133","100","True","True","0","0","0","True","0","0","355"
"15","100","31134","100","True","True","0","0","0","True","0","0","356"
"7","100","31135","100","True","True","0","0","0","True","0","0","357"
"11","100","31136","100","True","True","0","0","0","True","0","0","358"
"11","100","31137","100","True","True","0","0","0","True","0","0","359"
"3","100","31138","100","True","True","0","0","0","True","0","0","360"
"3","100","31139","100","True","True","0","0","0","True","0","0","361"
"9","100","31140","100","True","True","0","0","0","True","0","0","362"
"9","100","31141","100","True","True","0","0","0","True","0","0","363"
"1","200","89485","100","True","True","0","0","0","True","0","0","364"
"2","300","183716","100","True","True","0","0","0","True","0","0","365"
"6","100","81243","100","True","True","0","0","0","True","0","0","366"
"2","300","72775","100","True","True","0","0","0","True","0","0","367"
"2","200","73987","100","True","True","0","0","0","True","0","0","368"
"2","100","66163","100","True","True","0","0","0","True","0","0","369"
"6","100","70715","100","True","True","0","0","0","True","0","0","370"
"10","100","79983","100","True","True","0","0","0","True","0","0","371"
"14","100","31142","100","True","True","0","0","0","True","0","0","372"
"14","100","31143","100","True","True","0","0","0","True","0","0","373"
"6","100","31144","100","True","True","0","0","0","True","0","0","374"
"6","100","31145","100","True","True","0","0","0","True","0","0","375"
"10","100","31146","100","True","True","0","0","0","True","0","0","376"
"10","100","31147","100","True","True","0","0","0","True","0","0","377"
"8","300","183712","100","True","True","0","0","0","True","0","0","378"
"8","300","73935","100","True","True","0","0","0","True","0","0","379"
"8","200","74062","100","True","True","0","0","0","True","0","0","380"
"8","100","66166","100","True","True","0","0","0","True","0","0","381"
"0","401","73032","100","True","True","0","0","0","True","0","0","382"
"0","401","73133","100","True","True","0","0","0","True","0","0","383"
"0","401","73142","100","True","True","0","0","0","True","0","0","384"
"0","401","76970","100","True","True","0","0","0","True","0","0","385"
"1","200","109118","100","True","True","0","0","0","True","0","0","386"
"4","300","109296","100","True","True","0","0","0","True","0","0","387"
"12","100","71078","100","True","True","0","0","0","True","0","0","388"
"12","100","71167","100","True","True","0","0","0","True","0","0","389"
"12","100","71177","100","True","True","0","0","0","True","0","0","390"
"5","100","116559","100","True","True","0","0","0","True","0","0","391"
"3","100","117070","100","True","True","0","0","0","True","0","0","392"
"5","100","139815","100","True","True","0","0","0","True","0","0","393"
"5","100","111118","100","True","True","0","0","0","True","0","0","394"
"5","100","70962","100","True","True","0","0","0","True","0","0","395"
"5","100","111361","100","True","True","0","0","0","True","0","0","396"
"3","100","71213","100","True","True","0","0","0","True","0","0","397"
"3","100","71216","100","True","True","0","0","0","True","0","0","398"
"3","100","116011","100","True","True","0","0","0","True","0","0","399"
"3","100","71279","100","True","True","0","0","0","True","0","0","400"
"10","100","112712","100","True","True","0","0","0","True","0","0","401"
"10","100","114855","100","True","True","0","0","0","True","0","0","402"
"10","100","74907","100","True","True","0","0","0","True","0","0","403"
"10","101","71341","100","True","True","0","0","0","True","0","0","404"
"10","100","71344","100","True","True","0","0","0","True","0","0","405"
"10","100","71350","100","True","True","0","0","0","True","0","0","406"
"2","200","75138","100","True","True","0","0","0","True","0","0","407"
"0","401","30924","100","True","True","0","0","0","True","0","0","408"
"12","100","52681","100","True","True","0","0","0","True","0","0","409"
"12","100","30925","100","True","True","0","0","0","True","0","0","410"
"12","100","30926","100","True","True","0","0","0","True","0","0","411"
"4","100","30927","100","True","True","0","0","0","True","0","0","412"
"4","200","30928","100","True","True","0","0","0","True","0","0","413"
"4","300","30929","100","True","True","0","0","0","True","0","0","414"
"1","300","80422","100","True","True","0","0","0","True","0","0","415"
"15","100","52682","100","True","True","0","0","0","True","0","0","416"
"3","100","52683","100","True","True","0","0","0","True","0","0","417"
"13","100","30930","100","True","True","0","0","0","True","0","0","418"
"13","100","30931","100","True","True","0","0","0","True","0","0","419"
"5","100","30932","100","True","True","0","0","0","True","0","0","420"
"5","100","30933","100","True","True","0","0","0","True","0","0","421"
"15","100","30934","100","True","True","0","0","0","True","0","0","422"
"15","100","30935","100","True","True","0","0","0","True","0","0","423"
"7","100","30936","100","True","True","0","0","0","True","0","0","424"
"7","100","30937","100","True","True","0","0","0","True","0","0","425"
"11","100","30938","100","True","True","0","0","0","True","0","0","426"
"11","100","30939","100","True","True","0","0","0","True","0","0","427"
"3","100","30940","100","True","True","0","0","0","True","0","0","428"
"3","100","30941","100","True","True","0","0","0","True","0","0","429"
"9","100","30942","100","True","True","0","0","0","True","0","0","430"
"9","100","30943","100","True","True","0","0","0","True","0","0","431"
"1","100","30944","100","True","True","0","0","0","True","0","0","432"
"1","200","30945","100","True","True","0","0","0","True","0","0","433"
"5","100","183305","100","True","True","0","0","0","True","0","0","434"
"10","100","109551","100","True","True","0","0","0","True","0","0","435"
"10","100","109578","100","True","True","0","0","0","True","0","0","436"
"14","100","30946","100","True","True","0","0","0","True","0","0","437"
"14","100","30947","100","True","True","0","0","0","True","0","0","438"
"6","100","30948","100","True","True","0","0","0","True","0","0","439"
"6","100","30949","100","True","True","0","0","0","True","0","0","440"
"10","100","30950","100","True","True","0","0","0","True","0","0","441"
"10","100","30951","100","True","True","0","0","0","True","0","0","442"
"2","100","30952","100","True","True","0","0","0","True","0","0","443"
"2","200","30953","100","True","True","0","0","0","True","0","0","444"
"2","300","30954","100","True","True","0","0","0","True","0","0","445"
"8","100","30955","100","True","True","0","0","0","True","0","0","446"
"8","200","30956","100","True","True","0","0","0","True","0","0","447"
"8","300","30957","100","True","True","0","0","0","True","0","0","448"
"8","300","80422","100","True","True","0","0","0","True","0","0","449"
"4","200","211486","100","True","True","0","0","0","True","0","0","450"
"4","300","211487","100","True","True","0","0","0","True","0","0","451"
"1","200","211488","100","True","True","0","0","0","True","0","0","452"
"1","300","211489","100","True","True","0","0","0","True","0","0","453"
"2","200","211490","100","True","True","0","0","0","True","0","0","454"
"2","300","211491","100","True","True","0","0","0","True","0","0","455"
"8","200","211492","100","True","True","0","0","0","True","0","0","456"
"8","300","211493","100","True","True","0","0","0","True","0","0","457"
"0","401","204614","100","True","True","0","0","0","True","0","0","458"
"4","100","204624","100","True","True","0","0","0","True","0","0","459"
"12","100","209181","100","True","True","0","0","0","True","0","0","460"
"15","100","204737","100","True","True","0","0","0","True","0","0","461"
"15","100","204745","100","True","True","0","0","0","True","0","0","462"
"3","100","209225","100","True","True","0","0","0","True","0","0","463"
"15","100","204755","100","True","True","0","0","0","True","0","0","464"
"15","100","204765","100","True","True","0","0","0","True","0","0","465"
"15","100","204775","100","True","True","0","0","0","True","0","0","466"
"1","100","204788","100","True","True","0","0","0","True","0","0","467"
"2","100","204804","100","True","True","0","0","0","True","0","0","468"
"8","100","204814","100","True","True","0","0","0","True","0","0","469"
"2","100","58491","100","True","True","0","0","0","True","0","0","470"
"11","100","1782","100","True","True","0","0","0","True","0","0","471"
"8","200","51230","100","True","True","0","0","0","True","0","0","472"
"2","100","178462","100","True","True","0","0","0","True","0","0","473"
"4","300","174054","100","True","True","0","0","0","True","0","0","474"
"1","300","174055","100","True","True","0","0","0","True","0","0","475"
"2","300","174056","100","True","True","0","0","0","True","0","0","476"
"8","300","174057","100","True","True","0","0","0","True","0","0","477"
"0","401","31004","100","True","True","0","0","0","True","0","0","478"
"12","100","31005","100","True","True","0","0","0","True","0","0","479"
"12","100","31006","100","True","True","0","0","0","True","0","0","480"
"12","100","31007","100","True","True","0","0","0","True","0","0","481"
"4","100","31008","100","True","True","0","0","0","True","0","0","482"
"4","200","31009","100","True","True","0","0","0","True","0","0","483"
"13","100","31010","100","True","True","0","0","0","True","0","0","484"
"13","100","31011","100","True","True","0","0","0","True","0","0","485"
"5","100","31012","100","True","True","0","0","0","True","0","0","486"
"5","100","31013","100","True","True","0","0","0","True","0","0","487"
"15","100","31014","100","True","True","0","0","0","True","0","0","488"
"15","100","31015","100","True","True","0","0","0","True","0","0","489"
"15","100","31016","100","True","True","0","0","0","True","0","0","490"
"15","100","31017","100","True","True","0","0","0","True","0","0","491"
"7","100","31018","100","True","True","0","0","0","True","0","0","492"
"7","100","31019","100","True","True","0","0","0","True","0","0","493"
"7","100","31020","100","True","True","0","0","0","True","0","0","494"
"11","100","31021","100","True","True","0","0","0","True","0","0","495"
"3","100","31022","100","True","True","0","0","0","True","0","0","496"
"3","100","31023","100","True","True","0","0","0","True","0","0","497"
"9","100","31024","100","True","True","0","0","0","True","0","0","498"
"9","100","31025","100","True","True","0","0","0","True","0","0","499"
"1","100","31026","100","True","True","0","0","0","True","0","0","500"
"1","200","31027","100","True","True","0","0","0","True","0","0","501"
"14","100","31028","100","True","True","0","0","0","True","0","0","502"
"14","100","31029","100","True","True","0","0","0","True","0","0","503"
"14","100","31030","100","True","True","0","0","0","True","0","0","504"
"6","100","31031","100","True","True","0","0","0","True","0","0","505"
"6","100","31032","100","True","True","0","0","0","True","0","0","506"
"10","100","31033","100","True","True","0","0","0","True","0","0","507"
"2","100","31034","100","True","True","0","0","0","True","0","0","508"
"2","200","31035","100","True","True","0","0","0","True","0","0","509"
"8","100","31036","100","True","True","0","0","0","True","0","0","510"
"4","300","58021","100","True","True","0","0","0","True","0","0","511"
"1","300","58022","100","True","True","0","0","0","True","0","0","512"
"2","300","58023","100","True","True","0","0","0","True","0","0","513"
"8","300","58024","100","True","True","0","0","0","True","0","0","514"
"0","401","213783","100","True","True","0","0","0","True","0","0","515"
"0","401","31037","100","True","True","0","0","0","True","0","0","516"
"0","401","31038","100","True","True","0","0","0","True","0","0","517"
"0","401","68087","100","True","True","0","0","0","True","0","0","518"
"0","401","31039","100","True","True","0","0","0","True","0","0","519"
"0","401","31040","100","True","True","0","0","0","True","0","0","520"
"0","401","1783","100","True","True","0","0","0","True","0","0","521"
"0","401","31042","100","True","True","0","0","0","True","0","0","522"
"0","100","59810","100","True","True","0","0","0","True","0","0","523"
"4","100","31046","100","True","True","0","0","0","True","0","0","524"
"4","100","31047","100","True","True","0","0","0","True","0","0","525"
"4","300","151790","100","True","True","0","0","0","True","0","0","526"
"4","100","184616","100","True","True","0","0","0","True","0","0","527"
"4","200","31048","100","True","True","0","0","0","True","0","0","528"
"4","300","31049","100","True","True","0","0","0","True","0","0","529"
"12","100","31043","100","True","True","0","0","0","True","0","0","530"
"12","100","31044","100","True","True","0","0","0","True","0","0","531"
"12","100","31045","100","True","True","0","0","0","True","0","0","532"
"0","401","75656","100","True","True","0","0","0","True","0","0","533"
"0","401","168887","100","True","True","0","0","0","True","0","0","534"
"12","100","31050","100","True","True","0","0","0","True","0","0","535"
"12","100","31051","100","True","True","0","0","0","True","0","0","536"
"12","100","31053","100","True","True","0","0","0","True","0","0","537"
"12","100","67027","100","True","True","0","0","0","True","0","0","538"
"12","100","59216","100","True","True","0","0","0","True","0","0","539"
"12","100","31055","100","True","True","0","0","0","True","0","0","540"
"3","100","31056","100","True","True","0","0","0","True","0","0","541"
"3","100","31057","100","True","True","0","0","0","True","0","0","542"
"3","100","31058","100","True","True","0","0","0","True","0","0","543"
"3","100","59558","100","True","True","0","0","0","True","0","0","544"
"3","100","31059","100","True","True","0","0","0","True","0","0","545"
"3","100","1784","100","True","True","0","0","0","True","0","0","546"
"3","100","67558","100","True","True","0","0","0","True","0","0","547"
"1","100","31070","100","True","True","0","0","0","True","0","0","548"
"1","100","31071","100","True","True","0","0","0","True","0","0","549"
"1","100","31072","100","True","True","0","0","0","True","0","0","550"
"1","300","184618","100","True","True","0","0","0","True","0","0","551"
"1","200","31073","100","True","True","0","0","0","True","0","0","552"
"1","300","31074","100","True","True","0","0","0","True","0","0","553"
"1","100","31075","100","True","True","0","0","0","True","0","0","554"
"5","100","31062","100","True","True","0","0","0","True","0","0","555"
"13","100","31061","100","True","True","0","0","0","True","0","0","556"
"3","100","31068","100","True","True","0","0","0","True","0","0","557"
"7","100","31066","100","True","True","0","0","0","True","0","0","558"
"7","100","65903","100","True","True","0","0","0","True","0","0","559"
"15","100","31063","100","True","True","0","0","0","True","0","0","560"
"15","100","150675","100","True","True","0","0","0","True","0","0","561"
"15","100","69230","100","True","True","0","0","0","True","0","0","562"
"15","100","31064","100","True","True","0","0","0","True","0","0","563"
"15","100","67928","100","True","True","0","0","0","True","0","0","564"
"11","100","31067","100","True","True","0","0","0","True","0","0","565"
"11","100","67751","100","True","True","0","0","0","True","0","0","566"
"9","100","31069","100","True","True","0","0","0","True","0","0","567"
"15","100","116976","100","True","True","0","0","0","True","0","0","568"
"8","100","33044","100","True","True","0","0","0","True","0","0","569"
"4","300","92967","100","True","True","0","0","0","True","0","0","570"
"1","100","33032","100","True","True","0","0","0","True","0","0","571"
"0","401","154775","100","True","True","0","0","0","True","0","0","572"
"0","401","30958","100","True","True","0","0","0","True","0","0","573"
"0","401","202042","100","True","True","0","0","0","True","0","0","587"
"0","401","30958","100","True","True","0","0","0","True","0","0","588"
"4","100","30962","100","True","True","0","0","0","True","0","0","589"
"4","200","30963","100","True","True","0","0","0","True","0","0","590"
"4","300","57474","100","True","True","0","0","0","True","0","0","591"
"12","100","30959","100","True","True","0","0","0","True","0","0","592"
"12","100","30960","100","True","True","0","0","0","True","0","0","593"
"12","100","30961","100","True","True","0","0","0","True","0","0","594"
"12","100","198184","100","True","True","0","0","0","True","0","0","595"
"1","100","30981","100","True","True","0","0","0","True","0","0","596"
"1","200","30982","100","True","True","0","0","0","True","0","0","597"
"1","300","57475","100","True","True","0","0","0","True","0","0","598"
"5","100","30965","100","True","True","0","0","0","True","0","0","599"
"5","100","30966","100","True","True","0","0","0","True","0","0","600"
"13","100","30964","100","True","True","0","0","0","True","0","0","601"
"13","100","1779","100","True","True","0","0","0","True","0","0","602"
"3","100","30977","100","True","True","0","0","0","True","0","0","603"
"3","100","30978","100","True","True","0","0","0","True","0","0","604"
"7","100","30971","100","True","True","0","0","0","True","0","0","605"
"7","100","30972","100","True","True","0","0","0","True","0","0","606"
"7","100","30973","100","True","True","0","0","0","True","0","0","607"
"7","100","158161","100","True","True","0","0","0","True","0","0","608"
"4","300","80580","100","True","True","0","0","0","True","0","0","609"
"15","100","30967","100","True","True","0","0","0","True","0","0","610"
"15","100","30968","100","True","True","0","0","0","True","0","0","611"
"15","100","30969","100","True","True","0","0","0","True","0","0","612"
"15","100","30970","100","True","True","0","0","0","True","0","0","613"
"11","100","30975","100","True","True","0","0","0","True","0","0","614"
"11","100","30976","100","True","True","0","0","0","True","0","0","615"
"11","100","199783","100","True","True","0","0","0","True","0","0","616"
"9","100","30979","100","True","True","0","0","0","True","0","0","617"
"9","100","30980","100","True","True","0","0","0","True","0","0","618"
"2","100","30988","100","True","True","0","0","0","True","0","0","619"
"2","200","30989","100","True","True","0","0","0","True","0","0","620"
"2","300","57476","100","True","True","0","0","0","True","0","0","621"
"2","300","198412","100","True","True","0","0","0","True","0","0","622"
"6","100","30985","100","True","True","0","0","0","True","0","0","623"
"6","100","30986","100","True","True","0","0","0","True","0","0","624"
"14","100","30983","100","True","True","0","0","0","True","0","0","625"
"14","100","1780","100","True","True","0","0","0","True","0","0","626"
"14","100","30984","100","True","True","0","0","0","True","0","0","627"
"0","100","59372","100","True","True","0","0","0","True","0","0","628"
"10","100","30987","100","True","True","0","0","0","True","0","0","629"
"8","100","30990","100","True","True","0","0","0","True","0","0","630"
"8","200","30991","100","True","True","0","0","0","True","0","0","631"
"8","300","57477","100","True","True","0","0","0","True","0","0","632"
"4","100","67675","100","True","True","0","0","0","True","0","0","644"
"4","300","153331","100","True","True","0","0","0","True","0","0","645"
"4","200","67690","100","True","True","0","0","0","True","0","0","646"
"4","300","68142","100","True","True","0","0","0","True","0","0","647"
"12","100","67723","100","True","True","0","0","0","True","0","0","648"
"0","401","167942","100","True","True","0","0","0","True","0","0","649"
"4","100","132203","100","True","True","0","0","0","True","0","0","650"
"4","300","160760","100","True","True","0","0","0","True","0","0","651"
"4","200","132208","100","True","True","0","0","0","True","0","0","652"
"4","300","132213","100","True","True","0","0","0","True","0","0","653"
"12","100","132029","100","True","True","0","0","0","True","0","0","654"
"1","100","132218","100","True","True","0","0","0","True","0","0","655"
"1","300","160834","100","True","True","0","0","0","True","0","0","656"
"1","200","132223","100","True","True","0","0","0","True","0","0","657"
"1","300","132228","100","True","True","0","0","0","True","0","0","658"
"5","100","132233","100","True","True","0","0","0","True","0","0","659"
"13","100","132238","100","True","True","0","0","0","True","0","0","660"
"3","100","132243","100","True","True","0","0","0","True","0","0","661"
"7","100","132248","100","True","True","0","0","0","True","0","0","662"
"15","100","131902","100","True","True","0","0","0","True","0","0","663"
"11","100","132253","100","True","True","0","0","0","True","0","0","664"
"9","100","132258","100","True","True","0","0","0","True","0","0","665"
"2","100","132263","100","True","True","0","0","0","True","0","0","666"
"2","300","160850","100","True","True","0","0","0","True","0","0","667"
"2","200","132268","100","True","True","0","0","0","True","0","0","668"
"2","300","132273","100","True","True","0","0","0","True","0","0","669"
"6","100","132278","100","True","True","0","0","0","True","0","0","670"
"14","100","132283","100","True","True","0","0","0","True","0","0","671"
"10","100","132288","100","True","True","0","0","0","True","0","0","672"
"8","100","132293","100","True","True","0","0","0","True","0","0","673"
"8","300","160078","100","True","True","0","0","0","True","0","0","674"
"8","200","132298","100","True","True","0","0","0","True","0","0","675"
"8","300","132303","100","True","True","0","0","0","True","0","0","676"
"1","100","67775","100","True","True","0","0","0","True","0","0","677"
"1","300","153332","100","True","True","0","0","0","True","0","0","678"
"1","200","67790","100","True","True","0","0","0","True","0","0","679"
"1","300","68143","100","True","True","0","0","0","True","0","0","680"
"5","100","67811","100","True","True","0","0","0","True","0","0","681"
"13","100","67885","100","True","True","0","0","0","True","0","0","682"
"3","100","69788","100","True","True","0","0","0","True","0","0","683"
"7","100","59139","100","True","True","0","0","0","True","0","0","684"
"15","100","67325","100","True","True","0","0","0","True","0","0","685"
"15","100","69174","100","True","True","0","0","0","True","0","0","686"
"15","100","68222","100","True","True","0","0","0","True","0","0","687"
"11","100","67912","100","True","True","0","0","0","True","0","0","688"
"9","100","67931","100","True","True","0","0","0","True","0","0","689"
"2","100","68057","100","True","True","0","0","0","True","0","0","690"
"2","300","153333","100","True","True","0","0","0","True","0","0","691"
"2","200","68067","100","True","True","0","0","0","True","0","0","692"
"2","300","68144","100","True","True","0","0","0","True","0","0","693"
"6","100","68076","100","True","True","0","0","0","True","0","0","694"
"14","100","68091","100","True","True","0","0","0","True","0","0","695"
"10","100","68110","100","True","True","0","0","0","True","0","0","696"
"8","100","68119","100","True","True","0","0","0","True","0","0","697"
"8","300","153334","100","True","True","0","0","0","True","0","0","698"
"8","200","68130","100","True","True","0","0","0","True","0","0","699"
"8","300","68145","100","True","True","0","0","0","True","0","0","700"
"5","100","82838","100","True","True","0","0","0","True","0","0","717"
"13","100","82831","100","True","True","0","0","0","True","0","0","718"
"7","100","85997","100","True","True","0","0","0","True","0","0","719"
"7","100","192564","100","True","True","0","0","0","True","0","0","720"
"15","100","82879","100","True","True","0","0","0","True","0","0","721"
"11","100","82901","100","True","True","0","0","0","True","0","0","722"
"11","100","192733","100","True","True","0","0","0","True","0","0","723"
"9","100","82908","100","True","True","0","0","0","True","0","0","724"
"6","100","82939","100","True","True","0","0","0","True","0","0","725"
"6","100","86013","100","True","True","0","0","0","True","0","0","726"
"10","100","82954","100","True","True","0","0","0","True","0","0","742"
"3","100","67782","100","True","True","0","0","0","True","0","0","759"
"3","100","212920","100","True","True","0","0","0","True","0","0","760"
"3","100","68027","100","True","True","0","0","0","True","0","0","761"
"3","100","212896","100","True","True","0","0","0","True","0","0","762"
"3","100","68283","100","True","True","0","0","0","True","0","0","763"
"3","100","212912","100","True","True","0","0","0","True","0","0","764"
"3","100","68414","100","True","True","0","0","0","True","0","0","765"
"3","100","68169","100","True","True","0","0","0","True","0","0","766"
"3","100","70501","100","True","True","0","0","0","True","0","0","767"
"3","100","68500","100","True","True","0","0","0","True","0","0","768"
"3","100","69756","100","True","True","0","0","0","True","0","0","769"
"4","100","118004","100","True","True","0","0","0","True","0","0","771"
"4","100","118013","100","True","True","0","0","0","True","0","0","772"
"4","100","118007","100","True","True","0","0","0","True","0","0","773"
"4","100","150768","100","True","True","0","0","0","True","0","0","774"
"4","100","150771","100","True","True","0","0","0","True","0","0","775"
"4","100","150777","100","True","True","0","0","0","True","0","0","776"
"4","100","150774","100","True","True","0","0","0","True","0","0","777"
"4","100","118010","100","True","True","0","0","0","True","0","0","778"
"12","100","116325","100","True","True","0","0","0","True","0","0","791"
"12","100","116333","100","True","True","0","0","0","True","0","0","792"
"12","100","116329","100","True","True","0","0","0","True","0","0","793"
"12","100","116321","100","True","True","0","0","0","True","0","0","794"
"12","100","116495","100","True","True","0","0","0","True","0","0","795"
"12","100","116503","100","True","True","0","0","0","True","0","0","796"
"12","100","116499","100","True","True","0","0","0","True","0","0","797"
"12","100","116491","100","True","True","0","0","0","True","0","0","798"
"0","401","199983","100","True","True","0","0","0","True","0","0","799"
"0","401","199989","100","True","True","0","0","0","True","0","0","800"
"0","401","199992","100","True","True","0","0","0","True","0","0","801"
"0","401","199986","100","True","True","0","0","0","True","0","0","802"
"3","401","156378","100","True","True","0","0","0","True","0","0","803"
"3","401","156372","100","True","True","0","0","0","True","0","0","804"
"2","401","156285","100","True","True","0","0","0","True","0","0","805"
"2","401","156292","100","True","True","0","0","0","True","0","0","806"
"2","401","156295","100","True","True","0","0","0","True","0","0","807"
"2","401","156288","100","True","True","0","0","0","True","0","0","808"
"1","100","117841","100","True","True","0","0","0","True","0","0","809"
"1","100","117850","100","True","True","0","0","0","True","0","0","810"
"1","100","117844","100","True","True","0","0","0","True","0","0","811"
"1","100","117847","100","True","True","0","0","0","True","0","0","812"
"5","100","111062","100","True","True","0","0","0","True","0","0","813"
"5","100","111071","100","True","True","0","0","0","True","0","0","814"
"5","100","111065","100","True","True","0","0","0","True","0","0","815"
"5","100","111068","100","True","True","0","0","0","True","0","0","816"
"5","100","120600","100","True","True","0","0","0","True","0","0","817"
"5","100","120574","100","True","True","0","0","0","True","0","0","818"
"5","100","120603","100","True","True","0","0","0","True","0","0","819"
"5","100","120606","100","True","True","0","0","0","True","0","0","820"
"13","100","116996","100","True","True","0","0","0","True","0","0","821"
"13","100","117004","100","True","True","0","0","0","True","0","0","822"
"13","100","117000","100","True","True","0","0","0","True","0","0","823"
"13","100","116992","100","True","True","0","0","0","True","0","0","824"
"3","100","120446","100","True","True","0","0","0","True","0","0","825"
"3","100","120454","100","True","True","0","0","0","True","0","0","826"
"3","100","120450","100","True","True","0","0","0","True","0","0","827"
"3","100","120442","100","True","True","0","0","0","True","0","0","828"
"3","100","115976","100","True","True","0","0","0","True","0","0","829"
"3","100","115984","100","True","True","0","0","0","True","0","0","830"
"3","100","150337","100","True","True","0","0","0","True","0","0","831"
"3","100","150343","100","True","True","0","0","0","True","0","0","832"
"3","100","150346","100","True","True","0","0","0","True","0","0","833"
"3","100","150340","100","True","True","0","0","0","True","0","0","834"
"3","100","115980","100","True","True","0","0","0","True","0","0","835"
"3","100","115972","100","True","True","0","0","0","True","0","0","836"
"3","100","121192","100","True","True","0","0","0","True","0","0","837"
"3","100","121200","100","True","True","0","0","0","True","0","0","838"
"3","100","121196","100","True","True","0","0","0","True","0","0","839"
"3","100","121188","100","True","True","0","0","0","True","0","0","840"
"7","100","115454","100","True","True","0","0","0","True","0","0","841"
"7","100","115462","100","True","True","0","0","0","True","0","0","842"
"7","100","115458","100","True","True","0","0","0","True","0","0","843"
"7","100","115450","100","True","True","0","0","0","True","0","0","844"
"15","100","86852","100","True","True","0","0","0","True","0","0","845"
"15","100","86855","100","True","True","0","0","0","True","0","0","846"
"15","100","86853","100","True","True","0","0","0","True","0","0","847"
"15","100","86854","100","True","True","0","0","0","True","0","0","848"
"11","100","115223","100","True","True","0","0","0","True","0","0","849"
"11","100","115232","100","True","True","0","0","0","True","0","0","850"
"11","100","115226","100","True","True","0","0","0","True","0","0","851"
"11","100","115229","100","True","True","0","0","0","True","0","0","852"
"11","100","118415","100","True","True","0","0","0","True","0","0","853"
"11","100","118423","100","True","True","0","0","0","True","0","0","854"
"11","100","118419","100","True","True","0","0","0","True","0","0","855"
"11","100","118411","100","True","True","0","0","0","True","0","0","856"
"9","100","107258","100","True","True","0","0","0","True","0","0","857"
"9","100","107248","100","True","True","0","0","0","True","0","0","858"
"9","100","107263","100","True","True","0","0","0","True","0","0","859"
"9","100","107253","100","True","True","0","0","0","True","0","0","860"
"9","100","120062","100","True","True","0","0","0","True","0","0","861"
"9","100","120071","100","True","True","0","0","0","True","0","0","862"
"9","100","120065","100","True","True","0","0","0","True","0","0","863"
"9","100","120068","100","True","True","0","0","0","True","0","0","864"
"2","100","118309","100","True","True","0","0","0","True","0","0","865"
"2","100","118318","100","True","True","0","0","0","True","0","0","866"
"2","100","118312","100","True","True","0","0","0","True","0","0","867"
"2","100","118315","100","True","True","0","0","0","True","0","0","868"
"2","100","151076","100","True","True","0","0","0","True","0","0","869"
"2","100","151082","100","True","True","0","0","0","True","0","0","870"
"2","100","151085","100","True","True","0","0","0","True","0","0","871"
"2","100","151079","100","True","True","0","0","0","True","0","0","872"
"2","300","148100","100","True","True","0","0","0","True","0","0","873"
"2","300","148089","100","True","True","0","0","0","True","0","0","874"
"2","300","148105","100","True","True","0","0","0","True","0","0","875"
"2","300","148095","100","True","True","0","0","0","True","0","0","876"
"2","300","152712","100","True","True","0","0","0","True","0","0","877"
"2","300","152718","100","True","True","0","0","0","True","0","0","878"
"2","300","152721","100","True","True","0","0","0","True","0","0","879"
"2","300","152715","100","True","True","0","0","0","True","0","0","880"
"6","100","116933","100","True","True","0","0","0","True","0","0","881"
"6","100","116942","100","True","True","0","0","0","True","0","0","882"
"6","100","116936","100","True","True","0","0","0","True","0","0","883"
"6","100","116939","100","True","True","0","0","0","True","0","0","884"
"6","100","116253","100","True","True","0","0","0","True","0","0","885"
"6","100","116263","100","True","True","0","0","0","True","0","0","886"
"6","100","116257","100","True","True","0","0","0","True","0","0","887"
"6","100","116280","100","True","True","0","0","0","True","0","0","888"
"6","100","115872","100","True","True","0","0","0","True","0","0","889"
"6","100","115881","100","True","True","0","0","0","True","0","0","890"
"6","100","115875","100","True","True","0","0","0","True","0","0","891"
"6","100","115878","100","True","True","0","0","0","True","0","0","892"
"6","100","120828","100","True","True","0","0","0","True","0","0","893"
"6","100","120836","100","True","True","0","0","0","True","0","0","894"
"6","100","120832","100","True","True","0","0","0","True","0","0","895"
"6","100","120824","100","True","True","0","0","0","True","0","0","896"
"14","100","114347","100","True","True","0","0","0","True","0","0","897"
"14","100","114356","100","True","True","0","0","0","True","0","0","898"
"14","100","114350","100","True","True","0","0","0","True","0","0","899"
"14","100","114353","100","True","True","0","0","0","True","0","0","900"
"14","100","117763","100","True","True","0","0","0","True","0","0","901"
"14","100","117771","100","True","True","0","0","0","True","0","0","902"
"14","100","117767","100","True","True","0","0","0","True","0","0","903"
"14","100","117759","100","True","True","0","0","0","True","0","0","904"
"0","401","108440","100","True","True","0","0","0","True","0","0","905"
"0","401","129725","100","True","True","0","0","0","True","0","0","906"
"0","401","129731","100","True","True","0","0","0","True","0","0","907"
"0","401","129734","100","True","True","0","0","0","True","0","0","908"
"0","401","129728","100","True","True","0","0","0","True","0","0","909"
"0","401","131458","100","True","True","0","0","0","True","0","0","910"
"0","401","131464","100","True","True","0","0","0","True","0","0","911"
"0","401","131467","100","True","True","0","0","0","True","0","0","912"
"0","401","131461","100","True","True","0","0","0","True","0","0","913"
"0","401","120297","100","True","True","0","0","0","True","0","0","914"
"0","401","120303","100","True","True","0","0","0","True","0","0","915"
"0","401","120300","100","True","True","0","0","0","True","0","0","916"
"0","401","120294","100","True","True","0","0","0","True","0","0","917"
"0","401","141803","100","True","True","0","0","0","True","0","0","918"
"0","401","141804","100","True","True","0","0","0","True","0","0","919"
"0","401","141805","100","True","True","0","0","0","True","0","0","920"
"0","401","141807","100","True","True","0","0","0","True","0","0","921"
"0","401","133030","100","True","True","0","0","0","True","0","0","922"
"0","401","133036","100","True","True","0","0","0","True","0","0","923"
"0","401","133039","100","True","True","0","0","0","True","0","0","924"
"0","401","133033","100","True","True","0","0","0","True","0","0","925"
"0","200","129427","100","True","True","0","0","0","True","0","0","926"
"0","200","129433","100","True","True","0","0","0","True","0","0","927"
"0","200","129436","100","True","True","0","0","0","True","0","0","928"
"0","200","129430","100","True","True","0","0","0","True","0","0","929"
"0","200","130295","100","True","True","0","0","0","True","0","0","930"
"0","200","130301","100","True","True","0","0","0","True","0","0","931"
"0","200","130304","100","True","True","0","0","0","True","0","0","932"
"0","200","130298","100","True","True","0","0","0","True","0","0","933"
"0","300","128931","100","True","True","0","0","0","True","0","0","934"
"0","300","128940","100","True","True","0","0","0","True","0","0","935"
"0","300","128940","100","True","True","0","0","0","True","0","0","936"
"0","300","128934","100","True","True","0","0","0","True","0","0","937"
"10","100","112664","100","True","True","0","0","0","True","0","0","938"
"10","100","112673","100","True","True","0","0","0","True","0","0","939"
"10","100","112667","100","True","True","0","0","0","True","0","0","940"
"10","100","112670","100","True","True","0","0","0","True","0","0","941"
"8","100","119065","100","True","True","0","0","0","True","0","0","942"
"8","100","119074","100","True","True","0","0","0","True","0","0","943"
"8","100","119068","100","True","True","0","0","0","True","0","0","944"
"8","100","119071","100","True","True","0","0","0","True","0","0","945"
"4","100","188842","100","True","True","0","0","0","True","0","0","946"
"4","300","189312","100","True","True","0","0","0","True","0","0","947"
"4","200","188852","100","True","True","0","0","0","True","0","0","948"
"4","300","221695","100","True","True","0","0","0","True","0","0","949"
"12","100","188826","100","True","True","0","0","0","True","0","0","950"
"0","401","188860","100","True","True","0","0","0","True","0","0","951"
"1","100","188957","100","True","True","0","0","0","True","0","0","952"
"1","300","189323","100","True","True","0","0","0","True","0","0","953"
"1","200","188973","100","True","True","0","0","0","True","0","0","954"
"1","300","221694","100","True","True","0","0","0","True","0","0","955"
"5","100","188884","100","True","True","0","0","0","True","0","0","956"
"13","100","188872","100","True","True","0","0","0","True","0","0","957"
"3","100","188926","100","True","True","0","0","0","True","0","0","958"
"7","100","188896","100","True","True","0","0","0","True","0","0","959"
"15","100","188753","100","True","True","0","0","0","True","0","0","960"
"11","100","188909","100","True","True","0","0","0","True","0","0","961"
"9","100","188940","100","True","True","0","0","0","True","0","0","962"
"2","100","189089","100","True","True","0","0","0","True","0","0","963"
"2","300","189324","100","True","True","0","0","0","True","0","0","964"
"2","200","189120","100","True","True","0","0","0","True","0","0","965"
"2","300","221693","100","True","True","0","0","0","True","0","0","966"
"6","100","189016","100","True","True","0","0","0","True","0","0","967"
"14","100","189003","100","True","True","0","0","0","True","0","0","968"
"10","100","189028","100","True","True","0","0","0","True","0","0","969"
"8","100","189137","100","True","True","0","0","0","True","0","0","970"
"8","300","189325","100","True","True","0","0","0","True","0","0","971"
"8","200","189152","100","True","True","0","0","0","True","0","0","972"
"8","300","189162","100","True","True","0","0","0","True","0","0","973"
"0","401","186550","100","True","True","0","0","0","True","0","0","974"
"0","401","204708","100","True","True","0","0","0","True","0","0","975"
"0","401","193239","100","True","True","0","0","0","True","0","0","976"
"12","100","75261","100","True","True","0","0","0","True","0","0","977"
"5","100","75141","100","True","True","0","0","0","True","0","0","978"
"3","100","75186","100","True","True","0","0","0","True","0","0","979"
"15","100","75353","100","True","True","0","0","0","True","0","0","980"
"15","100","116976","100","True","True","0","0","0","True","0","0","981"
"11","100","75144","100","True","True","0","0","0","True","0","0","982"
"2","200","75138","100","True","True","0","0","0","True","0","0","983"
"8","200","75606","100","True","True","0","0","0","True","0","0","984"
"12","100","77019","100","True","True","0","0","0","True","0","0","985"
"5","100","77528","100","True","True","0","0","0","True","0","0","986"
"3","100","77743","100","True","True","0","0","0","True","0","0","987"
"15","100","76669","100","True","True","0","0","0","True","0","0","988"
"11","100","77559","100","True","True","0","0","0","True","0","0","989"
"2","200","76837","100","True","True","0","0","0","True","0","0","990"
"8","200","77876","100","True","True","0","0","0","True","0","0","991"
"0","401","32936","100","True","True","0","0","0","True","0","0","992"
"0","100","60885","100","True","True","0","0","0","True","0","0","993"
"0","100","32938","100","True","True","0","0","0","True","0","0","994"
"4","100","32943","100","True","True","0","0","0","True","0","0","995"
"4","300","136166","100","True","True","0","0","0","True","0","0","996"
"4","200","32944","100","True","True","0","0","0","True","0","0","997"
"4","200","32945","100","True","True","0","0","0","True","0","0","998"
"4","300","32946","100","True","True","0","0","0","True","0","0","999"
"4","300","32947","100","True","True","0","0","0","True","0","0","1000"
"4","300","174633","100","True","True","0","0","0","True","0","0","1001"
"4","300","132948","100","True","True","0","0","0","True","0","0","1002"
"12","100","32939","100","True","True","0","0","0","True","0","0","1003"
"12","101","67021","100","True","True","0","0","0","True","0","0","1004"
"12","100","32940","100","True","True","0","0","0","True","0","0","1005"
"12","100","32941","100","True","True","0","0","0","True","0","0","1006"
"12","100","1883","100","True","True","0","0","0","True","0","0","1007"
"1","100","32969","100","True","True","0","0","0","True","0","0","1008"
"1","100","32970","100","True","True","0","0","0","True","0","0","1009"
"1","100","32971","100","True","True","0","0","0","True","0","0","1010"
"1","300","136167","100","True","True","0","0","0","True","0","0","1011"
"1","200","32974","100","True","True","0","0","0","True","0","0","1012"
"1","200","32975","100","True","True","0","0","0","True","0","0","1013"
"1","300","32976","100","True","True","0","0","0","True","0","0","1014"
"1","300","174643","100","True","True","0","0","0","True","0","0","1015"
"5","100","32952","100","True","True","0","0","0","True","0","0","1016"
"5","100","66589","100","True","True","0","0","0","True","0","0","1017"
"5","100","32954","100","True","True","0","0","0","True","0","0","1018"
"5","100","32955","100","True","True","0","0","0","True","0","0","1019"
"5","100","32956","100","True","True","0","0","0","True","0","0","1020"
"5","100","32957","100","True","True","0","0","0","True","0","0","1021"
"13","100","32951","100","True","True","0","0","0","True","0","0","1022"
"3","100","32961","100","True","True","0","0","0","True","0","0","1023"
"3","100","66919","100","True","True","0","0","0","True","0","0","1024"
"3","100","32963","100","True","True","0","0","0","True","0","0","1025"
"3","100","32964","100","True","True","0","0","0","True","0","0","1026"
"7","100","32960","100","True","True","0","0","0","True","0","0","1027"
"15","100","32958","100","True","True","0","0","0","True","0","0","1028"
"15","100","91612","100","True","True","0","0","0","True","0","0","1029"
"11","100","1884","100","True","True","0","0","0","True","0","0","1030"
"9","100","32965","100","True","True","0","0","0","True","0","0","1031"
"9","100","32967","100","True","True","0","0","0","True","0","0","1032"
"9","100","32968","100","True","True","0","0","0","True","0","0","1033"
"2","100","32989","100","True","True","0","0","0","True","0","0","1034"
"2","100","32990","100","True","True","0","0","0","True","0","0","1035"
"2","300","32991","100","True","True","0","0","0","True","0","0","1036"
"2","300","136168","100","True","True","0","0","0","True","0","0","1037"
"2","200","32992","100","True","True","0","0","0","True","0","0","1038"
"2","300","32993","100","True","True","0","0","0","True","0","0","1039"
"2","300","32995","100","True","True","0","0","0","True","0","0","1040"
"2","300","174657","100","True","True","0","0","0","True","0","0","1041"
"2","300","32997","100","True","True","0","0","0","True","0","0","1042"
"6","100","32981","100","True","True","0","0","0","True","0","0","1043"
"6","100","66925","100","True","True","0","0","0","True","0","0","1044"
"6","100","32982","100","True","True","0","0","0","True","0","0","1045"
"6","100","32983","100","True","True","0","0","0","True","0","0","1046"
"6","100","32984","100","True","True","0","0","0","True","0","0","1047"
"14","100","32979","100","True","True","0","0","0","True","0","0","1048"
"14","100","1885","100","True","True","0","0","0","True","0","0","1049"
"10","100","32985","100","True","True","0","0","0","True","0","0","1050"
"10","100","32986","100","True","True","0","0","0","True","0","0","1051"
"10","100","32987","100","True","True","0","0","0","True","0","0","1052"
"8","100","1886","100","True","True","0","0","0","True","0","0","1053"
"8","100","32999","100","True","True","0","0","0","True","0","0","1054"
"8","300","136170","100","True","True","0","0","0","True","0","0","1055"
"8","200","33000","100","True","True","0","0","0","True","0","0","1056"
"8","300","33001","100","True","True","0","0","0","True","0","0","1057"
"8","300","174663","100","True","True","0","0","0","True","0","0","1058"
"8","300","33002","100","True","True","0","0","0","True","0","0","1059"
"4","100","131819","100","True","True","0","0","0","True","0","0","1060"
"4","200","75325","100","True","True","0","0","0","True","0","0","1061"
"4","300","131755","100","True","True","0","0","0","True","0","0","1062"
"0","100","131767","100","True","True","0","0","0","True","0","0","1063"
"12","100","75480","100","True","True","0","0","0","True","0","0","1064"
"0","401","75490","100","True","True","0","0","0","True","0","0","1065"
"1","100","75478","100","True","True","0","0","0","True","0","0","1066"
"1","200","86356","100","True","True","0","0","0","True","0","0","1067"
"1","300","131771","100","True","True","0","0","0","True","0","0","1068"
"5","100","131776","100","True","True","0","0","0","True","0","0","1069"
"13","100","131782","100","True","True","0","0","0","True","0","0","1070"
"3","100","131785","100","True","True","0","0","0","True","0","0","1071"
"7","100","131788","100","True","True","0","0","0","True","0","0","1072"
"0","100","131840","100","True","True","0","0","0","True","0","0","1073"
"15","100","75437","100","True","True","0","0","0","True","0","0","1074"
"11","100","131793","100","True","True","0","0","0","True","0","0","1075"
"9","100","131796","100","True","True","0","0","0","True","0","0","1076"
"2","100","75476","100","True","True","0","0","0","True","0","0","1077"
"2","200","86368","100","True","True","0","0","0","True","0","0","1078"
"2","300","131799","100","True","True","0","0","0","True","0","0","1079"
"6","100","131803","100","True","True","0","0","0","True","0","0","1080"
"14","100","131806","100","True","True","0","0","0","True","0","0","1081"
"10","100","131809","100","True","True","0","0","0","True","0","0","1082"
"8","100","75488","100","True","True","0","0","0","True","0","0","1083"
"8","100","131812","100","True","True","0","0","0","True","0","0","1084"
"8","200","86408","100","True","True","0","0","0","True","0","0","1085"
"8","300","131815","100","True","True","0","0","0","True","0","0","1086"
"4","100","31080","100","True","True","0","0","0","True","0","0","1087"
"4","300","184808","100","True","True","0","0","0","True","0","0","1088"
"4","200","31081","100","True","True","0","0","0","True","0","0","1089"
"4","200","31082","100","True","True","0","0","0","True","0","0","1090"
"4","300","31083","100","True","True","0","0","0","True","0","0","1091"
"0","100","1785","100","True","True","0","0","0","True","0","0","1092"
"12","100","31079","100","True","True","0","0","0","True","0","0","1093"
"0","401","31084","100","True","True","0","0","0","True","0","0","1094"
"1","100","31093","100","True","True","0","0","0","True","0","0","1095"
"1","300","184809","100","True","True","0","0","0","True","0","0","1096"
"1","200","31094","100","True","True","0","0","0","True","0","0","1097"
"1","200","31095","100","True","True","0","0","0","True","0","0","1098"
"1","300","31096","100","True","True","0","0","0","True","0","0","1099"
"5","100","31086","100","True","True","0","0","0","True","0","0","1100"
"13","100","31085","100","True","True","0","0","0","True","0","0","1101"
"3","100","31091","100","True","True","0","0","0","True","0","0","1102"
"7","100","31089","100","True","True","0","0","0","True","0","0","1103"
"0","100","31087","100","True","True","0","0","0","True","0","0","1104"
"15","100","31088","100","True","True","0","0","0","True","0","0","1105"
"11","100","31090","100","True","True","0","0","0","True","0","0","1106"
"9","100","31092","100","True","True","0","0","0","True","0","0","1107"
"2","100","31099","100","True","True","0","0","0","True","0","0","1108"
"2","300","184811","100","True","True","0","0","0","True","0","0","1109"
"2","200","31100","100","True","True","0","0","0","True","0","0","1110"
"2","200","31101","100","True","True","0","0","0","True","0","0","1111"
"2","300","31102","100","True","True","0","0","0","True","0","0","1112"
"6","100","1786","100","True","True","0","0","0","True","0","0","1113"
"14","100","31097","100","True","True","0","0","0","True","0","0","1114"
"10","100","31098","100","True","True","0","0","0","True","0","0","1115"
"8","100","31103","100","True","True","0","0","0","True","0","0","1116"
"8","300","199502","100","True","True","0","0","0","True","0","0","1117"
"8","300","184812","100","True","True","0","0","0","True","0","0","1118"
"8","200","31105","100","True","True","0","0","0","True","0","0","1119"
"8","200","31106","100","True","True","0","0","0","True","0","0","1120"
"8","300","31107","100","True","True","0","0","0","True","0","0","1121"
"2","100","31118","100","True","True","0","0","0","True","0","0","1122"
"2","100","31119","100","True","True","0","0","0","True","0","0","1123"
"2","300","184619","100","True","True","0","0","0","True","0","0","1124"
"2","200","31120","100","True","True","0","0","0","True","0","0","1125"
"2","300","31121","100","True","True","0","0","0","True","0","0","1126"
"6","100","31112","100","True","True","0","0","0","True","0","0","1127"
"6","100","31113","100","True","True","0","0","0","True","0","0","1128"
"14","100","31110","100","True","True","0","0","0","True","0","0","1129"
"14","100","31111","100","True","True","0","0","0","True","0","0","1130"
"10","100","31116","100","True","True","0","0","0","True","0","0","1131"
"10","100","1787","100","True","True","0","0","0","True","0","0","1132"
"10","100","64242","100","True","True","0","0","0","True","0","0","1133"
"8","100","31123","100","True","True","0","0","0","True","0","0","1134"
"8","100","31124","100","True","True","0","0","0","True","0","0","1135"
"8","300","184621","100","True","True","0","0","0","True","0","0","1136"
"8","200","31125","100","True","True","0","0","0","True","0","0","1137"
"8","300","31126","100","True","True","0","0","0","True","0","0","1138"
"11","100","135685","100","True","True","0","0","0","True","0","0","1139"
"12","101","72876","100","True","True","0","0","0","True","0","0","1140"
"4","300","96987","100","True","True","0","0","0","True","0","0","1141"
"8","200","110490","100","True","True","0","0","0","True","0","0","1142"
"4","100","151655","100","True","True","0","0","0","True","0","0","1143"
"4","200","151979","100","True","True","0","0","0","True","0","0","1144"
"4","300","156637","100","True","True","0","0","0","True","0","0","1145"
"4","300","225196","100","True","True","0","0","0","True","0","0","1146"
"4","300","185174","100","True","True","0","0","0","True","0","0","1147"
"12","100","151143","100","True","True","0","0","0","True","0","0","1148"
"12","100","151319","100","True","True","0","0","0","True","0","0","1149"
"12","100","223766","100","True","True","0","0","0","True","0","0","1150"
"12","100","223742","100","True","True","0","0","0","True","0","0","1151"
"0","401","154952","100","True","True","0","0","0","True","0","0","1152"
"1","100","154038","100","True","True","0","0","0","True","0","0","1153"
"1","200","154056","100","True","True","0","0","0","True","0","0","1154"
"1","300","154066","100","True","True","0","0","0","True","0","0","1155"
"1","300","225197","100","True","True","0","0","0","True","0","0","1156"
"1","300","185175","100","True","True","0","0","0","True","0","0","1157"
"5","100","152562","100","True","True","0","0","0","True","0","0","1158"
"5","100","152610","100","True","True","0","0","0","True","0","0","1159"
"13","100","152038","100","True","True","0","0","0","True","0","0","1160"
"3","100","153112","100","True","True","0","0","0","True","0","0","1161"
"3","100","153250","100","True","True","0","0","0","True","0","0","1162"
"3","100","224644","100","True","True","0","0","0","True","0","0","1163"
"3","100","220797","100","True","True","0","0","0","True","0","0","1164"
"7","100","133974","100","True","True","0","0","0","True","0","0","1165"
"15","100","152935","100","True","True","0","0","0","True","0","0","1166"
"15","100","221307","100","True","True","0","0","0","True","0","0","1167"
"11","100","151698","100","True","True","0","0","0","True","0","0","1168"
"9","100","153287","100","True","True","0","0","0","True","0","0","1169"
"2","100","154687","100","True","True","0","0","0","True","0","0","1170"
"2","200","154731","100","True","True","0","0","0","True","0","0","1171"
"2","300","156649","100","True","True","0","0","0","True","0","0","1172"
"2","300","225213","100","True","True","0","0","0","True","0","0","1173"
"2","300","185176","100","True","True","0","0","0","True","0","0","1174"
"6","100","154189","100","True","True","0","0","0","True","0","0","1175"
"6","100","154233","100","True","True","0","0","0","True","0","0","1176"
"14","100","154118","100","True","True","0","0","0","True","0","0","1177"
"10","100","154639","100","True","True","0","0","0","True","0","0","1178"
"8","100","154791","100","True","True","0","0","0","True","0","0","1179"
"8","200","154821","100","True","True","0","0","0","True","0","0","1180"
"8","300","155325","100","True","True","0","0","0","True","0","0","1181"
"8","300","225214","100","True","True","0","0","0","True","0","0","1182"
"8","300","185177","100","True","True","0","0","0","True","0","0","1183"
"1","200","142380","100","True","True","0","0","0","True","0","0","1184"
"2","200","142370","100","True","True","0","0","0","True","0","0","1185"
"1","200","142387","100","True","True","0","0","0","True","0","0","1186"
"2","200","142375","100","True","True","0","0","0","True","0","0","1187"
"1","200","146825","100","True","True","0","0","0","True","0","0","1188"
"2","200","146820","100","True","True","0","0","0","True","0","0","1189"
"1","200","146835","100","True","True","0","0","0","True","0","0","1190"
"2","200","146830","100","True","True","0","0","0","True","0","0","1191"
"1","200","151256","100","True","True","0","0","0","True","0","0","1192"
"2","200","151262","100","True","True","0","0","0","True","0","0","1193"
"1","200","151265","100","True","True","0","0","0","True","0","0","1194"
"2","200","151259","100","True","True","0","0","0","True","0","0","1195"
"1","200","31071","100","True","True","0","0","0","True","0","0","1196"
"1","200","250881","100","True","True","0","0","0","True","0","0","1197"
"2","200","250882","100","True","True","0","0","0","True","0","0","1198"
"4","200","250883","100","True","True","0","0","0","True","0","0","1199"
"8","200","250884","100","True","True","0","0","0","True","0","0","1200"
"4","300","250892","100","True","True","0","0","0","True","0","0","1201"
"1","300","250893","100","True","True","0","0","0","True","0","0","1202"
"2","300","250894","100","True","True","0","0","0","True","0","0","1203"
"8","300","250895","100","True","True","0","0","0","True","0","0","1204"
"6","100","242155","100","True","True","0","0","0","True","0","0","1205"
"3","100","242190","100","True","True","0","0","0","True","0","0","1206"
"11","100","242272","100","True","True","0","0","0","True","0","0","1207"
"14","100","242295","100","True","True","0","0","0","True","0","0","1208"
"7","100","242312","100","True","True","0","0","0","True","0","0","1209"
"15","100","242326","100","True","True","0","0","0","True","0","0","1210"
"12","100","242487","100","True","True","0","0","0","True","0","0","1211"
"13","100","242678","100","True","True","0","0","0","True","0","0","1212"
"9","100","242711","100","True","True","0","0","0","True","0","0","1213"
"3","100","242801","100","True","True","0","0","0","True","0","0","1214"
"12","100","242881","100","True","True","0","0","0","True","0","0","1215"
"5","100","242935","100","True","True","0","0","0","True","0","0","1216"
"1","100","243005","100","True","True","0","0","0","True","0","0","1217"
"3","100","243101","100","True","True","0","0","0","True","0","0","1218"
"10","100","252804","100","True","True","0","0","0","True","0","0","1219"
"2","100","243895","100","True","True","0","0","0","True","0","0","1220"
"1","100","243905","100","True","True","0","0","0","True","0","0","1221"
"12","100","243923","100","True","True","0","0","0","True","0","0","1222"
"4","100","243954","100","True","True","0","0","0","True","0","0","1223"
"2","100","243970","100","True","True","0","0","0","True","0","0","1224"
"15","100","243990","100","True","True","0","0","0","True","0","0","1225"
"10","100","244026","100","True","True","0","0","0","True","0","0","1226"
"8","100","244132","100","True","True","0","0","0","True","0","0","1227"
"3","100","244152","100","True","True","0","0","0","True","0","0","1228"
"15","100","253156","100","True","True","0","0","0","True","0","0","1229"
"8","100","244230","100","True","True","0","0","0","True","0","0","1230"
"10","100","244271","100","True","True","0","0","0","True","0","0","1231"
"14","100","289062","100","True","True","0","0","0","True","0","0","1232"
"15","100","289135","100","True","True","0","0","0","True","0","0","1233"
"15","100","253322","100","True","True","0","0","0","True","0","0","1234"
"12","100","289146","100","True","True","0","0","0","True","0","0","1235"
"15","100","253395","100","True","True","0","0","0","True","0","0","1236"
"9","100","244575","100","True","True","0","0","0","True","0","0","1237"
"7","100","244617","100","True","True","0","0","0","True","0","0","1238"
"5","100","244655","100","True","True","0","0","0","True","0","0","1239"
"13","100","244673","100","True","True","0","0","0","True","0","0","1240"
"5","100","244706","100","True","True","0","0","0","True","0","0","1241"
"5","100","244722","100","True","True","0","0","0","True","0","0","1242"
"13","100","244743","100","True","True","0","0","0","True","0","0","1243"
"6","100","244800","100","True","True","0","0","0","True","0","0","1244"
"4","100","244921","100","True","True","0","0","0","True","0","0","1245"
"14","100","245024","100","True","True","0","0","0","True","0","0","1246"
"14","100","245078","100","True","True","0","0","0","True","0","0","1247"
"14","100","245132","100","True","True","0","0","0","True","0","0","1248"
"7","100","245192","100","True","True","0","0","0","True","0","0","1249"
"6","100","245204","100","True","True","0","0","0","True","0","0","1250"
"11","100","245365","100","True","True","0","0","0","True","0","0","1251"
"11","100","245507","100","True","True","0","0","0","True","0","0","1252"
"11","100","245644","100","True","True","0","0","0","True","0","0","1253"
"0","401","313270","100","True","True","0","0","0","True","0","0","1254"
"15","100","264466","100","True","True","0","0","0","True","0","0","1255"
"14","100","264528","100","True","True","0","0","0","True","0","0","1256"
"14","300","264569","100","True","True","0","0","0","True","0","0","1257"
"15","100","273529","100","True","True","0","0","0","True","0","0","1258"
"11","100","264635","100","True","True","0","0","0","True","0","0","1259"
"11","300","264647","100","True","True","0","0","0","True","0","0","1260"
"11","200","264659","100","True","True","0","0","0","True","0","0","1261"
"14","200","264685","100","True","True","0","0","0","True","0","0","1262"
"15","100","264705","100","True","True","0","0","0","True","0","0","1263"
"0","401","264731","100","True","True","0","0","0","True","0","0","1264"
"13","100","265083","100","True","True","0","0","0","True","0","0","1265"
"13","300","265096","100","True","True","0","0","0","True","0","0","1266"
"13","200","265116","100","True","True","0","0","0","True","0","0","1267"
"9","100","265223","100","True","True","0","0","0","True","0","0","1268"
"7","100","265250","100","True","True","0","0","0","True","0","0","1269"
"10","100","265297","100","True","True","0","0","0","True","0","0","1270"
"5","100","265314","100","True","True","0","0","0","True","0","0","1271"
"6","100","265327","100","True","True","0","0","0","True","0","0","1272"
"5","100","265340","100","True","True","0","0","0","True","0","0","1273"
"9","100","265362","100","True","True","0","0","0","True","0","0","1274"
"10","100","265374","100","True","True","0","0","0","True","0","0","1275"
"6","100","265411","100","True","True","0","0","0","True","0","0","1276"
"7","200","265426","100","True","True","0","0","0","True","0","0","1277"
"7","300","265492","100","True","True","0","0","0","True","0","0","1278"
"15","100","274714","100","True","True","0","0","0","True","0","0","1279"
"15","100","341938","100","True","True","0","0","0","True","0","0","1280"
"15","100","341944","100","True","True","0","0","0","True","0","0","1281"
"15","100","341945","100","True","True","0","0","0","True","0","0","1282"
"15","100","341946","0","True","True","0","0","0","True","0","0","1283"
"15","100","342012","100","True","True","0","0","0","True","0","0","1284"
"14","100","275523","100","True","True","0","0","0","True","0","0","1285"
"13","300","369634","0","True","True","0","0","0","True","0","0","1286"
"7","300","369636","0","True","True","0","0","0","True","0","0","1287"
"11","300","369637","0","True","True","0","0","0","True","0","0","1288"
"14","300","369638","0","True","True","0","0","0","True","0","0","1289"
"9","100","275906","100","True","True","0","0","0","True","0","0","1290"
"15","100","347545","100","True","True","0","0","0","True","0","0","1291"
"7","100","276728","100","True","True","0","0","0","True","0","0","1292"
"14","100","276740","100","True","True","0","0","0","True","0","0","1293"
"15","100","276863","100","True","True","0","0","0","True","0","0","1294"
"15","100","276930","100","True","True","0","0","0","True","0","0","1295"
"15","100","277106","100","True","True","0","0","0","True","0","0","1296"
"7","100","304641","100","True","True","0","0","0","True","0","0","1297"
"6","100","336087","100","True","True","0","0","0","True","0","0","1298"
"14","100","291443","100","True","True","0","0","0","True","0","0","1299"
"12","100","337223","100","True","True","0","0","0","True","0","0","1300"
"5","100","337225","100","True","True","0","0","0","True","0","0","1301"
"14","100","337226","100","True","True","0","0","0","True","0","0","1302"
"15","100","337227","100","True","True","0","0","0","True","0","0","1303"
"15","100","337228","100","True","True","0","0","0","True","0","0","1304"
"6","100","337229","100","True","True","0","0","0","True","0","0","1305"
"13","100","337230","100","True","True","0","0","0","True","0","0","1306"
"1","200","337235","100","True","True","0","0","0","True","0","0","1307"
"2","200","337236","100","True","True","0","0","0","True","0","0","1308"
"4","200","337237","100","True","True","0","0","0","True","0","0","1309"
"8","200","337238","100","True","True","0","0","0","True","0","0","1310"
"15","100","306858","100","True","True","0","0","0","True","0","0","1311"
"11","100","307397","100","True","True","0","0","0","True","0","0","1312"
"7","300","338876","100","True","True","0","0","0","True","0","0","1313"
"4","100","303211","100","True","True","0","0","0","True","0","0","1314"
"12","100","303582","100","True","True","0","0","0","True","0","0","1315"
"8","100","335067","100","True","True","0","0","0","True","0","0","1316"
"9","100","335108","100","True","True","0","0","0","True","0","0","1317"
"1","100","303875","100","True","True","0","0","0","True","0","0","1318"
"5","100","304052","100","True","True","0","0","0","True","0","0","1319"
"2","100","335456","100","True","True","0","0","0","True","0","0","1320"
"13","100","335473","100","True","True","0","0","0","True","0","0","1321"
"10","100","335589","100","True","True","0","0","0","True","0","0","1322"
"3","100","304252","100","True","True","0","0","0","True","0","0","1323"
"0","401","313270","100","True","True","0","0","0","True","0","0","1324"
"11","100","268693","100","True","True","0","0","0","True","0","0","1325"
"13","100","268705","100","True","True","0","0","0","True","0","0","1326"
"14","100","268720","100","True","True","0","0","0","True","0","0","1327"
"6","100","268742","0","True","True","0","0","0","True","0","0","1328"
"5","100","268754","0","True","True","0","0","0","True","0","0","1329"
"7","100","300113","100","True","True","0","0","0","True","0","0","1330"
"9","100","268776","0","True","True","0","0","0","True","0","0","1331"
"10","100","268788","0","True","True","0","0","0","True","0","0","1332"
"10","100","268811","100","True","True","0","0","0","True","0","0","1333"
"6","100","268824","100","True","True","0","0","0","True","0","0","1334"
"9","100","268837","100","True","True","0","0","0","True","0","0","1335"
"5","100","268860","100","True","True","0","0","0","True","0","0","1336"
"14","100","300216","100","True","True","0","0","0","True","0","0","1337"
"15","100","286817","100","True","True","0","0","0","True","0","0","1338"
"0","401","345112","100","True","True","0","0","0","True","0","0","1339"
"0","401","269017","100","True","True","0","0","0","True","0","0","1340"
"15","100","269067","100","True","True","0","0","0","True","0","0","1341"
"15","100","282621","100","True","True","0","0","0","True","0","0","1342"
"15","100","269308","100","True","True","0","0","0","True","0","0","1343"
"15","100","269342","100","True","True","0","0","0","True","0","0","1344"
"111","100","300692","100","True","True","0","0","0","True","0","0","1345"
"114","100","300701","100","True","True","0","0","0","True","0","0","1346"
"15","100","269372","100","True","True","0","0","0","True","0","0","1347"
"111","100","300736","100","True","True","0","0","0","True","0","0","1348"
"107","100","300849","100","True","True","0","0","0","True","0","0","1349"
"15","100","269529","100","True","True","0","0","0","True","0","0","1350"
"15","100","274103","100","True","True","0","0","0","True","0","0","1351"
"113","100","301052","100","True","True","0","0","0","True","0","0","1352"
"11","100","301077","100","True","True","0","0","0","True","0","0","1353"
"15","100","301282","100","True","True","0","0","0","True","0","0","1354"
"13","100","270151","100","True","True","0","0","0","True","0","0","1355"
"15","100","270161","100","True","True","0","0","0","True","0","0","1356"
"15","100","346282","100","True","True","0","0","0","True","0","0","1357"
"15","100","270228","100","True","True","0","0","0","True","0","0","1358"
"13","100","270241","100","True","True","0","0","0","True","0","0","1359"
"15","100","270254","100","True","True","0","0","0","True","0","0","1360"
"9","100","346518","100","True","True","0","0","0","True","0","0","1361"
"106","200","333100","100","True","True","0","0","0","True","0","0","1362"
"113","100","346603","100","True","True","0","0","0","True","0","0","1363"
"109","200","333245","100","True","True","0","0","0","True","0","0","1364"
"110","200","333264","100","True","True","0","0","0","True","0","0","1365"
"105","200","333279","100","True","True","0","0","0","True","0","0","1366"
"5","300","333293","100","True","True","0","0","0","True","0","0","1367"
"9","300","333305","100","True","True","0","0","0","True","0","0","1368"
"6","300","333318","100","True","True","0","0","0","True","0","0","1369"
"15","100","275125","100","True","True","0","0","0","True","0","0","1370"
"10","300","333331","100","True","True","0","0","0","True","0","0","1371"
"111","100","324397","100","True","True","0","0","0","True","0","0","1372"
"15","100","328914","100","True","True","0","0","0","True","0","0","1373"
"15","100","328961","100","True","True","0","0","0","True","0","0","1374"
"15","100","328993","100","True","True","0","0","0","True","0","0","1375"
"6","100","346934","100","True","True","0","0","0","True","0","0","1376"
"7","100","284282","100","True","True","0","0","0","True","0","0","1377"
"11","100","284377","100","True","True","0","0","0","True","0","0","1378"
"15","100","329184","100","True","True","0","0","0","True","0","0","1379"
"5","100","347119","100","True","True","0","0","0","True","0","0","1380"
"15","100","329271","100","True","True","0","0","0","True","0","0","1381"
"10","100","347293","100","True","True","0","0","0","True","0","0","1382"
"11","100","284887","100","True","True","0","0","0","True","0","0","1383"
"15","100","325223","100","True","True","0","0","0","True","0","0","1384"
"7","100","262560","100","True","True","0","0","0","True","0","0","1385"
"14","100","284961","100","True","True","0","0","0","True","0","0","1386"
"15","100","280490","100","True","True","0","0","0","True","0","0","1387"
"14","100","284990","100","True","True","0","0","0","True","0","0","1388"
"15","100","262628","100","True","True","0","0","0","True","0","0","1389"
"15","100","262645","100","True","True","0","0","0","True","0","0","1390"
"0","401","285060","100","True","True","0","0","0","True","0","0","1391"
"15","100","329968","100","True","True","0","0","0","True","0","0","1392"
"11","100","271871","100","True","True","0","0","0","True","0","0","1393"
"115","100","352506","100","True","True","0","0","0","True","0","0","1394"
"13","100","298848","100","True","True","0","0","0","True","0","0","1395"
"7","100","289933","100","True","True","0","0","0","True","0","0","1396"
"10","100","348217","0","True","True","0","0","0","True","0","0","1397"
"6","100","348399","0","True","True","0","0","0","True","0","0","1398"
"9","100","348426","0","True","True","0","0","0","True","0","0","1399"
"115","100","352998","100","True","True","0","0","0","True","0","0","1400"
"115","100","353030","100","True","True","0","0","0","True","0","0","1401"
"0","401","348615","100","True","True","0","0","0","True","0","0","1402"
"5","100","295143","0","True","True","0","0","0","True","0","0","1403"
"7","100","295410","100","True","True","0","0","0","True","0","0","1404"
"14","100","268682","100","True","True","0","0","0","True","0","0","1405"
"12","100","268848","100","True","True","0","0","0","True","0","0","1406"
"3","100","268943","100","True","True","0","0","0","True","0","0","1407"
"9","100","269047","100","True","True","0","0","0","True","0","0","1408"
"5","100","269063","100","True","True","0","0","0","True","0","0","1409"
"13","100","269081","100","True","True","0","0","0","True","0","0","1410"
"0","401","300507","100","True","True","0","0","0","True","0","0","1411"
"6","100","269183","100","True","True","0","0","0","True","0","0","1412"
"11","100","269204","100","True","True","0","0","0","True","0","0","1413"
"10","100","269227","100","True","True","0","0","0","True","0","0","1414"
"5","100","345345","0","True","True","0","0","0","True","0","0","1415"
"1","100","269240","100","True","True","0","0","0","True","0","0","1416"
"2","100","269253","100","True","True","0","0","0","True","0","0","1417"
"8","100","269271","100","True","True","0","0","0","True","0","0","1418"
"4","100","269281","100","True","True","0","0","0","True","0","0","1419"
"5","100","269427","100","True","True","0","0","0","True","0","0","1420"
"0","401","269728","100","True","True","0","0","0","True","0","0","1421"
"4","200","270859","100","True","True","0","0","0","True","0","0","1422"
"4","300","270873","100","True","True","0","0","0","True","0","0","1423"
"1","200","270898","100","True","True","0","0","0","True","0","0","1424"
"1","300","270931","100","True","True","0","0","0","True","0","0","1425"
"2","200","270960","100","True","True","0","0","0","True","0","0","1426"
"2","300","270973","100","True","True","0","0","0","True","0","0","1427"
"8","200","271005","100","True","True","0","0","0","True","0","0","1428"
"12","100","338171","100","True","True","0","0","0","True","0","0","1429"
"8","300","271019","100","True","True","0","0","0","True","0","0","1430"
"0","401","302449","100","True","True","0","0","0","True","0","0","1431"
"0","401","302554","100","True","True","0","0","0","True","0","0","1432"
"5","100","338583","100","True","True","0","0","0","True","0","0","1433"
"12","100","360993","100","True","True","0","0","0","True","0","0","1434"
"3","100","338614","100","True","True","0","0","0","True","0","0","1435"
"9","100","338627","100","True","True","0","0","0","True","0","0","1436"
"6","100","338640","100","True","True","0","0","0","True","0","0","1437"
"10","100","338652","100","True","True","0","0","0","True","0","0","1438"
"12","100","271543","100","True","True","0","0","0","True","0","0","1439"
"3","100","334238","100","True","True","0","0","0","True","0","0","1440"
"3","100","271571","100","True","True","0","0","0","True","0","0","1441"
"9","100","334307","100","True","True","0","0","0","True","0","0","1442"
"6","100","334337","100","True","True","0","0","0","True","0","0","1443"
"6","100","271661","100","True","True","0","0","0","True","0","0","1444"
"2","100","334354","100","True","True","0","0","0","True","0","0","1445"
"13","100","271684","100","True","True","0","0","0","True","0","0","1446"
"9","100","271696","100","True","True","0","0","0","True","0","0","1447"
"10","100","271724","100","True","True","0","0","0","True","0","0","1448"
"11","100","271760","100","True","True","0","0","0","True","0","0","1449"
"14","100","271842","100","True","True","0","0","0","True","0","0","1450"
"7","100","271995","100","True","True","0","0","0","True","0","0","1451"
"15","100","272180","100","True","True","0","0","0","True","0","0","1452"
"3","100","361790","100","True","True","0","0","0","True","0","0","1453"
"4","100","339528","100","True","True","0","0","0","True","0","0","1454"
"12","100","339532","100","True","True","0","0","0","True","0","0","1455"
"12","100","339533","100","True","True","0","0","0","True","0","0","1456"
"0","401","339536","100","True","True","0","0","0","True","0","0","1457"
"1","100","339541","100","True","True","0","0","0","True","0","0","1458"
"5","100","339546","100","True","True","0","0","0","True","0","0","1459"
"5","100","339547","100","True","True","0","0","0","True","0","0","1460"
"13","100","339548","100","True","True","0","0","0","True","0","0","1461"
"13","100","339549","100","True","True","0","0","0","True","0","0","1462"
"3","100","339550","100","True","True","0","0","0","True","0","0","1463"
"3","100","339551","100","True","True","0","0","0","True","0","0","1464"
"7","100","339552","100","True","True","0","0","0","True","0","0","1465"
"7","100","339553","100","True","True","0","0","0","True","0","0","1466"
"15","100","339554","100","True","True","0","0","0","True","0","0","1467"
"15","100","339555","100","True","True","0","0","0","True","0","0","1468"
"11","100","339556","100","True","True","0","0","0","True","0","0","1469"
"11","100","339557","100","True","True","0","0","0","True","0","0","1470"
"9","100","339558","100","True","True","0","0","0","True","0","0","1471"
"9","100","339559","100","True","True","0","0","0","True","0","0","1472"
"2","100","339560","100","True","True","0","0","0","True","0","0","1473"
"6","100","339565","100","True","True","0","0","0","True","0","0","1474"
"6","100","339566","100","True","True","0","0","0","True","0","0","1475"
"14","100","339567","100","True","True","0","0","0","True","0","0","1476"
"14","100","339568","100","True","True","0","0","0","True","0","0","1477"
"10","100","339569","100","True","True","0","0","0","True","0","0","1478"
"10","100","339570","100","True","True","0","0","0","True","0","0","1479"
"8","100","339571","100","True","True","0","0","0","True","0","0","1480"
"15","100","268554","100","True","True","0","0","0","True","0","0","1481"
"7","100","268617","100","True","True","0","0","0","True","0","0","1482"
"0","200","342542","0","True","True","0","0","0","True","0","0","1483"
"0","100","344012","0","True","True","0","0","0","True","0","0","1484"
"0","100","344558","0","True","True","0","0","0","True","0","0","1485"
"4","300","356572","0","True","True","0","0","0","True","0","0","1486"
"0","100","348855","0","True","True","0","0","0","True","0","0","1487"
"0","100","348859","0","True","True","0","0","0","True","0","0","1488"
"0","100","348863","0","True","True","0","0","0","True","0","0","1489"
"0","100","348867","0","True","True","0","0","0","True","0","0","1490"
"1","300","313809","100","True","True","0","0","0","True","0","0","1491"
"2","300","313810","100","True","True","0","0","0","True","0","0","1492"
"8","300","313811","100","True","True","0","0","0","True","0","0","1493"
"4","300","342449","100","True","True","0","0","0","True","0","0","1494"
"0","401","265008","100","True","True","0","0","0","True","0","0","1495"
"1","200","296503","100","True","True","0","0","0","True","0","0","1496"
"14","100","269691","100","True","True","0","0","0","True","0","0","1497"
"15","100","252122","100","True","True","0","0","0","True","0","0","1498"
"15","100","252134","100","True","True","0","0","0","True","0","0","1499"
"12","100","256831","100","True","True","0","0","0","True","0","0","1500"
"4","100","256841","100","True","True","0","0","0","True","0","0","1501"
"4","200","256851","100","True","True","0","0","0","True","0","0","1502"
"13","100","256871","100","True","True","0","0","0","True","0","0","1503"
"5","100","256881","100","True","True","0","0","0","True","0","0","1504"
"7","100","256892","100","True","True","0","0","0","True","0","0","1505"
"11","100","256902","100","True","True","0","0","0","True","0","0","1506"
"9","100","256914","100","True","True","0","0","0","True","0","0","1507"
"1","100","256924","100","True","True","0","0","0","True","0","0","1508"
"10","100","256946","100","True","True","0","0","0","True","0","0","1509"
"14","100","256956","100","True","True","0","0","0","True","0","0","1510"
"2","100","256968","100","True","True","0","0","0","True","0","0","1511"
"2","200","256978","100","True","True","0","0","0","True","0","0","1512"
"8","200","256998","100","True","True","0","0","0","True","0","0","1513"
"12","100","257230","100","True","True","0","0","0","True","0","0","1514"
"13","100","257250","100","True","True","0","0","0","True","0","0","1515"
"5","100","257260","100","True","True","0","0","0","True","0","0","1516"
"7","100","257272","100","True","True","0","0","0","True","0","0","1517"
"11","100","257284","100","True","True","0","0","0","True","0","0","1518"
"12","100","270718","100","True","True","0","0","0","True","0","0","1519"
"3","100","252815","100","True","True","0","0","0","True","0","0","1520"
"3","100","257294","100","True","True","0","0","0","True","0","0","1521"
"9","100","257317","100","True","True","0","0","0","True","0","0","1522"
"6","100","252856","100","True","True","0","0","0","True","0","0","1523"
"10","100","257344","100","True","True","0","0","0","True","0","0","1524"
"6","100","257367","100","True","True","0","0","0","True","0","0","1525"
"12","100","270887","100","True","True","0","0","0","True","0","0","1526"
"7","100","270947","100","True","True","0","0","0","True","0","0","1527"
"6","100","271090","100","True","True","0","0","0","True","0","0","1528"
"14","100","257910","100","True","True","0","0","0","True","0","0","1529"
"8","100","253804","100","True","True","0","0","0","True","0","0","1530"
"3","100","267327","100","True","True","0","0","0","True","0","0","1531"
"14","100","339865","100","True","True","0","0","0","True","0","0","1532"
"2","300","256988","100","True","True","0","0","0","True","0","0","1533"
"8","300","257008","100","True","True","0","0","0","True","0","0","1534"
"4","300","298465","100","True","True","0","0","0","True","0","0","1535"
"1","300","256934","100","True","True","0","0","0","True","0","0","1536"
"13","200","264672","100","True","True","0","0","0","True","0","0","1537"
"7","200","264774","100","True","True","0","0","0","True","0","0","1538"
"14","200","264882","100","True","True","0","0","0","True","0","0","1539"
"11","200","264982","100","True","True","0","0","0","True","0","0","1540"
"15","100","246239","100","True","True","0","0","0","True","0","0","1541"
"15","100","246250","100","True","True","0","0","0","True","0","0","1542"
"15","100","246262","100","True","True","0","0","0","True","0","0","1543"
"15","100","246273","100","True","True","0","0","0","True","0","0","1544"
"15","100","246291","100","True","True","0","0","0","True","0","0","1545"
"15","100","246302","100","True","True","0","0","0","True","0","0","1546"
"15","100","246327","100","True","True","0","0","0","True","0","0","1547"
"15","100","246340","100","True","True","0","0","0","True","0","0","1548"
"0","401","246405","100","True","True","0","0","0","True","0","0","1549"
"14","100","237510","100","True","True","0","0","0","True","0","0","1550"
"13","100","237571","100","True","True","0","0","0","True","0","0","1551"
"15","100","246704","100","True","True","0","0","0","True","0","0","1552"
"15","100","340754","100","True","True","0","0","0","True","0","0","1553"
"7","100","332058","100","True","True","0","0","0","True","0","0","1554"
"11","100","332073","100","True","True","0","0","0","True","0","0","1555"
"13","100","359083","100","True","True","0","0","0","True","0","0","1557"
"7","100","359086","100","True","True","0","0","0","True","0","0","1558"
"11","100","359088","100","True","True","0","0","0","True","0","0","1559"
"14","100","359090","100","True","True","0","0","0","True","0","0","1560"
"15","100","359092","100","True","True","0","0","0","True","0","0","1561"
"5","100","341265","100","True","True","0","0","0","True","0","0","1562"
"15","100","251911","0","True","True","0","0","0","True","0","0","1563"
"9","100","341531","100","True","True","0","0","0","True","0","0","1564"
"6","100","341725","100","True","True","0","0","0","True","0","0","1565"
"11","300","265624","100","True","True","0","0","0","True","0","0","1566"
"14","300","265655","100","True","True","0","0","0","True","0","0","1567"
"7","300","265678","100","True","True","0","0","0","True","0","0","1568"
"13","300","265693","100","True","True","0","0","0","True","0","0","1569"
"15","100","341806","100","True","True","0","0","0","True","0","0","1570"
"15","100","341891","100","True","True","0","0","0","True","0","0","1571"
"15","100","306396","100","True","True","0","0","0","True","0","0","1572"
"10","100","342231","100","True","True","0","0","0","True","0","0","1573"
"13","100","252719","100","True","True","0","0","0","True","0","0","1574"
"15","100","342277","100","True","True","0","0","0","True","0","0","1575"
"7","100","252743","100","True","True","0","0","0","True","0","0","1576"
"15","100","342297","100","True","True","0","0","0","True","0","0","1577"
"11","100","252766","100","True","True","0","0","0","True","0","0","1578"
"14","100","252776","100","True","True","0","0","0","True","0","0","1579"
"15","100","306645","100","True","True","0","0","0","True","0","0","1580"
"15","100","342468","100","True","True","0","0","0","True","0","0","1581"
"15","100","306743","100","True","True","0","0","0","True","0","0","1582"
"15","100","342612","100","True","True","0","0","0","True","0","0","1583"
"15","100","338161","100","True","True","0","0","0","True","0","0","1584"
"15","100","342647","100","True","True","0","0","0","True","0","0","1585"
"15","100","342662","100","True","True","0","0","0","True","0","0","1586"
"15","100","338274","100","True","True","0","0","0","True","0","0","1587"
"15","100","306986","100","True","True","0","0","0","True","0","0","1588"
"15","100","257822","100","True","True","0","0","0","True","0","0","1589"
"11","100","235619","100","True","True","0","0","0","True","0","0","1590"
"13","100","235631","100","True","True","0","0","0","True","0","0","1591"
"7","100","235642","100","True","True","0","0","0","True","0","0","1592"
"14","100","235653","100","True","True","0","0","0","True","0","0","1593"
"6","100","235664","0","True","True","0","0","0","True","0","0","1594"
"10","100","235676","0","True","True","0","0","0","True","0","0","1595"
"9","100","235698","0","True","True","0","0","0","True","0","0","1596"
"5","100","235710","0","True","True","0","0","0","True","0","0","1597"
"9","100","235847","100","True","True","0","0","0","True","0","0","1598"
"5","100","235859","100","True","True","0","0","0","True","0","0","1599"
"10","100","235870","100","True","True","0","0","0","True","0","0","1600"
"6","100","235881","100","True","True","0","0","0","True","0","0","1601"
"15","100","339223","100","True","True","0","0","0","True","0","0","1602"
"15","100","339253","100","True","True","0","0","0","True","0","0","1603"
"13","100","312467","100","True","True","0","0","0","True","0","0","1604"
"3","100","267877","0","True","True","0","0","0","True","0","0","1605"
"15","100","250056","100","True","True","0","0","0","True","0","0","1606"
"15","100","303888","100","True","True","0","0","0","True","0","0","1607"
"15","100","246020","100","True","True","0","0","0","True","0","0","1608"
"15","100","246038","100","True","True","0","0","0","True","0","0","1609"
"15","100","246058","100","True","True","0","0","0","True","0","0","1610"
"15","100","246073","100","True","True","0","0","0","True","0","0","1611"
"15","100","246091","100","True","True","0","0","0","True","0","0","1612"
"15","100","246176","100","True","True","0","0","0","True","0","0","1613"
"15","100","246188","100","True","True","0","0","0","True","0","0","1614"
"15","100","246202","100","True","True","0","0","0","True","0","0","1615"
"15","100","246214","100","True","True","0","0","0","True","0","0","1616"
"15","100","246227","100","True","True","0","0","0","True","0","0","1617"
"7","100","362633","100","True","True","0","0","0","True","0","0","1618"
"11","100","362634","100","True","True","0","0","0","True","0","0","1619"
"14","100","362635","100","True","True","0","0","0","True","0","0","1620"